:020000040800F2
:1000000000000220911C0008911B00089F1B0008A3
:10001000A51B0008AB1B0008B11B00080000000076
:10002000000000000000000000000000B71B0008F6
:10003000C51B000800000000D31B0008E11B0008DE
:10004000E11C0008E11C0008E11C0008E11C00089C
:10005000E11C0008E11C0008E11C0008E11C00088C
:10006000E11C0008E11C0008E11C0008ED1B000871
:10007000E11C0008E11C0008E11C0008011C00084C
:10008000E11C0008E11C0008E11C0008151C000828
:10009000291C0008E11C0008E11C0008E11C000804
:1000A000E11C0008E11C0008E11C0008E11C00083C
:1000B000E11C0008E11C0008E11C0008E11C00082C
:1000C000E11C0008E11C0008E11C0008E11C00081C
:1000D000E11C00083D1C0008511C0008E11C000840
:1000E000E11C0008E11C0008E11C0008E11C0008FC
:1000F000E11C0008E11C0008E11C0008E11C0008EC
:10010000E11C0008E11C0008E11C0008E11C0008DB
:10011000E11C0008E11C0008E11C0008E11C0008CB
:10012000E11C0008E11C0008E11C0008E11C0008BB
:10013000E11C00080000000000000000E11C0008B5
:10014000E11C0008E11C0008E11C0008E11C00089B
:10015000E11C0008E11C0008E11C0008E11C00088B
:10016000E11C0008E11C0008E11C0008E11C00087B
:10017000E11C0008E11C0008E11C00080000000070
:1001800000000000E11C000800000000000000006A
:10019000E11C00080000000000000000E11C000855
:1001A000000000000000000000000000E11C00084A
:1001B000E11C0008E11C0008E11C0008E11C00082B
:0401C000E11C000836
:1001C80010B5054C237833B9044B13B10448AFF389
:1001D80000800123237010BD1800002000000000DB
:1001E800F0D5000808B5034B1BB103490348AFF32A
:1001F800008008BD000000001C000020F0D50008A9
:1002080081F0004102E000BF83F0004330B54FEABF
:1002180041044FEA430594EA050F08BF90EA020F2C
:100228001FBF54EA000C55EA020C7FEA645C7FEABF
:10023800655C00F0E2804FEA5454D4EB5555B8BFE2
:100248006D420CDD2C4480EA020281EA030382EA53
:10025800000083EA010180EA020281EA0303362DE5
:1002680088BF30BD11F0004F4FEA01314FF4801CB8
:100278004CEA113102D0404261EB410113F0004FCA
:100288004FEA03334CEA133302D0524263EB430381
:1002980094EA050F00F0A780A4F10104D5F1200E1F
:1002A8000DDB02FA0EFC22FA05F2801841F100017A
:1002B80003FA0EF2801843FA05F359410EE0A5F14E
:1002C80020050EF1200E012A03FA0EFC28BF4CF07F
:1002D800020C43FA05F3C01851EBE37101F0004535
:1002E80007D54FF0000EDCF1000C7EEB00006EEB42
:1002F8000101B1F5801F1BD3B1F5001F0CD34908CC
:100308005FEA30004FEA3C0C04F101044FEA445222
:1003180012F5800F80F09A80BCF1004F08BF5FEAA9
:10032800500C50F1000041EB045141EA050130BD89
:100338005FEA4C0C404141EB0101013C28BFB1F59B
:10034800801FE9D291F0000F04BF01460020B1FAE6
:1003580081F308BF2033A3F10B03B3F120020CDAB9
:100368000C3208DD02F1140CC2F10C0201FA0CF097
:1003780021FA02F10CE002F11402D8BFC2F1200CFC
:1003880001FA02F120FA0CFCDCBF41EA0C019040B2
:10039800E41AA2BF01EB0451294330BD6FEA0404FB
:1003A8001F3C1CDA0C340EDC04F11404C4F12002E6
:1003B80020FA04F001FA02F340EA030021FA04F3F8
:1003C80045EA030130BDC4F10C04C4F1200220FA4F
:1003D80002F001FA04F340EA0300294630BD21FA8D
:1003E80004F0294630BD94F0000F83F4801306BF53
:1003F80081F480110134013D4EE77FEA645C18BF47
:100408007FEA655C29D094EA050F08BF90EA020FDD
:1004180005D054EA000C04BF1946104630BD91EAD5
:10042800030F1EBF0021002030BD5FEA545C05D1D8
:100438004000494128BF41F0004130BD14F5800417
:100448003CBF01F5801130BD01F0004545F0FE418B
:1004580041F470014FF0000030BD7FEA645C1ABFC0
:10046800194610467FEA655C1CBF0B46024650EAF7
:10047800013406BF52EA033591EA030F41F4002123
:1004880030BD00BF90F0000F04BF0021704730B5A9
:100498004FF4806404F132044FF000054FF000017E
:1004A80050E700BF90F0000F04BF0021704730B53F
:1004B8004FF4806404F1320410F0004548BF404214
:1004C8004FF000013EE700BF42004FEAE2014FEA69
:1004D80031014FEA02701FBF12F07F4393F07F4F44
:1004E80081F06051704732F07F4208BF704793F047
:1004F8007F4F04BF41F40021704730B54FF460745A
:1005080001F0004521F000411CE700BF50EA01025C
:1005180008BF704730B54FF000050AE050EA010205
:1005280008BF704730B511F0004502D5404261EB75
:1005380041014FF4806404F132045FEA915C3FF4B6
:10054800D8AE4FF003025FEADC0C18BF03325FEA53
:10055800DC0C18BF033202EBDC02C2F1200300FA04
:1005680003FC20FA02F001FA03FE40EA0E0021FA29
:1005780002F11444BDE600BF70B54FF0FF0C4CF417
:10058800E06C1CEA11541DBF1CEA135594EA0C0FC9
:1005980095EA0C0F00F0DEF82C4481EA030621EA04
:1005A8004C5123EA4C5350EA013518BF52EA03353F
:1005B80041F4801143F4801338D0A0FB02CE4FF0F1
:1005C8000005E1FB02E506F00042E0FB03E54FF021
:1005D8000006E1FB03569CF0000F18BF4EF0010E19
:1005E800A4F1FF04B6F5007F64F5407404D25FEA15
:1005F8004E0E6D4146EB060642EAC62141EA5551C8
:100608004FEAC52040EA5E504FEACE2EB4F1FD0C09
:1006180088BFBCF5E06F1ED8BEF1004F08BF5FEA87
:10062800500E50F1000041EB045170BD06F0004639
:1006380046EA010140EA020081EA0301B4EB5C04E6
:10064800C2BFD4EB0C0541EA045170BD41F48011DE
:100658004FF0000E013C00F3AB8014F1360FDEBF03
:10066800002001F0004170BDC4F10004203C35DADF
:100678000C341BDC04F11404C4F1200500FA05F362
:1006880020FA04F001FA05F240EA020001F0004203
:1006980021F0004110EBD37021FA04F642EB060179
:1006A8005EEA430E08BF20EAD37070BDC4F10C04A3
:1006B800C4F1200500FA04F320FA05F001FA04F267
:1006C80040EA020001F0004110EBD37041F1000153
:1006D8005EEA430E08BF20EAD37070BDC4F120055E
:1006E80000FA05F24EEA020E20FA04F301FA05F2C6
:1006F80043EA020321FA04F001F0004121FA04F26E
:1007080020EA020000EBD3705EEA430E08BF20EA3D
:10071800D37070BD94F0000F0FD101F00046400077
:1007280041EB010111F4801F08BF013CF7D041EAF9
:10073800060195F0000F18BF704703F000465200FD
:1007480043EB030313F4801F08BF013DF7D043EACE
:100758000603704794EA0C0F0CEA135518BF95EA84
:100768000C0F0CD050EA410618BF52EA4306D1D10B
:1007780081EA030101F000414FF0000070BD50EA2A
:10078800410606BF1046194652EA430619D094EAB4
:100798000C0F02D150EA013613D195EA0C0F05D19E
:1007A80052EA03361CBF104619460AD181EA0301F2
:1007B80001F0004141F0FE4141F470014FF00000AA
:1007C80070BD41F0FE4141F4780170BD70B54FF045
:1007D800FF0C4CF4E06C1CEA11541DBF1CEA1355C5
:1007E80094EA0C0F95EA0C0F00F0A7F8A4EB0504A7
:1007F80081EA030E52EA03354FEA013100F088809E
:100808004FEA03334FF0805545EA131343EA126366
:100818004FEA022245EA111545EA10654FEA00261B
:100828000EF000419D4208BF964244F1FD0404F5D4
:10083800407402D25B084FEA3202B61A65EB030530
:100848005B084FEA32024FF480104FF4002CB6EBED
:10085800020E75EB030E22BFB61A754640EA0C006D
:100868005B084FEA3202B6EB020E75EB030E22BFAD
:10087800B61A754640EA5C005B084FEA3202B6EBEE
:10088800020E75EB030E22BFB61A754640EA9C00AD
:100898005B084FEA3202B6EB020E75EB030E22BF7D
:1008A800B61A754640EADC0055EA060E18D04FEA3B
:1008B800051545EA16754FEA06164FEAC30343EADB
:1008C80052734FEAC2025FEA1C1CC0D111F4801FA8
:1008D8000BD141EA00014FF000004FF0004CB6E7A1
:1008E80011F4801F04BF01430020B4F1FD0C88BF40
:1008F800BCF5E06F3FF6AFAEB5EB030C04BFB6EB4B
:10090800020C5FEA500C50F1000041EB045170BD3D
:100918000EF0004E4EEA113114EB5C04C2BFD4EB6A
:100928000C0541EA045170BD41F480114FF0000EEE
:10093800013C90E645EA060E8DE60CEA135594EA6A
:100948000C0F08BF95EA0C0F3FF43BAF94EA0C0F6D
:100958000AD150EA01347FF434AF95EA0C0F7FF4E2
:1009680025AF104619462CE795EA0C0F06D152EA36
:1009780003353FF4FDAE1046194622E750EA41061A
:1009880018BF52EA43067FF4C5AE50EA41047FF42B
:100998000DAF52EA43057FF4EBAE12E74FF0FF3C90
:1009A80006E000BF4FF0010C02E000BF4FF0010C61
:1009B8004DF804CD4FEA410C7FEA6C5C4FEA430CDA
:1009C80018BF7FEA6C5C1BD001B050EA410C0CBF29
:1009D80052EA430C91EA030F02BF90EA020F00208B
:1009E800704710F1000F91EA030F58BF994208BFF2
:1009F80090422CBFD8176FEAE37040F001007047AF
:100A08004FEA410C7FEA6C5C02D150EA013C07D105
:100A18004FEA430C7FEA6C5CD6D152EA033CD3D050
:100A28005DF8040B704700BF8446104662468C464A
:100A38001946634600E000BF01B5FFF7B7FF00287D
:100A480048BF10F1000F01BD4DF808EDFFF7F4FFA6
:100A58000CBF012000205DF808FB00BF4DF808ED31
:100A6800FFF7EAFF34BF012000205DF808FB00BF54
:100A78004DF808EDFFF7E0FF94BF012000205DF876
:100A880008FB00BF4DF808EDFFF7CEFF94BF01202B
:100A980000205DF808FB00BF4DF808EDFFF7C4FF24
:100AA80034BF012000205DF808FB00BF4FEA410277
:100AB80012F5001215D211D56FF47873B3EB6252A8
:100AC80012D94FEAC12343F0004343EA505311F0CF
:100AD800004F23FA02F018BF404270474FF0000061
:100AE800704750EA013005D111F0004008BF6FF09F
:100AF800004070474FF00000704700BF4A0011D215
:100B080012F5001211D20DD56FF47873B3EB62525F
:100B18000ED44FEAC12343F0004343EA505323FA6B
:100B280002F070474FF00000704750EA013002D1E0
:100B38004FF0FF3070474FF00000704753B94AB983
:100B4800002908BF00281CBF4FF0FF314FF0FF30CD
:100B580000F074B9ADF1080C6DE904CE00F006F8A8
:100B6800DDF804E0DDE9022304B070472DE9F04721
:100B7800089D04468E46002B4DD18A42944669D979
:100B8800B2FA82F252B101FA02F3C2F1200120FA5C
:100B980001F10CFA02FC41EA030E94404FEA1C48AA
:100BA800210CBEFBF8F61FFA8CF708FB16E341EAA6
:100BB800034306FB07F199420AD91CEB030306F12C
:100BC800FF3080F01F81994240F21C81023E63444D
:100BD8005B1AA4B2B3FBF8F008FB103344EA0344F1
:100BE80000FB07F7A7420AD91CEB040400F1FF3306
:100BF80080F00A81A74240F207816444023840EA43
:100C08000640E41B00261DB1D4400023C5E900437B
:100C18003146BDE8F0878B4209D9002D00F0EF80FE
:100C28000026C5E9000130463146BDE8F087B3FA31
:100C380083F6002E4AD18B4202D3824200F2F98019
:100C4800841A61EB030301209E46002DE0D0C5E91C
:100C5800004EDDE702B9FFDEB2FA82F2002A40F068
:100C68009280A1EB0C014FEA1C471FFA8CFE01266B
:100C7800200CB1FBF7F307FB131140EA01410EFB0F
:100C880003F0884208D91CEB010103F1FF3802D2B6
:100C9800884200F2CB804346091AA4B2B1FBF7F0B0
:100CA80007FB101144EA01440EFB00FEA64508D9D3
:100CB8001CEB040400F1FF3102D2A64500F2BB8010
:100CC8000846A4EB0E0440EA03409CE7C6F120075F
:100CD800B34022FA07FC4CEA030C20FA07F401FAA5
:100CE80006F31C43F9404FEA1C4900FA06F3B1FB2E
:100CF800F9F8200C1FFA8CFE09FB181140EA014193
:100D080008FB0EF0884202FA06F20BD91CEB01012F
:100D180008F1FF3A80F08880884240F28580A8F187
:100D280002086144091AA4B2B1FBF9F009FB1011D9
:100D380044EA014100FB0EFE8E4508D91CEB010177
:100D480000F1FF346CD28E456AD90238614440EA1A
:100D58000840A0FB0294A1EB0E01A142C846A6469A
:100D680056D353D05DB1B3EB080261EB0E0101FA23
:100D780007F722FA06F3F1401F43C5E90071002680
:100D88003146BDE8F087C2F12003D8400CFA02FCD6
:100D980021FA03F3914001434FEA1C471FFA8CFEE6
:100DA800B3FBF7F007FB10360B0C43EA064300FBD6
:100DB8000EF69E4204FA02F408D91CEB030300F174
:100DC800FF382FD29E422DD9023863449B1B89B22B
:100DD800B3FBF7F607FB163341EA034106FB0EF3B4
:100DE8008B4208D91CEB010106F1FF3816D28B4261
:100DF80014D9023E6144C91A46EA004638E72E462D
:100E0800284605E70646E3E61846F8E64B45A9D224
:100E1800B9EB020864EB0C0E0138A3E74646EAE793
:100E2800204694E74046D1E7D0467BE7023B614441
:100E380032E7304609E76444023842E7704700BFAA
:100E480080B400AF054B5B69044A83F400435361E7
:100E580000BFBD465DF8047B704700BF0004024038
:100E680080B500AF034805F0A7FD034805F0A4FDD1
:100E780000BF80BDB0240020A824002080B500AFAA
:100E88004FF4FA720549064809F0D7FB6422054970
:100E9800054809F0D2FB00BF80BD00BF3400002028
:100EA800490E000838000020690E000880B500AF20
:100EB80000F080F800F01AF800F0DAF800F0AEF868
:100EC80000F086F800F03EF800F054F805F0BEFC9B
:100ED80003461A46034B1A70034805F0BFFD00BFCE
:100EE80080BD00BF90020020850E000880B500AFCD
:100EF80004220121002005F067FC01224FF48071D3
:100F08000E4805F0FFFB01224FF400710C4805F074
:100F1800F9FB01224FF48071094805F0F3FB012227
:100F28008021074805F0EEFB01224021044805F026
:100F3800E9FB05F0A3FC00BF80BD00BF0000024034
:100F48000008024080B500AF0749084809F0BAFB1D
:100F5800064809F0C9FB054806F050FC044805F0AE
:100F68007DFD00BF80BD00BF4C020020E82C0020A2
:100F7800F577000880B500AF0A490B4809F0A2FBD5
:100F88004FF400420949084809F0C4FB064809F033
:100F9800ABFB054809F0DCF8054805F05FFD00BF2C
:100FA80080BD00BF08020020BC24002000000240D1
:100FB80041A4000880B500AF01220349034805F0A9
:100FC80069FD00BF80BD00BF8C3B00205435002068
:100FD80080B582B002AF0A4B019300230093094BFE
:100FE80000220949094807F02DF9094A0949074823
:100FF80007F07CF9084805F031FD00BFBD4680BD0B
:1010080070000020B8000020000100208C3B002068
:1010180024350020143500201983000880B584B0D9
:1010280004AF0123029300230193202300930C4B68
:10103800002200210B4809F005FA0123029301233D
:10104800019310230093064B01220021064809F062
:10105800F9F9064805F002FD00BFBD4680BD00BF96
:10106800000802401435002024350020F1A40008AF
:1010780080B500AF044805F055FC0349034805F066
:1010880089FC00BF80BD00BF3C0000209402002006
:1010980080B582B000AF0023FB7000F01FFE00F0A7
:1010A8005FF800F099FA00F06FFA00F0CDF800F060
:1010B80067F900F0BDF900F03DFA00F015F900F00D
:1010C8000FFA00F0F7F8234802F02DFC01224FF444
:1010D800804121480AF0A0FB01224FF400511E482C
:1010E8000AF094FEFFF7E2FE05F0B0FB034601218B
:1010F80018460AF063FB19480AF02AFB05F000FFBE
:1011080005F0E8F9786809F078FA0346B3F5FA7F4C
:1011180016D3FB78002B04D106F024F90123FB70C9
:101128000BE0FB78012B04D106F0F6F90223FB70E3
:1011380003E006F0A1F90023FB7009F077FA786064
:1011480005F06CFC0AF0AEFD0BF050F8014802F017
:10115800EAFBD7E764000020000402403C000020BE
:1011680080B594B000AF07F11C0334220021184663
:101178000CF0B2F907F1080300221A605A609A606D
:10118800DA601A6100237B602D4B1B6C2C4A43F0FC
:10119800805313642A4B1B6C03F080537B607B687D
:1011A80000233B60274B1B68264A43F440431360E7
:1011B800244B1B6803F440433B603B680923FB61F5
:1011C8004FF480333B6201233B6302237B634FF47C
:1011D8008003BB630423FB63B4233B6402237B6467
:1011E8000223BB640223FB6407F11C03184602F0C8
:1011F80045FF0346002B01D000F08EFA02F0A4FB55
:101208000346002B01D000F087FA0F23BB600223AE
:10121800FB6000233B614FF4A0537B614FF4805384
:10122800BB6107F108030521184602F0DDFB034600
:10123800002B01D000F070FA00BF5037BD4680BDCA
:10124800003802400070004080B500AF174B184AC4
:101258001A60164B05225A60144B00229A60134BF1
:101268000022DA60114B4FF480221A610F4B4FF4C1
:1012780000125A610D4B00221A760C4B01225A7645
:101288000A4B00229A76094B0022DA76074B002295
:101298001A77064B00225A77044800F091FD03465E
:1012A800002B01D000F038FA00BF80BD3C000020C0
:1012B8000064004080B500AF094B0A4A1A60084B29
:1012C80000225A60064B40F6FF729A60044802F00A
:1012D800E8FA0346002B01D000F01EFA00BF80BDDB
:1012E800640000200030004080B586B000AF07F1F0
:1012F800080300221A605A609A60DA603B460022AE
:101308001A605A601D4B4FF080421A601B4B002236
:101318005A601A4B00229A60184B0022DA60174B69
:1013280000221A61154B00229A61144803F044F90F
:101338000346002B01D000F0EFF94FF48053BB6057
:1013480007F1080319460D4803F01CFD0346002B5E
:1013580001D000F0E1F900233B6000237B603B46AD
:101368001946064804F0C8F90346002B01D000F0DE
:10137800D3F900BF1837BD4680BD00BF70000020FC
:1013880080B58AB000AF07F1200300221A605A60C6
:101398003B1D00221A605A609A60DA601A615A612D
:1013A8009A61214B214A1A601F4B00225A601E4B3A
:1013B80000229A601C4BB322DA601B4B00221A6190
:1013C800194B00229A61184803F045F90346002B8F
:1013D80001D000F0A1F900233B6200237B6207F1F2
:1013E80020031946104804F087F90346002B01D062
:1013F80000F092F970237B600023BB600023FB6040
:1014080000237B613B1D00221946074803F0FCFBC3
:101418000346002B01D000F07FF9034800F0C8FA1A
:1014280000BF2837BD4680BDB8000020000400403A
:1014380080B58AB000AF07F1200300221A605A6015
:101448003B1D00221A605A609A60DA601A615A617C
:101458009A61214B214A1A601F4B00225A601E4B89
:1014680000229A601C4BB322DA601B4B00221A61DF
:10147800194B00229A61184803F0EDF80346002B37
:1014880001D000F049F900233B6200237B6207F199
:1014980020031946104804F02FF90346002B01D009
:1014A80000F03AF970237B600023BB600023FB60E7
:1014B80000237B613B1D00221946074803F0A4FB6B
:1014C8000346002B01D000F027F9034800F070FA1A
:1014D80000BF2837BD4680BD00010020000800403D
:1014E80080B500AF114B124A1A60104B4FF4E1322D
:1014F8005A600E4B00229A600C4B0022DA600B4BAC
:1015080000221A61094B0C225A61084B00229A6189
:10151800064B0022DA61054804F06AF90346002BFD
:1015280001D000F0F9F800BF80BD00BF080200201C
:101538000010014080B500AF114B124A1A60104BE1
:101548004FF416525A600E4B00229A600C4B002240
:10155800DA600B4B00221A61094B0C225A61084BC6
:1015680000229A61064B0022DA61054804F040F92E
:101578000346002B01D000F0CFF800BF80BD00BFAC
:101588004C0200200044004080B582B000AF002328
:101598007B60104B1B6B0F4A43F4001313630D4B16
:1015A8001B6B03F400137B607B68002200210B2077
:1015B80001F079FB0B2001F092FB002200210F20A3
:1015C80001F071FB0F2001F08AFB00BF0837BD4610
:1015D80080BD00BF0038024080B58AB000AF07F177
:1015E800140300221A605A609A60DA601A610023B4
:1015F8003B61454B1B6B444A43F080031363424BEA
:101608001B6B03F080033B613B690023FB603E4B8F
:101618001B6B3D4A43F0010313633B4B1B6B03F009
:101628000103FB60FB680023BB60374B1B6B364A2A
:1016380043F004031363344B1B6B03F00403BB60D8
:10164800BB6800237B60304B1B6B2F4A43F00203BF
:1016580013632D4B1B6B03F002037B607B68012235
:101668004FF46041294802F003F900224FF4004189
:10167800274802F0FDF84FF47C737B610023BB61BF
:101688000023FB6107F114031946224801F044FFC7
:1016980003237B610023BB610023FB6107F1140373
:1016A80019461A4801F038FF4FF460437B61012363
:1016B800BB610023FB6100233B6207F11403194659
:1016C800124801F029FF4FF480737B610023BB614E
:1016D8000023FB6107F1140319460D4801F01CFFB4
:1016E8004FF400437B610123BB610023FB610323AB
:1016F8003B6207F114031946054801F00DFF00BFCE
:101708002837BD4680BD00BF0038024000040240B3
:10171800000002400008024080B400AF00BFBD4690
:101728005DF8047B7047000080B483B000AF0023ED
:101738007B60104B5B6C0F4A43F4804353640D4B42
:101748005B6C03F480437B607B6800233B60094B40
:101758001B6C084A43F080531364064B1B6C03F060
:1017680080533B603B6800BF0C37BD465DF8047B87
:10177800704700BF0038024080B58AB000AF78607B
:1017880007F1140300221A605A609A60DA601A613D
:101798007B681B68214A93423CD100233B61204B64
:1017A8001B6C1F4A43F0007313641D4B1B6C03F042
:1017B80000733B613B690023FB60194B1B6B184AA4
:1017C80043F001031363164B1B6B03F00103FB602B
:1017D800FB684FF4C0537B610223BB610023FB61AC
:1017E80003233B6209237B6207F1140319460D4862
:1017F80001F092FE00220321132001F054FA132075
:1018080001F06DFA00220221142001F04CFA142094
:1018180001F065FA00BF2837BD4680BD006400406E
:10182800003802400000024080B485B000AF786004
:101838007B681B68B3F1804F0DD10023FB60094B17
:101848001B6C084A43F001031364064B1B6C03F03E
:101858000103FB60FB6800BF1437BD465DF8047BDD
:10186800704700BF0038024080B584B000AF786090
:101878007B681B68474A934244D10023FB60464B70
:101888001B6C454A43F002031364434B1B6C03F083
:101898000203FB60FB68414B414A1A603F4B4FF023
:1018A80020625A603D4B40229A603C4B0022DA602D
:1018B8003A4B4FF480621A61384B4FF400625A6118
:1018C800364B4FF400529A61344B0022DA61334BA5
:1018D80000221A62314B00225A62304801F01AFA8B
:1018E8000346002B01D0FFF717FF7B682B4A5A628B
:1018F8002A4A7B6893637B68284A9A63274A7B68ED
:10190800936342E07B681B68264A93423DD10023DB
:10191800BB60214B1B6C204A43F0040313641E4B2D
:101928001B6C03F00403BB60BB681F4B1F4A1A60A3
:101938001D4B4FF080625A601B4B40229A601A4B35
:101948000022DA60184B4FF480621A61164B4FF48C
:1019580000625A61144B4FF400529A61124B0022F4
:10196800DA61114B00221A620F4B00225A620E48AC
:1019780001F0D0F90346002B01D0FFF7CDFE7B68BC
:10198800094A5A62084A7B68936300BF1037BD460C
:1019980080BD00BF0004004000380240480100201C
:1019A8007060024000080040A8010020106002405A
:1019B80080B58AB000AF786007F1140300221A607E
:1019C8005A609A60DA601A617B681B68244A9342FD
:1019D8001ED100233B61234B1B6B224A43F00203B9
:1019E8001363204B1B6B03F002033B613B6910231D
:1019F8007B610223BB610223FB6100233B6202235C
:101A08007B6207F114031946174801F085FD22E0AF
:101A18007B681B68154A93421DD10023FB60114B5C
:101A28001B6B104A43F0020313630E4B1B6B03F04E
:101A38000203FB60FB6840237B610223BB61022336
:101A4800FB6100233B6202237B6207F11403194602
:101A5800054801F061FD00BF2837BD4680BD00BFC5
:101A68000004004000380240000402400008004022
:101A780080B58CB000AF786007F11C0300221A60B3
:101A88005A609A60DA601A617B681B683A4A934226
:101A980035D10023BB61394B5B6C384A43F01003E6
:101AA8005364364B5B6C03F01003BB61BB690023C6
:101AB8007B61324B1B6B314A43F0010313632F4B9D
:101AC8001B6B03F001037B617B694FF4C063FB610F
:101AD80002233B6200237B620323BB620723FB6272
:101AE80007F11C031946264801F016FD00220021C3
:101AF800252001F0D8F8252001F0F1F838E07B68BE
:101B08001B68204A934233D100233B611B4B1B6C5B
:101B18001A4A43F400331364184B1B6C03F4003364
:101B28003B613B690023FB60144B1B6B134A43F07A
:101B380001031363114B1B6B03F00103FB60FB688C
:101B48000C23FB6102233B6200237B620323BB62FD
:101B58000723FB6207F11C031946094801F0DCFC66
:101B680000220421262001F09EF8262001F0B7F873
:101B780000BF3037BD4680BD00100140003802402C
:101B8800000002400044004080B400AF00BFBD46E2
:101B98005DF8047B704780B400AFFEE780B400AF07
:101BA800FEE780B400AFFEE780B400AFFEE780B484
:101BB80000AF00BFBD465DF8047B704780B400AF3E
:101BC80000BFBD465DF8047B704780B400AF00BF1E
:101BD800BD465DF8047B704780B500AF00F0D0F8D3
:101BE80000BF80BD80B500AF024801F02BFA00BFEE
:101BF80080BD00BFA801002080B500AF024801F0F9
:101C080021FA00BF80BD00BF4801002080B500AFA9
:101C1800024800F03DFD00BF80BD00BF3C00002031
:101C280080B500AF024800F033FD00BF80BD00BFA3
:101C38003C00002080B500AF024803F09BFE00BFC7
:101C480080BD00BF0802002080B500AF024803F045
:101C580091FE00BF80BD00BF4C02002080B400AFE1
:101C6800084BD3F88830074A43F47003C2F8883029
:101C7800044B4FF000629A6000BFBD465DF8047BDC
:101C8800704700BF00ED00E0DFF834D0002103E02A
:101C98000C4B5B58435004310B480C4B42189A428A
:101CA800F6D30B4A02E0002342F8043B094B9A4260
:101CB800F9D3FFF7D3FF0BF0DDFBFFF7E9F9704726
:101CC8000000022038D8000800000020180000207A
:101CD80018000020EC100120FEE7000080B500AFDE
:101CE8000E4B1B680D4A43F4007313600B4B1B68C3
:101CF8000A4A43F480631360084B1B68074A43F49D
:101D080080731360032000F0C3FF002000F008F880
:101D1800FFF70AFD0023184680BD00BF003C0240C3
:101D280080B582B000AF7860124B1A68124B1B78EE
:101D380019464FF47A73B3FBF1F3B2FBF3F3184689
:101D480000F0DBFF0346002B01D001230EE07B6887
:101D58000F2B0AD8002279684FF0FF3000F0A3FF5C
:101D6800064A7B681360002300E001231846083701
:101D7800BD4680BD000000200800002004000020AF
:101D880080B400AF064B1B781A46064B1B681344F9
:101D9800044A136000BFBD465DF8047B704700BF6E
:101DA80008000020C435002080B400AF034B1B6836
:101DB8001846BD465DF8047B704700BFC435002057
:101DC80080B584B000AF78607B68002B01D1012317
:101DD800EDE07B6893F82030DBB2002B02D1786805
:101DE800FFF7CAFC7B681B681A687B681B6822F0CF
:101DF80002021A60FFF7D8FFF86012E0FFF7D4FF7D
:101E08000246FB68D31A0A2B0BD97B685B6A43F43A
:101E180000327B685A627B68052283F82020012300
:101E2800C5E07B681B685B6803F00203002BE5D103
:101E38007B681B681A687B681B6842F001021A609D
:101E4800FFF7B2FFF86012E0FFF7AEFF0246FB684B
:101E5800D31A0A2B0BD97B685B6A43F400327B6880
:101E68005A627B68052283F8202001239FE07B6863
:101E78001B685B6803F00103002BE5D07B681B7EC1
:101E8800012B08D17B681B681A687B681B6842F0C5
:101E980080021A6007E07B681B681A687B681B6809
:101EA80022F080021A607B685B7E012B08D17B6878
:101EB8001B681A687B681B6842F040021A6007E0DA
:101EC8007B681B681A687B681B6822F040021A60EE
:101ED8007B689B7E012B08D17B681B681A687B682E
:101EE8001B6842F020021A6007E07B681B681A68CA
:101EF8007B681B6822F020021A607B68DB7E012B5E
:101F080008D17B681B681A687B681B6822F010027E
:101F18001A6007E07B681B681A687B681B6842F0D8
:101F280010021A607B681B7F012B08D17B681B6835
:101F38001A687B681B6842F008021A6007E07B6831
:101F48001B681A687B681B6822F008021A607B68A5
:101F58005B7F012B08D17B681B681A687B681B684C
:101F680042F004021A6007E07B681B681A687B6805
:101F78001B6822F004021A607B689A687B68DB6839
:101F88001A437B681B691A437B685B6942EA030151
:101F98007B685B685A1E7B681B680A43DA617B684A
:101FA80000225A627B68012283F820200023184609
:101FB8001037BD4680BD000080B487B000AF7860A0
:101FC80039607B681B687B617B6893F82030FB7401
:101FD800FB7C012B03D0FB7C022B40F0BE80654BC1
:101FE8007B617B69D3F8003243F001027B69C3F857
:101FF80000227B69D3F8003223F47C527B69C3F852
:1020080000227B69D3F800223B685B6A1B021A43F3
:102018007B69C3F800223B685B6903F01F03012258
:1020280002FA03F3FB607B69D3F81C22FB68DB43ED
:102038001A407B69C3F81C223B68DB69002B23D15B
:102048007B69D3F80C22FB68DB431A407B69C3F831
:102058000C223B68DB6819043B685B689BB23A68F2
:10206800526919437B69483243F832103B689B68D0
:1020780019043B681B689AB23B685B690A43796933
:102088004833DB000B445A603B68DB69012B22D1E3
:102098007B69D3F80C22FB681A437B69C3F80C22CE
:1020A8003B681B6819043B685B689BB23A685269D5
:1020B80019437B69483243F832103B689B6819041E
:1020C8003B68DB689AB23B685B690A4379694833C5
:1020D800DB000B445A603B689B69002B09D17B6984
:1020E800D3F80422FB68DB431A407B69C3F8042257
:1020F80007E07B69D3F80422FB681A437B69C3F8BD
:1021080004223B681B69002B09D17B69D3F8142290
:10211800FB68DB431A407B69C3F8142207E07B693C
:10212800D3F81422FB681A437B69C3F814223B686E
:102138001B6A012B07D17B69D3F81C22FB681A4361
:102148007B69C3F81C227B69D3F8003223F00102B3
:102158007B69C3F80022002306E07B685B6A43F4CE
:1021680080227B685A62012318461C37BD465DF8F9
:10217800047B70470064004080B584B000AF78608D
:102188007B6893F82030DBB2012B2ED17B680222CA
:1021980083F820207B681B681A687B681B6822F01C
:1021A80001021A60FFF700FEF86012E0FFF7FCFD7D
:1021B8000246FB68D31A0A2B0BD97B685B6A43F487
:1021C80000327B685A627B68052283F8202001234D
:1021D80012E07B681B685B6803F00103002BE5D104
:1021E8007B6800225A62002306E07B685B6A43F43E
:1021F80000227B685A62012318461037BD4680BD0D
:1022080080B489B000AFF860B9607A603B60FB6861
:1022180093F82030FB77FB681B689B68BB61FB7FEA
:10222800012B03D0FB7F022B40F0B880BB6903F081
:102238008063002B0AD1BB6903F00063002B05D132
:10224800BB6903F08053002B00F0A080BB691B0E14
:1022580003F003037B617B69022B07D9FB685B6A88
:1022680043F40002FB685A6201239EE001227B6965
:102278009A403B681A60BB689B68002B0DD1BB680D
:102288001B685A05BB68DB68F96809681A437B69EB
:1022980018331B010B441A600FE0BB685B68DA0057
:1022A800BB689B681A43BB68DB68F96809681A430E
:1022B8007B6918331B010B441A60FB681968BB68FB
:1022C8001A697B6918331B010B4404331A60BB6815
:1022D8001B7D012B11D1FB681A687B6918331B0120
:1022E800134404331B68FA68116843F480727B69ED
:1022F80018331B010B4404331A607B6807331B78BF
:102308001A067B6806331B781B041A437B6805335F
:102318001B781B0213437A68043212781046FA6855
:10232800116843EA00027B691B010B4403F5C6737D
:102338001A607B6803331B781A067B6802331B78A4
:102348001B041A437B6801331B781B0213437A680A
:1023580012781046FA68116843EA00027B691B018B
:102368000B4403F5C4731A60FB681A687B69183359
:102378001B0113441B68FA68116843F001027B696A
:1023880018331B010B441A6000230EE0FB685B6ADC
:1023980043F40012FB685A62012306E0FB685B6A9B
:1023A80043F48022FB685A62012318462437BD464D
:1023B8005DF8047B704780B485B000AF7860002377
:1023C800FB607B6893F82030FB72FB7A012B02D00C
:1023D800FB7A022B1DD17B681B689B6803F0806326
:1023E800002B02D0FB680133FB607B681B689B688D
:1023F80003F00063002B02D0FB680133FB607B68AD
:102408001B689B6803F08053002B02D0FB680133E4
:10241800FB60FB6818461437BD465DF8047B7047BF
:1024280080B487B000AFF860B9607A603B60FB6841
:1024380093F82030FB75FB7D012B03D0FB7D022B2D
:1024480040F0F380BB68002B0ED1FB681B68DB688B
:1024580003F00303002B16D1FB685B6A43F40012F8
:10246800FB685A620123E7E0FB681B681B6903F0FD
:102478000303002B07D1FB685B6A43F40012FB6877
:102488005A620123D8E0FB681A68BB681B331B013A
:1024980013441B6803F004027B689A607B689B689E
:1024A800002B0CD1FB681A68BB681B331B01134453
:1024B8001B685B0DC3F30A027B681A600BE0FB68BC
:1024C8001A68BB681B331B0113441B68DB0823F025
:1024D80060427B685A60FB681A68BB681B331B0143
:1024E80013441B6803F002027B68DA60FB681A6811
:1024F800BB681B331B01134404331B6803F00F0232
:102508007B681A61FB681A68BB681B331B0113449C
:1025180004331B681B0ADAB27B689A61FB681A6885
:10252800BB681B331B01134404331B681B0C9AB292
:102538007B685A61FB681A68BB681B01134403F582
:10254800DC731B68DAB23B681A70FB681A68BB68F0
:102558001B01134403F5DC731B681A0A3B6801333B
:10256800D2B21A70FB681A68BB681B01134403F5E2
:10257800DC731B681A0C3B680233D2B21A70FB6812
:102588001A68BB681B01134403F5DC731B681A0E39
:102598003B680333D2B21A70FB681A68BB681B0128
:1025A800134403F5DE731A683B680433D2B21A7019
:1025B800FB681A68BB681B01134403F5DE731B68CC
:1025C8001A0A3B680533D2B21A70FB681A68BB68EE
:1025D8001B01134403F5DE731B681A0C3B680633B2
:1025E800D2B21A70FB681A68BB681B01134403F562
:1025F800DE731B681A0E3B680733D2B21A70BB68C9
:10260800002B08D1FB681B68DA68FB681B6842F07E
:102618002002DA6007E0FB681B681A69FB681B6820
:1026280042F020021A61002306E0FB685B6A43F46B
:102638008022FB685A62012318461C37BD465DF8A4
:10264800047B704780B485B000AF786039607B68E0
:1026580093F82030FB73FB7B012B02D0FB7B022B12
:1026680009D17B681B6859697B681B683A680A430B
:102678005A61002306E07B685B6A43F480227B682A
:102688005A62012318461437BD465DF8047B70472B
:1026980080B58AB000AF786000237B627B681B68D6
:1026A8005B693B627B681B685B68FB617B681B68D6
:1026B8009B68BB617B681B68DB687B617B681B6808
:1026C8001B693B617B681B689B69FB603B6A03F085
:1026D8000103002B7CD0BB6903F00103002B23D03E
:1026E8007B681B6801229A60BB6903F00203002B18
:1026F80003D0786800F083F916E0BB6903F004039F
:10270800002B04D07B6A43F400637B620CE0BB6956
:1027180003F00803002B04D07B6A43F480537B62E8
:1027280002E0786800F089F9BB6903F48073002B34
:1027380024D07B681B684FF480729A60BB6903F4ED
:102748000073002B03D0786800F063F916E0BB69CA
:1027580003F48063002B04D07B6A43F400537B624C
:102768000CE0BB6903F40063002B04D07B6A43F4DC
:1027780080437B6202E0786800F069F9BB6903F482
:102788008033002B24D07B681B684FF480329A601A
:10279800BB6903F40033002B03D0786800F043F9D9
:1027A80016E0BB6903F48023002B04D07B6A43F452
:1027B80000437B620CE0BB6903F40023002B04D0C8
:1027C8007B6A43F480337B6202E0786800F049F961
:1027D8003B6A03F00803002B0CD07B6903F010035D
:1027E800002B07D07B6A43F400737B627B681B680D
:1027F8001022DA603B6A03F00403002B0BD07B69DC
:1028080003F00803002B06D07B681B680822DA60F7
:10281800786800F030F93B6A03F00203002B09D016
:102828007B681B68DB6803F00303002B02D0786821
:1028380009F0A4F93B6A03F04003002B0CD03B6974
:1028480003F01003002B07D07B6A43F480637B629C
:102858007B681B6810221A613B6A03F02003002B77
:102868000BD03B6903F00803002B06D07B681B687C
:1028780008221A61786800F012F93B6A03F0100325
:10288800002B09D07B681B681B6903F00303002B2E
:1028980002D0786800F0F9F83B6A03F40033002BA3
:1028A8000BD0FB6903F01003002B06D07B681B6874
:1028B80010225A60786800F0FCF83B6A03F4803311
:1028C800002B0BD0FB6903F00803002B06D07B68B4
:1028D8001B6808225A60786800F0F5F83B6A03F430
:1028E8000043002B7BD0FB6903F00403002B72D05C
:1028F8003B6A03F48073002B08D0FB6803F00103E4
:10290800002B03D07B6A43F001037B623B6A03F42C
:102918000073002B08D0FB6803F00203002B03D0E0
:102928007B6A43F002037B623B6A03F48063002BFB
:1029380008D0FB6803F00403002B03D07B6A43F044
:1029480004037B623B6A03F40063002B43D0FB68FB
:1029580003F07003002B3ED0FB6803F07003602B7C
:102968002BD0602B2ED8502B22D0502B2AD8402B7E
:1029780019D0402B26D8302B10D0302B22D8102B32
:1029880002D0202B05D01DE07B6A43F008037B6250
:1029980019E07B6A43F010037B6214E07B6A43F022
:1029A80020037B620FE07B6A43F040037B620AE00E
:1029B8007B6A43F080037B6205E07B6A43F48073A3
:1029C8007B6200E000BF7B681B689A697B681B68B4
:1029D80022F070029A617B681B6804225A607B6A45
:1029E800002B08D07B685A6A7B6A1A437B685A6254
:1029F800786800F072F800BF2837BD4680BD80B403
:102A080083B000AF786000BF0C37BD465DF8047B2B
:102A1800704780B483B000AF786000BF0C37BD4604
:102A28005DF8047B704780B483B000AF786000BF66
:102A38000C37BD465DF8047B704780B483B000AFA7
:102A4800786000BF0C37BD465DF8047B704780B4E2
:102A580083B000AF786000BF0C37BD465DF8047BDB
:102A6800704780B483B000AF786000BF0C37BD46B4
:102A78005DF8047B704780B483B000AF786000BF16
:102A88000C37BD465DF8047B704780B483B000AF57
:102A9800786000BF0C37BD465DF8047B704780B492
:102AA80083B000AF786000BF0C37BD465DF8047B8B
:102AB800704780B483B000AF786000BF0C37BD4664
:102AC8005DF8047B704780B483B000AF786000BFC6
:102AD8000C37BD465DF8047B704780B483B000AF07
:102AE800786000BF0C37BD465DF8047B7047000076
:102AF80080B485B000AF78607B6803F00703FB60A3
:102B08000C4BDB68BB60BA684FF6FF031340BB6031
:102B1800FB681A02BB68134343F0BF6343F40033F6
:102B2800BB60044ABB68D36000BF1437BD465DF87C
:102B3800047B704700ED00E080B400AF044BDB6815
:102B48001B0A03F007031846BD465DF8047B70476F
:102B580000ED00E080B483B000AF0346FB7197F945
:102B68000730002B0BDBFB7903F01F02074997F9AD
:102B780007305B09012000FA02F241F8232000BF68
:102B88000C37BD465DF8047B704700BF00E100E0EC
:102B980080B483B000AF03463960FB7197F9073002
:102BA800002B0ADB3B68DAB20C4997F907301201AF
:102BB800D2B20B4483F800230AE03B68DAB2084932
:102BC800FB7903F00F03043B1201D2B20B441A76CF
:102BD80000BF0C37BD465DF8047B704700E100E09C
:102BE80000ED00E080B489B000AFF860B9607A60A9
:102BF800FB6803F00703FB61FB69C3F10703042BC0
:102C080028BF0423BB61FB690433062B02D9FB6987
:102C1800033B00E000237B614FF0FF32BB6902FAFF
:102C280003F3DA43BB681A407B699A404FF0FF31DF
:102C38007B6901FA03F3D9437B680B4013431846B9
:102C48002437BD465DF8047B7047000080B582B02C
:102C580000AF78607B68013BB3F1807F01D301232B
:102C68000FE00A4A7B68013B53600F214FF0FF30A9
:102C7800FFF78EFF054B00229A60044B07221A606B
:102C8800002318460837BD4680BD00BF10E000E0AD
:102C980080B582B000AF78607868FFF729FF00BF81
:102CA8000837BD4680BD80B586B000AF0346B96021
:102CB8007A60FB7300237B61FFF73EFF78617A68D7
:102CC800B9687869FFF78EFF024697F90F30114609
:102CD8001846FFF75DFF00BF1837BD4680BD80B5B9
:102CE80082B000AF0346FB7197F907301846FFF72B
:102CF80031FF00BF0837BD4680BD80B582B000AF48
:102D080078607868FFF7A2FF034618460837BD4683
:102D180080BD000080B586B000AF786000237B617D
:102D2800FFF742F838617B68002B01D1012399E055
:102D38007B68002283F834207B68022283F83520E0
:102D48007B681B681A687B681B6822F001021A609E
:102D58000FE0FFF729F802463B69D31A052B08D97B
:102D68007B6820225A657B68032283F83520032379
:102D780078E07B681B681B6803F00103002BE8D12F
:102D88007B681B681B687B617A69384B13407B61E1
:102D98007B685A687B689B681A437B68DB681A43C0
:102DA8007B681B691A437B685B691A437B689B696C
:102DB8001A437B68DB691A437B681B6A13437A6989
:102DC80013437B617B685B6A042B07D17B68DA6AF3
:102DD8007B681B6B13437A6913437B617B681B68B1
:102DE8007A691A607B681B685B697B617B6923F081
:102DF80007037B617B685B6A7A6913437B617B6845
:102E08005B6A042B17D17B689B6A7A6913437B61E1
:102E18007B68DB6A002B0ED0786800F001FB034664
:102E2800002B08D07B6840225A657B68012283F812
:102E38003520012316E07B681B687A695A61786837
:102E480000F0B8FA0346FB607B68DB6D3F229A40CE
:102E5800FB689A607B6800225A657B68012283F8C8
:102E68003520002318461837BD4680BD3F8010F036
:102E780080B586B000AFF860B9607A603B60002327
:102E8800FB75FB689B6D3B61FB6893F83430012B45
:102E980001D1022340E0FB68012283F83420FB685B
:102EA80093F83530DBB2012B2FD1FB68022283F86F
:102EB8003520FB6800225A653B687A68B968F8686B
:102EC80000F04AFAFB68DB6D3F229A403B699A6042
:102ED800FB681B681A68FB681B6842F016021A60D8
:102EE800FB681B6C002B07D0FB681B681A68FB6823
:102EF8001B6842F008021A60FB681B681A68FB68C6
:102F08001B6842F001021A6005E0FB68002283F8A2
:102F180034200223FB75FB7D18461837BD4680BD5B
:102F280080B584B000AF78607B689B6DFB60FEF76E
:102F38003BFFB8607B6893F83530DBB2022B08D0D2
:102F48007B6880225A657B68002283F8342001233D
:102F580052E07B681B681A687B681B6822F01602BF
:102F68001A607B681B685A697B681B6822F08002BC
:102F78005A617B681B6C002B03D17B689B6C002B10
:102F880007D07B681B681A687B681B6822F00802F8
:102F98001A607B681B681A687B681B6822F001024C
:102FA8001A6013E0FEF700FF0246BB68D31A052B30
:102FB8000CD97B6820225A657B68002283F834206C
:102FC8007B68032283F83520032315E07B681B68A0
:102FD8001B6803F00103002BE4D17B68DB6D3F2203
:102FE8009A40FB689A607B68002283F834207B68EB
:102FF800012283F83520002318461037BD4680BDCE
:1030080080B483B000AF78607B6893F83530DBB26A
:10301800022B04D07B6880225A6501230CE07B6870
:10302800052283F835207B681B681A687B681B6853
:1030380022F001021A60002318460C37BD465DF8DD
:10304800047B704780B586B000AF78600023BB6012
:103058008E4B1B688E4AA2FB03239B0A7B617B680D
:103068009B6D3B613B691B68FB607B68DB6D0822DD
:103078009A40FB681340002B1AD07B681B681B68BA
:1030880003F00403002B13D07B681B681A687B6865
:103098001B6822F004021A607B68DB6D08229A40E4
:1030A8003B699A607B685B6D43F001027B685A65F7
:1030B8007B68DB6D01229A40FB681340002B12D01D
:1030C8007B681B685B6903F08003002B0BD07B686F
:1030D800DB6D01229A403B699A607B685B6D43F027
:1030E80002027B685A657B68DB6D04229A40FB68A4
:1030F8001340002B12D07B681B681B6803F0020387
:10310800002B0BD07B68DB6D04229A403B699A60E8
:103118007B685B6D43F004027B685A657B68DB6DF6
:1031280010229A40FB681340002B43D07B681B6831
:103138001B6803F00803002B3CD07B68DB6D102272
:103148009A403B699A607B681B681B6803F480237C
:10315800002B18D07B681B681B6803F40023002B26
:1031680008D17B681B6C002B24D07B681B6C7868AB
:1031780098471FE07B689B6C002B1BD07B689B6C7F
:103188007868984716E07B681B681B6803F48073AF
:10319800002B07D17B681B681A687B681B6822F0C4
:1031A80008021A607B681B6C002B03D07B681B6CC1
:1031B800786898477B68DB6D20229A40FB6813404B
:1031C800002B00F08F807B681B681B6803F01003DE
:1031D800002B00F087807B68DB6D20229A403B69DA
:1031E8009A607B6893F83530DBB2052B36D17B6863
:1031F8001B681A687B681B6822F016021A607B68D5
:103208001B685A697B681B6822F080025A617B68D8
:103218001B6C002B03D17B689B6C002B07D07B6851
:103228001B681A687B681B6822F008021A607B68B2
:10323800DB6D3F229A403B699A607B68002283F8E5
:1032480034207B68012283F835207B681B6D002BB6
:103258007ED07B681B6D7868984779E07B681B682F
:103268001B6803F48023002B1DD07B681B681B6838
:1032780003F40023002B0DD17B685B6C002B31D04D
:103288007B685B6C786898472CE000BF00000020E2
:10329800B5814E1B7B68DB6B002B23D07B68DB6B17
:1032A800786898471EE07B681B681B6803F4807386
:1032B800002B0FD17B681B681A687B681B6822F09B
:1032C80010021A607B68002283F834207B68012290
:1032D80083F835207B68DB6B002B03D07B68DB6BC6
:1032E800786898477B685B6D002B32D07B685B6D94
:1032F80003F00103002B22D07B68052283F83520D8
:103308007B681B681A687B681B6822F001021A60D8
:10331800BB680133BB607A699A4207D37B681B6834
:103328001B6803F00103002BF2D100E000BF7B68AB
:10333800002283F834207B68012283F835207B68DB
:10334800DB6C002B05D07B68DB6C7868984700E065
:1033580000BF1837BD4680BD80B485B000AFF860A7
:10336800B9607A603B60FB681B681A68FB681B6879
:1033780022F480221A60FB681B683A685A60FB686E
:103388009B68402B08D1FB681B687A689A60FB68C9
:103398001B68BA68DA6007E0FB681B68BA689A605D
:1033A800FB681B687A68DA6000BF1437BD465DF8B1
:1033B800047B704780B485B000AF78607B681B6879
:1033C800DBB2103B144AA2FB03231B09FB60134A20
:1033D800FB6813441B781A467B68DA65FB68032B85
:1033E80009D97B681B6823F47F7323F003031A1D34
:1033F8007B689A6507E07B681B6823F47F7323F07A
:1034080003037A6893657B689B6D18461437BD463D
:103418005DF8047B704700BFABAAAAAA20D60008B3
:1034280080B485B000AF78600023FB737B689B6A2B
:10343800BB607B689B69002B1FD1BB68032B56D8E8
:1034480001A252F823F000BF613400087334000869
:1034580061340008F73400087B68DB6A03F0807386
:10346800002B46D00123FB7343E07B68DB6AB3F192
:10347800C07F40D10123FB733DE07B689B69B3F5B6
:10348800005F21D1BB68032B37D801A252F823F083
:10349800A9340008AF340008A9340008C134000872
:1034A8000123FB7330E07B68DB6A03F08073002B39
:1034B80025D00123FB7322E07B68DB6AB3F1C07F70
:1034C8001FD10123FB731CE0BB68022B03D9BB6827
:1034D800032B03D018E00123FB7315E07B68DB6A3C
:1034E80003F08073002B0ED00123FB730BE000BFA9
:1034F8000AE000BF08E000BF06E000BF04E000BF2C
:1035080002E000BF00E000BFFB7B18461437BD4651
:103518005DF8047B704700BF80B489B000AF786065
:10352800396000237B6100233B610023BB610023DA
:10353800FB6165E10122FB6902FA03F37B613B68E9
:103548001B687A6913403B613A697B699A4240F08B
:1035580054813B685B6803F00303012B05D03B688B
:103568005B6803F00303022B30D17B689B68BB6167
:10357800FB695B00032202FA03F3DB43BA691340D9
:10358800BB613B68DA68FB695B0002FA03F3BA695E
:103598001343BB617B68BA699A607B685B68BB61EF
:1035A8000122FB6902FA03F3DB43BA691340BB61EA
:1035B8003B685B681B0903F00102FB6902FA03F32D
:1035C800BA691343BB617B68BA695A603B685B6838
:1035D80003F00303032B17D07B68DB68BB61FB692F
:1035E8005B00032202FA03F3DB43BA691340BB61B1
:1035F8003B689A68FB695B0002FA03F3BA691343F4
:10360800BB617B68BA69DA603B685B6803F00303F7
:10361800022B23D1FB69DA087B68083253F8223081
:10362800BB61FB6903F007039B000F2202FA03F357
:10363800DB43BA691340BB613B681A69FB6903F055
:1036480007039B0002FA03F3BA691343BB61FB69E2
:10365800DA087B680832B96943F822107B681B686E
:10366800BB61FB695B00032202FA03F3DB43BA691F
:103678001340BB613B685B6803F00302FB695B00B6
:1036880002FA03F3BA691343BB617B68BA691A602B
:103698003B685B6803F08053002B00F0AE8000238A
:1036A800FB605D4B5B6C5C4A43F4804353645A4B4C
:1036B8005B6C03F48043FB60FB68584AFB699B081A
:1036C800023352F82330BB61FB6903F003039B000C
:1036D8000F2202FA03F3DB43BA691340BB617B682C
:1036E8004F4A934225D07B684E4A93421FD07B684D
:1036F8004D4A934219D07B684C4A934213D07B6859
:103708004B4A93420DD07B684A4A934207D07B6864
:10371800494A934201D106230CE007230AE0052316
:1037280008E0042306E0032304E0022302E0012367
:1037380000E00023FA6902F0030292009340BA699C
:103748001343BB613549FB699B080233BA6941F8E9
:1037580023203A4B1B68BB613B69DB43BA691340C2
:10376800BB613B685B6803F48033002B03D0BA6904
:103778003B691343BB61314ABB6913602F4B5B68DC
:10378800BB613B69DB43BA691340BB613B685B685B
:1037980003F40033002B03D0BA693B691343BB61C0
:1037A800264ABB695360254B9B68BB613B69DB4379
:1037B800BA691340BB613B685B6803F48013002B54
:1037C80003D0BA693B691343BB611C4ABB69936068
:1037D8001A4BDB68BB613B69DB43BA691340BB61C9
:1037E8003B685B6803F40013002B03D0BA693B699C
:1037F8001343BB61114ABB69D360FB690133FB61A9
:10380800FB690F2B7FF696AE00BF00BF2437BD467D
:103818005DF8047B704700BF003802400038014063
:10382800000002400004024000080240000C024070
:10383800001002400014024000180240003C014001
:1038480080B485B000AF78600B467B807B681A69CE
:103858007B881340002B02D00123FB7301E0002377
:10386800FB73FB7B18461437BD465DF8047B704735
:1038780080B483B000AF78600B467B8013467B70C2
:103888007B78002B03D07A887B689A6103E07B8879
:103898001A047B689A6100BF0C37BD465DF8047B4B
:1038A800704780B584B000AF78607B68002B01D189
:1038B800012334E07B681B684CF6CC421A607B68B5
:1038C8001B6845F255521A607B681B687A68526813
:1038D8005A607B681B687A6892689A60FEF764FA97
:1038E800F8600FE0FEF760FA0246FB68D31A302B47
:1038F80008D97B681B68DB6803F00303002B01D041
:1039080003230CE07B681B68DB6803F00303002BD0
:10391800E8D17B681B684AF6AA221A600023184679
:103928001037BD4680BD80B483B000AF78607B6837
:103938001B684AF6AA221A60002318460C37BD46AF
:103948005DF8047B7047000080B582B000AF0023AB
:103958007B6000233B60204B1B6C1F4A43F0805365
:1039680013641D4B1B6C03F080533B603B681B4B7F
:1039780001221A60FEF718FA786009E0FEF714FAD7
:1039880002467B68D31AB3F57A7F01D903231FE077
:10399800134B5B6803F48033B3F5803FEED1114BD2
:1039A80001221A60FEF700FA786009E0FEF7FCF9D8
:1039B80002467B68D31AB3F57A7F01D9032307E05F
:1039C800074B5B6803F40033B3F5003FEED10023E7
:1039D80018460837BD4680BD0038024040000E42F8
:1039E8000070004044000E4280B584B000AF78609B
:1039F80039607B68002B01D10123CCE0684B1B6840
:103A080003F00F033A689A420CD9654B3A68D2B270
:103A18001A70634B1B6803F00F033A689A4201D08F
:103A28000123B8E07B681B6803F00203002B20D059
:103A38007B681B6803F00403002B05D0594B9B6877
:103A4800584A43F4E05393607B681B6803F008030B
:103A5800002B05D0534B9B68524A43F46043936054
:103A6800504B9B6823F0F0027B689B684D491343D9
:103A78008B607B681B6803F00103002B44D07B68D4
:103A88005B68012B07D1474B1B6803F40033002BFD
:103A980019D101237FE07B685B68022B03D07B6828
:103AA8005B68032B07D13F4B1B6803F00073002BA7
:103AB80009D101236FE03B4B1B6803F00203002B85
:103AC80001D1012367E0374B9B6823F003027B6831
:103AD8005B68344913438B60FEF766F9F8600AE0C7
:103AE800FEF762F90246FB68D31A41F28832934224
:103AF80001D903234FE02B4B9B6803F00C027B6832
:103B08005B689B009A42EBD1254B1B6803F00F03BF
:103B18003A689A420CD2224B3A68D2B21A70204BB9
:103B28001B6803F00F033A689A4201D0012332E080
:103B38007B681B6803F00403002B08D0194B9B68B3
:103B480023F4E0527B68DB68164913438B607B687B
:103B58001B6803F00803002B09D0124B9B6823F461
:103B680060427B681B69DB000E4913438B6000F0E1
:103B780055F802460B4B9B681B0903F00F030A49D3
:103B8800CB5C22FA03F3094A1360094B1B681846F9
:103B9800FEF7C6F8002318461037BD4680BD00BFA3
:103BA800003C02400038024008D60008000000200F
:103BB8000400002080B400AF034B1B681846BD46C4
:103BC8005DF8047B704700BF0000002080B500AF9F
:103BD800FFF7F0FF0246054B9B689B0A03F00703BB
:103BE8000349CB5C22FA03F3184680BD0038024033
:103BF80018D6000880B500AFFFF7DCFF0246054B7A
:103C08009B685B0B03F007030349CB5C22FA03F3C1
:103C1800184680BD0038024018D600082DE9B04F7C
:103C2800AEB000AF0023C7F8AC300023C7F8B430FB
:103C38000023C7F8A8300023C7F8A4300023C7F82A
:103C4800B030CB4B9B6803F00C030C2B00F20682C0
:103C580001A252F823F000BF953C00086540000817
:103C680065400008654000089D3C00086540000864
:103C78006540000865400008A53C0008654000084C
:103C88006540000865400008953E0008B94BC7F834
:103C9800B030E7E1B84BC7F8B030E3E1B44B5B684C
:103CA80003F03F03C7F8AC30B14B5B6803F4800303
:103CB800002B71D0AE4B5B689B090022C7F8983087
:103CC800C7F89C20D7F89830C3F30803C7F890309A
:103CD8000023C7F89430D7E9244522462B464FF0F5
:103CE80000004FF00001590141EAD261500102463B
:103CF8000B462146511A3964294663EB01037B645C
:103D08004FF000024FF00003D7E9108949468B01B4
:103D1800414643EA916341468A014146511AB963D3
:103D2800494663EB0103FB634FF000024FF00003C9
:103D3800D7E90E894946CB00414643EA51734146CB
:103D4800CA0010461946034622469B183B632B4679
:103D58000A4642EB03037B634FF000024FF0000377
:103D6800D7E90C4529464B02214643EAD15321465F
:103D78004A0210461946D7F8AC300022C7F88830F6
:103D8800C7F88C20D7E92223FCF7D8FE02460B4659
:103D98001346C7F8B43067E0754B5B689B0900228F
:103DA800C7F88030C7F88420D7F88030C3F30803F9
:103DB800BB670023FB67D7E91E4522462B464FF019
:103DC80000004FF00001590141EAD261500102465A
:103DD8000B462146511AB962294663EB0103FB627F
:103DE8004FF000024FF00003D7E90A8949468B01DA
:103DF800414643EA916341468A014146B2EB010AD2
:103E0800494663EB010B4FF000024FF000034FEA05
:103E1800CB0343EA5A734FEACA0292469B462346AB
:103E28001AEB03033B622B464BEB03037B624FF019
:103E380000024FF00003D7E9084529468B022146C6
:103E480043EA915321468A0210461946D7F8AC3006
:103E580000223B677A67D7E91C23FCF76FFE02460E
:103E68000B461346C7F8B430414B5B681B0C03F094
:103E7800030301335B00C7F8A830D7F8B420D7F89C
:103E8800A830B2FBF3F3C7F8B030EBE0384B5B680F
:103E980003F03F03C7F8AC30354B5B6803F480038D
:103EA800002B6BD0324B5B689B090022BB66FA661D
:103EB800BB6EC3F308033B6600237B66D7E918454E
:103EC80022462B464FF000004FF00001590141EA0D
:103ED800D261500102460B462146511AB961294662
:103EE80063EB0103FB614FF000024FF00003D7E9D9
:103EF80006AB59468B01514643EA916351468A0104
:103F08005146B2EB0108594663EB01094FF0000234
:103F18004FF000034FEAC90343EA58734FEAC80257
:103F280090469946234618EB03033B612B4649EB21
:103F380003037B614FF000024FF00003D7E904450B
:103F480029464B02214643EAD15321464A021046EC
:103F58001946D7F8AC300022BB65FA65D7E91623B5
:103F6800FCF7ECFD02460B461346C7F8B43065E093
:103F7800003802400024F40000127A003D4B5B68D0
:103F88009B09002218461146C0F308033B6500232D
:103F98007B65D7E9148942464B464FF000004FF045
:103FA8000001590141EAD261500102460B464146DF
:103FB800511AB960494663EB0103FB604FF00002F8
:103FC8004FF00003D7E902AB59468B01514643EA4B
:103FD800916351468A015146541A594663EB0105CB
:103FE8004FF000024FF00003EB0043EA5473E20085
:103FF80014461D464346E3183B604B4645EB030316
:104008007B604FF000024FF00003D7E900452946D6
:104018008B02214643EA915321468A0210461946EB
:10402800D7F8AC300022BB64FA64D7E91223FCF756
:1040380085FD02460B461346C7F8B4300D4B5B6846
:104048001B0F03F00703C7F8A430D7F8B420D7F83C
:10405800A430B2FBF3F3C7F8B03003E0064BC7F85F
:10406800B03000BFD7F8B0301846B837BD46BDE805
:10407800B08F00BF003802400024F40080B586B03D
:1040880000AF78607B68002B01D101238DE27B684B
:104098001B6803F00103002B00F08380944B9B689E
:1040A80003F00C03042B19D0914B9B6803F00C030D
:1040B800082B06D18E4B5B6803F48003B3F5800FA1
:1040C8000CD08B4B9B6803F00C030C2B12D1884B44
:1040D8005B6803F48003B3F5800F0BD1844B1B6836
:1040E80003F40033002B5BD07B685B68002B57D14F
:1040F80001235AE27B685B68B3F5803F06D17C4BAD
:104108001B687B4A43F4803313601DE07B685B685F
:10411800B3F5A02F0CD1764B1B68754A43F4802366
:104128001360734B1B68724A43F4803313600BE0CF
:104138006F4B1B686E4A23F4803313606C4B1B680B
:104148006B4A23F4802313607B685B68002B13D0D1
:10415800FDF72AFE386108E0FDF726FE02463B69B6
:10416800D31A642B01D903231FE2614B1B6803F4A4
:104178000033002BF0D014E0FDF716FE386108E09C
:10418800FDF712FE02463B69D31A642B01D90323BB
:104198000BE2574B1B6803F40033002BF0D100E00F
:1041A80000BF7B681B6803F00203002B6FD0504BE5
:1041B8009B6803F00C03002B17D04D4B9B6803F052
:1041C8000C03082B05D14A4B5B6803F48003002BD2
:1041D8000BD0474B9B6803F00C030C2B1CD1444BB2
:1041E8005B6803F48003002B16D1414B1B6803F076
:1041F8000203002B05D07B68DB68012B01D001236B
:10420800D3E13B4B1B6823F0F8027B681B69DB009A
:10421800374913430B603AE07B68DB68002B20D0FA
:10422800344B01221A60FDF7BFFD386108E0FDF745
:10423800BBFD02463B69D31A022B01D90323B4E123
:104248002B4B1B6803F00203002BF0D0284B1B6894
:1042580023F0F8027B681B69DB00254913430B60D8
:1042680015E0244B00221A60FDF79EFD386108E036
:10427800FDF79AFD02463B69D31A022B01D90323A5
:1042880093E11B4B1B6803F00203002BF0D17B6802
:104298001B6803F00803002B36D07B685B69002B92
:1042A80016D0154B01221A60FDF77EFD386108E033
:1042B800FDF77AFD02463B69D31A022B01D9032385
:1042C80073E10B4B5B6F03F00203002BF0D01BE094
:1042D800094B00221A60FDF767FD38610EE0FDF713
:1042E80063FD02463B69D31A022B07D903235CE11D
:1042F8000038024000004742800E47428A4B5B6FFD
:1043080003F00203002BEAD17B681B6803F0040367
:10431800002B00F097800023FB75834B1B6C03F088
:104328008053002B0FD10023BB607F4B1B6C7E4A50
:1043380043F0805313647C4B1B6C03F08053BB60C9
:10434800BB680123FB75794B1B6803F48073002B52
:1043580018D1764B1B68754A43F480731360FDF7D8
:1043680023FD386108E0FDF71FFD02463B69D31ABB
:10437800022B01D9032318E16C4B1B6803F48073EB
:10438800002BF0D07B689B68012B06D1664B1B6F16
:10439800654A43F0010313671CE07B689B68052BA3
:1043A8000CD1614B1B6F604A43F0040313675E4BEB
:1043B8001B6F5D4A43F0010313670BE05A4B1B6FF9
:1043C800594A23F001031367574B1B6F564A23F0D2
:1043D800040313677B689B68002B15D0FDF7E4FC8A
:1043E80038610AE0FDF7E0FC02463B69D31A41F266
:1043F8008832934201D90323D7E04B4B1B6F03F05C
:104408000203002BEED014E0FDF7CEFC38610AE081
:10441800FDF7CAFC02463B69D31A41F2883293423F
:1044280001D90323C1E0404B1B6F03F00203002BAB
:10443800EED1FB7D012B05D13B4B1B6C3A4A23F097
:10444800805313647B689B69002B00F0AD80364B6A
:104458009B6803F00C03082B60D07B689B69022BD8
:1044680045D1334B00221A60FDF79EFC386108E005
:10447800FDF79AFC02463B69D31A022B01D90323A4
:1044880093E0294B1B6803F00073002BF0D17B6885
:10449800DA697B681B6A1A437B685B6A9B011A436B
:1044A8007B689B6A5B08013B1B041A437B68DB6AD9
:1044B8001B061A437B681B6B1B071B4913434B6086
:1044C8001B4B01221A60FDF76FFC386108E0FDF70D
:1044D8006BFC02463B69D31A022B01D9032364E023
:1044E800114B1B6803F00073002BF0D05CE0104BFD
:1044F80000221A60FDF758FC386108E0FDF754FC0B
:1045080002463B69D31A022B01D903234DE0064B1F
:104518001B6803F00073002BF0D145E07B689B69B2
:10452800012B07D1012340E0003802400070004011
:10453800600047421F4B5B68FB607B689B69012BEF
:1045480030D0FB6803F480027B68DB699A4229D18A
:10455800FB6803F03F027B681B6A9A4222D1FA6823
:1045680047F6C07313407A68526A9201934219D190
:10457800FB6803F440327B689B6A5B08013B1B04C1
:104588009A420FD1FB6803F070627B68DB6A1B06F6
:104598009A4207D1FB6803F0E0427B681B6B1B075C
:1045A8009A4201D0012300E0002318461837BD467F
:1045B80080BD00BF0038024080B582B000AF78608F
:1045C8007B68002B01D1012341E07B6893F83D30E3
:1045D800DBB2002B06D17B68002283F83C20786888
:1045E800FDF722F97B68022283F83D207B681A6870
:1045F8007B6804331946104600F06EFD7B68012283
:1046080083F846207B68012283F83E207B680122DC
:1046180083F83F207B68012283F840207B680122D1
:1046280083F841207B68012283F842207B680122BD
:1046380083F843207B68012283F844207B680122A9
:1046480083F845207B68012283F83D200023184623
:104658000837BD4680BD80B582B000AF78607B6802
:10466800002B01D1012341E07B6893F83D30DBB298
:10467800002B06D17B68002283F83C207868FDF780
:10468800F3F87B68022283F83D207B681A687B6810
:1046980004331946104600F01FFD7B68012283F899
:1046A80046207B68012283F83E207B68012283F83C
:1046B8003F207B68012283F840207B68012283F831
:1046C80041207B68012283F842207B68012283F81D
:1046D80043207B68012283F844207B68012283F809
:1046E80045207B68012283F83D20002318460837BF
:1046F800BD4680BD80B586B000AFF860B9607A600D
:104708007B80BB68002B09D1FB6893F83E30DBB295
:10471800022B0CBF01230023DBB222E0BB68042B71
:1047280009D1FB6893F83F30DBB2022B0CBF0123A1
:104738000023DBB215E0BB68082B09D1FB6893F8AE
:104748004030DBB2022B0CBF01230023DBB208E0B0
:10475800FB6893F84130DBB2022B0CBF0123002326
:10476800DBB2002B01D002236CE1BB68002B09D11E
:10477800FB6893F83E30DBB2012B0CBF012300230A
:10478800DBB222E0BB68042B09D1FB6893F83F3009
:10479800DBB2012B0CBF01230023DBB215E0BB68A1
:1047A800082B09D1FB6893F84030DBB2012B0CBF12
:1047B80001230023DBB208E0FB6893F84130DBB249
:1047C800012B0CBF01230023DBB2002B24D07B6814
:1047D800002B04D17B88002B01D0012332E1BB6878
:1047E800002B04D1FB68022283F83E2016E0BB6848
:1047F800042B04D1FB68022283F83F200EE0BB683B
:10480800082B04D1FB68022283F8402006E0FB68ED
:10481800022283F8412001E0012313E1BB680C2B3D
:1048280000F2AE8001A252F823F000BF69480008E8
:10483800894900088949000889490008B1480008E1
:10484800894900088949000889490008F948000889
:104858008949000889490008894900084149000830
:10486800FB685B6A794ADA63FB685B6A784A1A64B0
:10487800FB685B6A774ADA64FB68586A7968FB68A0
:104888001B6834331A467B88FEF7F2FA0346002B7E
:1048980001D00123D6E0FB681B68DA68FB681B6857
:1048A80042F40072DA606CE0FB689B6A674ADA637C
:1048B800FB689B6A664A1A64FB689B6A654ADA6405
:1048C800FB68986A7968FB681B6838331A467B88E6
:1048D800FEF7CEFA0346002B01D00123B2E0FB68B5
:1048E8001B68DA68FB681B6842F48062DA6048E09B
:1048F800FB68DB6A554ADA63FB68DB6A544A1A6468
:10490800FB68DB6A534ADA64FB68D86A7968FB6833
:104918001B683C331A467B88FEF7AAFA0346002B2D
:1049280001D001238EE0FB681B68DA68FB681B680E
:1049380042F40062DA6024E0FB681B6B434ADA63E6
:10494800FB681B6B424A1A64FB681B6B414ADA64BA
:10495800FB68186B7968FB681B6840331A467B88CC
:10496800FEF786FA0346002B01D001236AE0FB68B4
:104978001B68DA68FB681B6842F48052DA6000E062
:1049880000BFFB681B680122B968184600F08EFE5C
:10499800FB681B68304A934204D0FB681B682F4AA7
:1049A800934201D1012300E00023002B07D0FB68CC
:1049B8001B685A6CFB681B6842F400425A64FB6827
:1049C8001B68254A934222D0FB681B68B3F1804FCD
:1049D8001DD0FB681B68224A934218D0FB681B68ED
:1049E800204A934213D0FB681B681F4A93420ED09B
:1049F800FB681B68194A934209D0FB681B681B4A6D
:104A0800934204D0FB681B68194A934211D1FB6892
:104A18001B689B6803F007037B617B69062B10D03A
:104A2800FB681B681A68FB681B6842F001021A6081
:104A380007E0FB681B681A68FB681B6842F0010204
:104A48001A60002318461837BD4680BDCF4F0008AE
:104A5800775000083D4F0008000001400004014065
:104A68000004004000080040000C004000400140E5
:104A78000018004080B582B000AF786039603B68AC
:104A88000C2B55D801A252F823F000BFC94A0008E0
:104A9800394B0008394B0008394B0008E54A000833
:104AA800394B0008394B0008394B0008014B000806
:104AB800394B0008394B0008394B00081D4B0008DA
:104AC8007B681B68DA687B681B6822F40072DA600E
:104AD8007B685B6A1846FEF793FA2AE07B681B68D6
:104AE800DA687B681B6822F48062DA607B689B6AFC
:104AF8001846FEF785FA1CE07B681B68DA687B6855
:104B08001B6822F40062DA607B68DB6A1846FEF7ED
:104B180077FA0EE07B681B68DA687B681B6822F40A
:104B28008052DA607B681B6B1846FEF769FA00E072
:104B380000BF7B681B6800223968184600F0B6FD84
:104B48007B681B682E4A934204D07B681B682D4AF9
:104B5800934201D1012300E00023002B17D07B688A
:104B68001B681A6A41F211131340002B0FD17B689E
:104B78001B681A6A40F244431340002B07D17B6834
:104B88001B685A6C7B681B6822F400425A647B6875
:104B98001B681A6A41F211131340002B0FD17B686E
:104BA8001B681A6A40F244431340002B07D17B6804
:104BB8001B681A687B681B6822F001021A603B6850
:104BC800002B04D17B68012283F83E2013E03B6868
:104BD800042B04D17B68012283F83F200BE03B685B
:104BE800082B04D17B68012283F8402003E07B680E
:104BF800012283F84120002318460837BD4680BDAE
:104C0800000001400004014080B584B000AFF860A6
:104C1800B9607A60FB6893F83C30012B01D102231C
:104C2800ACE0FB68012283F83C207B680C2B00F287
:104C38009F8001A252F823F0754C0008794D0008B6
:104C4800794D0008794D0008B54C0008794D0008E9
:104C5800794D0008794D0008F74C0008794D000897
:104C6800794D0008794D0008374D0008FB681B682E
:104C7800B968184600F0D0FAFB681B689A69FB68A7
:104C88001B6842F008029A61FB681B689A69FB6816
:104C98001B6822F004029A61FB681B689969BB686B
:104CA8001A69FB681B680A439A6162E0FB681B6823
:104CB800B968184600F020FBFB681B689A69FB6816
:104CC8001B6842F400629A61FB681B689A69FB687A
:104CD8001B6822F480629A61FB681B689969BB684B
:104CE8001B691A02FB681B680A439A6141E0FB686A
:104CF8001B68B968184600F075FBFB681B68DA6921
:104D0800FB681B6842F00802DA61FB681B68DA6915
:104D1800FB681B6822F00402DA61FB681B68D9692A
:104D2800BB681A69FB681B680A43DA6121E0FB6803
:104D38001B68B968184600F0C9FBFB681B68DA698C
:104D4800FB681B6842F40062DA61FB681B68DA6979
:104D5800FB681B6822F48062DA61FB681B68D9690A
:104D6800BB681B691A02FB681B680A43DA6100E02A
:104D780000BFFB68002283F83C2000231846103748
:104D8800BD4680BD80B584B000AF786039607B686F
:104D980093F83C30012B01D10223B3E07B68012258
:104DA80083F83C207B68022283F83D207B681B68DF
:104DB8009B68FB60FB6823F07703FB60FB6823F4C8
:104DC8007F43FB607B681B68FA689A603B681B68D6
:104DD800B3F5005F3ED0B3F5005F00F28780B3F50E
:104DE800805F00F08580B3F5805F7FD8702B1AD084
:104DF800702B7BD8602B50D0602B77D8502B3CD0B1
:104E0800502B73D8402B58D0402B6FD8302B64D000
:104E1800302B6BD8202B60D0202B67D8002B5CD090
:104E2800102B5AD062E07B6818683B6899683B6829
:104E38005A683B68DB6800F019FC7B681B689B6854
:104E4800FB60FB6843F07703FB607B681B68FA68CC
:104E58009A604EE07B6818683B6899683B685A68B6
:104E68003B68DB6800F002FC7B681B689A687B681B
:104E78001B6842F480429A603BE07B6818683B6894
:104E880059683B68DB681A4600F076FB7B681B684C
:104E98005021184600F0CFFB2BE07B6818683B6870
:104EA80059683B68DB681A4600F095FB7B681B680D
:104EB8006021184600F0BFFB1BE07B6818683B6860
:104EC80059683B68DB681A4600F056FB7B681B682C
:104ED8004021184600F0AFFB0BE07B681A683B687E
:104EE8001B681946104600F0A6FB02E000BF00E070
:104EF80000BF7B68012283F83D207B68002283F88D
:104F08003C20002318461037BD4680BD80B483B0CE
:104F180000AF786000BF0C37BD465DF8047B704772
:104F280080B483B000AF786000BF0C37BD465DF831
:104F3800047B704780B584B000AF78607B689B6B5A
:104F4800FB60FB685B6A7A689A4207D1FB680122BA
:104F58001A77FB68012283F83E202AE0FB689B6AE7
:104F68007A689A4207D1FB6802221A77FB68012205
:104F780083F83F201DE0FB68DB6A7A689A4207D114
:104F8800FB6804221A77FB68012283F8402010E0AE
:104F9800FB681B6B7A689A4207D1FB6808221A776C
:104FA800FB68012283F8412003E0FB68012283F8B3
:104FB8003D20F868FFF7B4FFFB6800221A7700BFAE
:104FC8001037BD4680BD80B584B000AF78607B687F
:104FD8009B6BFB60FB685B6A7A689A420BD1FB6843
:104FE80001221A777B68DB69002B36D1FB68012226
:104FF80083F83E2031E0FB689B6A7A689A420BD1BD
:10500800FB6802221A777B68DB69002B25D1FB68D5
:10501800012283F83F2020E0FB68DB6A7A689A4225
:105028000BD1FB6804221A777B68DB69002B14D14B
:10503800FB68012283F840200FE0FB681B6B7A684D
:105048009A420AD1FB6808221A777B68DB69002B31
:1050580003D1FB68012283F84120F86804F024FF9B
:10506800FB6800221A7700BF1037BD4680BD80B5A7
:1050780084B000AF78607B689B6BFB60FB685B6A01
:105088007A689A4203D1FB6801221A7719E0FB6813
:105098009B6A7A689A4203D1FB6802221A7710E069
:1050A800FB68DB6A7A689A4203D1FB6804221A77A4
:1050B80007E0FB681B6B7A689A4202D1FB680822FA
:1050C8001A77F868FFF722FFFB6800221A7700BFFB
:1050D8001037BD4680BD000080B485B000AF786051
:1050E80039607B681B68FB607B68404A934213D039
:1050F8007B68B3F1804F0FD07B683D4A93420BD059
:105108007B683C4A934207D07B683B4A934203D072
:105118007B683A4A934208D1FB6823F07003FB602E
:105128003B685B68FA681343FB607B682F4A9342CD
:105138002BD07B68B3F1804F27D07B682C4A9342F1
:1051480023D07B682B4A93421FD07B682A4A93421C
:105158001BD07B68294A934217D07B68284A934220
:1051680013D07B68274A93420FD07B68264A934224
:105178000BD07B68254A934207D07B68244A934228
:1051880003D07B68234A934208D1FB6823F4407319
:10519800FB603B68DB68FA681343FB60FB6823F03D
:1051A80080023B685B691343FB607B68FA681A609E
:1051B8003B689A687B68DA623B681A687B689A621F
:1051C8007B680A4A934203D07B680C4A934203D116
:1051D8003B681A697B681A637B6801225A6100BFC1
:1051E8001437BD465DF8047B704700BF00000140DE
:1051F8000004004000080040000C0040000401408A
:1052080000400140004401400048014000180040AF
:10521800001C00400020004080B487B000AF7860D8
:1052280039607B681B6A23F001027B681A627B681D
:105238001B6A7B617B685B683B617B689B69FB6081
:10524800FB6823F07003FB60FB6823F00303FB603B
:105258003B681B68FA681343FB607B6923F0020311
:105268007B613B689B687A6913437B617B68204A52
:10527800934203D07B681F4A93420CD17B6923F089
:1052880008037B613B68DB687A6913437B617B6950
:1052980023F004037B617B68154A934203D07B6843
:1052A800144A934211D13B6923F480733B613B69F3
:1052B80023F400733B613B685B693A6913433B61C4
:1052C8003B689B693A6913433B617B683A695A605A
:1052D8007B68FA689A613B685A687B685A637B689E
:1052E8007A691A6200BF1C37BD465DF8047B7047B7
:1052F800000001400004014080B487B000AF78602E
:1053080039607B681B6A23F010027B681A627B682D
:105318001B6A7B617B685B683B617B689B69FB60A0
:10532800FB6823F4E043FB60FB6823F44073FB60F5
:105338003B681B681B02FA681343FB607B6923F018
:1053480020037B613B689B681B017A6913437B617F
:105358007B68224A934203D07B68214A93420DD14D
:105368007B6923F080037B613B68DB681B017A69FA
:1053780013437B617B6923F040037B617B68174A99
:10538800934203D07B68164A934213D13B6923F4B6
:1053980080633B613B6923F400633B613B685B6965
:1053A8009B003A6913433B613B689B699B003A69E0
:1053B80013433B617B683A695A607B68FA689A6173
:1053C8003B685A687B689A637B687A691A6200BF8F
:1053D8001C37BD465DF8047B704700BF00000140E4
:1053E8000004014080B487B000AF786039607B6802
:1053F8001B6A23F480727B681A627B681B6A7B6174
:105408007B685B683B617B68DB69FB60FB6823F05A
:105418007003FB60FB6823F00303FB603B681B68B9
:10542800FA681343FB607B6923F400737B613B6874
:105438009B681B027A6913437B617B68214A93420C
:1054480003D07B68204A93420DD17B6923F4006323
:105458007B613B68DB681B027A6913437B617B696C
:1054680023F480637B617B68164A934203D07B6890
:10547800154A934213D13B6923F480533B613B693E
:1054880023F400533B613B685B691B013A69134392
:105498003B613B689B691B013A6913433B617B682D
:1054A8003A695A607B68FA68DA613B685A687B68CF
:1054B800DA637B687A691A6200BF1C37BD465DF8FB
:1054C800047B7047000001400004014080B487B0AD
:1054D80000AF786039607B681B6A23F480527B6870
:1054E8001A627B681B6A3B617B685B687B617B68CF
:1054F800DB69FB60FB6823F4E043FB60FB6823F493
:105508004073FB603B681B681B02FA681343FB602F
:105518003B6923F400533B613B689B681B033A6972
:1055280013433B617B68124A934203D07B68114A5C
:10553800934209D17B6923F480437B613B685B69B3
:105548009B017A6913437B617B687A695A607B683F
:10555800FA68DA613B685A687B681A647B683A695A
:105568001A6200BF1C37BD465DF8047B704700BF58
:10557800000001400004014080B487B000AFF8602B
:10558800B9607A60FB681B6A7B61FB681B6A23F061
:105598000102FB681A62FB689B693B613B6923F067
:1055A800F0033B617B681B013A6913433B617B69EC
:1055B80023F00A037B617A69BB6813437B61FB684C
:1055C8003A699A61FB687A691A6200BF1C37BD465E
:1055D8005DF8047B704780B487B000AFF860B960AD
:1055E8007A60FB681B6A23F01002FB681A62FB688A
:1055F8009B697B61FB681B6A3B617B6923F4704391
:105608007B617B681B037A6913437B613B6923F0E9
:10561800A0033B61BB681B013A6913433B61FB680C
:105628007A699A61FB683A691A6200BF1C37BD46FD
:105638005DF8047B704780B485B000AF786039604E
:105648007B689B68FB60FB6823F07003FB603A682B
:10565800FB68134343F00703FB607B68FA689A60B2
:1056680000BF1437BD465DF8047B704780B487B02F
:1056780000AFF860B9607A603B60FB689B687B614B
:105688007B6923F47F437B613B681A027B681A437A
:10569800BB6813437A6913437B61FB687A699A6034
:1056A80000BF1C37BD465DF8047B704780B487B0E7
:1056B80000AFF860B9607A60BB6803F01F0301228D
:1056C80002FA03F37B61FB681A6A7B69DB431A40C1
:1056D800FB681A62FB681A6ABB6803F01F037968E3
:1056E80001FA03F31A43FB681A6200BF1C37BD4670
:1056F8005DF8047B7047000080B485B000AF786027
:1057080039607B6893F83C30012B01D102235AE0C1
:105718007B68012283F83C207B68022283F83D20C5
:105728007B681B685B68FB607B681B689B68BB6069
:10573800FB6823F07003FB603B681B68FA6813433F
:10574800FB607B681B68FA685A607B681B68214AA3
:10575800934222D07B681B68B3F1804F1DD07B68D1
:105768001B681D4A934218D07B681B681B4A9342EA
:1057780013D07B681B681A4A93420ED07B681B685B
:10578800184A934209D07B681B68174A934204D091
:105798007B681B68154A93420CD1BB6823F08003D1
:1057A800BB603B685B68BA681343BB607B681B6877
:1057B800BA689A607B68012283F83D207B680022E2
:1057C80083F83C20002318461437BD465DF8047B57
:1057D800704700BF0000014000040040000800407E
:1057E800000C004000040140004001400018004047
:1057F80080B582B000AF78607B68002B01D10123AF
:105808003FE07B6893F83D30DBB2002B06D17B6824
:10581800002283F83C207868FCF72AF97B68242268
:1058280083F83D207B681B68DA687B681B6822F474
:105838000052DA60786800F0D9FB7B681B681A6947
:105848007B681B6822F490421A617B681B685A695E
:105858007B681B6822F02A025A617B681B68DA6839
:105868007B681B6842F40052DA607B6800221A6485
:105878007B68202283F83D207B68202283F83E2025
:10588800002318460837BD4680BD80B485B000AFF8
:10589800F860B9601346FB80FB6893F83D30DBB2D3
:1058A800202B30D1BB68002B02D0FB88002B01D104
:1058B800012329E0FB6893F83C30012B01D1022336
:1058C80022E0FB68012283F83C20FB68BA681A6270
:1058D800FB68FA889A84FB68FA88DA84FB680022F5
:1058E8001A64FB68212283F83D20FB68002283F8B4
:1058F8003C20FB681B68DA68FB681B6842F0800282
:10590800DA60002300E0022318461437BD465DF82C
:10591800047B704780B584B000AFF860B960134667
:10592800FB80FB6893F83E30DBB2202B1DD1BB68AF
:10593800002B02D0FB88002B01D1012316E0FB6865
:1059480093F83C30012B01D102230FE0FB680122C0
:1059580083F83C20FB6800221A63FB881A46B96862
:10596800F86800F0C9F9034600E00223184610372A
:10597800BD4680BD80B58AB000AF78607B681B6883
:105988001B687B627B681B68DB683B627B681B6803
:105998005B69FB610023BB6100237B617B6A03F0C9
:1059A8000F03BB61BB69002B0DD17B6A03F0200399
:1059B800002B08D03B6A03F02003002B03D0786843
:1059C80000F07DFA7CE1BB69002B00F0B180FB6937
:1059D80003F00103002B05D13B6A03F49073002BFD
:1059E80000F0A6807B6A03F00103002B0AD03B6A13
:1059F80003F48073002B05D07B681B6C43F0010215
:105A08007B681A647B6A03F00403002B0AD0FB69E5
:105A180003F00103002B05D07B681B6C43F00202E6
:105A28007B681A647B6A03F00203002B0AD0FB69C7
:105A380003F00103002B05D07B681B6C43F00402C4
:105A48007B681A647B6A03F00803002B0FD03B6A5B
:105A580003F02003002B04D1FB6903F00103002BA2
:105A680005D07B681B6C43F008027B681A647B686E
:105A78001B6C002B00F01F817B6A03F02003002BB6
:105A880007D03B6A03F02003002B02D0786800F0AF
:105A980016FA7B681B685B6903F04003402B0CBF58
:105AA80001230023DBB27B617B681B6C03F00803D6
:105AB800002B02D17B69002B31D0786800F056F9B1
:105AC8007B681B685B6903F04003402B23D17B682C
:105AD8001B685A697B681B6822F040025A617B6820
:105AE8009B6B002B13D07B689B6B774A1A657B688E
:105AF8009B6B1846FDF784FA0346002B16D07B688B
:105B08009B6B1B6D7A68926B104698470EE078681D
:105B180000F0DCF80AE0786800F0D8F806E0786869
:105B280000F0D4F87B6800221A64C4E000BFC2E029
:105B38007B681B6B012B40F0A2807B6A03F010038B
:105B4800002B00F09C803B6A03F01003002B00F050
:105B580096800023FB607B681B681B68FB607B6882
:105B68001B685B68FB60FB687B681B685B6903F00C
:105B78004003402B4FD17B689B6B1B685B683B8263
:105B88003B8A002B00F099807B689B8D3A8A9A4269
:105B980080F093807B683A8ADA857B689B6BDB6947
:105BA800B3F5807F2BD07B681B68DA687B681B683D
:105BB80022F48072DA607B681B685A697B681B680C
:105BC80022F001025A617B681B685A697B681B686E
:105BD80022F040025A617B68202283F83E207B68CD
:105BE80000221A637B681B68DA687B681B6822F0EE
:105BF8001002DA607B689B6B1846FDF791F97B68A9
:105C08009A8D7B68DB8D9BB2D31A9BB21946786854
:105C180000F066F851E07B689A8D7B68DB8D9BB25B
:105C2800D31A7B827B68DB8D9BB2002B47D07B8AA3
:105C3800002B44D07B681B68DA687B681B6822F4F9
:105C48009072DA607B681B685A697B681B6822F06F
:105C580001025A617B68202283F83E207B6800227B
:105C68001A637B681B68DA687B681B6822F010027D
:105C7800DA607B8A1946786800F032F81FE07B6AA0
:105C880003F08003002B08D03B6A03F08003002B4D
:105C980003D0786800F0ABF812E07B6A03F04003A9
:105CA800002B0DD03B6A03F04003002B08D0786826
:105CB80000F0EDF804E000BF02E000BF00E000BF24
:105CC8002837BD4680BD00BFCF5D000880B483B0D3
:105CD80000AF786000BF0C37BD465DF8047B7047A5
:105CE80080B483B000AF78600B467B8000BF0C3770
:105CF800BD465DF8047B704780B485B000AFF8609E
:105D0800B9601346FB80FB68BA689A62FB68FA8838
:105D18009A85FB68FA88DA85FB6800221A64FB68B2
:105D2800222283F83E20FB68002283F83C20FB688F
:105D38001B68DA68FB681B6842F48072DA60FB68EB
:105D48001B685A69FB681B6842F001025A61FB68CC
:105D58001B68DA68FB681B6842F02002DA600023DF
:105D680018461437BD465DF8047B704780B483B08D
:105D780000AF78607B681B68DA687B681B6822F470
:105D88009072DA607B681B685A697B681B6822F02E
:105D980001025A617B681B6B012B07D17B681B686A
:105DA800DA687B681B6822F01002DA607B682022C0
:105DB80083F83E207B6800221A6300BF0C37BD467B
:105DC8005DF8047B704780B584B000AF78607B686D
:105DD8009B6BFB60FB680022DA85FB680022DA8493
:105DE800F868FFF773FF00BF1037BD4680BD80B469
:105DF80085B000AF78607B6893F83D30DBB2212B2B
:105E08003ED17B689B68B3F5805F14D17B681B69C2
:105E1800002B10D17B681B6AFB60FB681B881A4645
:105E28007B681B68C2F308025A607B681B6A9A1C6D
:105E38007B681A6208E07B681B6A591C7A681162E1
:105E48001A787B681B685A607B68DB8C9BB2013BC5
:105E58009BB27A681946D184002B0FD17B681B68E6
:105E6800DA687B681B6822F08002DA607B681B684E
:105E7800DA687B681B6842F04002DA60002300E0C1
:105E8800022318461437BD465DF8047B704780B579
:105E980082B000AF78607B681B68DA687B681B6833
:105EA80022F04002DA607B68202283F83D2078687F
:105EB80004F0BAFD002318460837BD4680BD80B5FA
:105EC80084B000AF78607B6893F83E30DBB2222B59
:105ED80040F087807B689B68B3F5805F17D17B684B
:105EE8001B69002B13D10023FB607B689B6ABB6096
:105EF8007B681B685B689BB2C3F308039AB2BB68F4
:105F08001A807B689B6A9A1C7B689A6226E07B6889
:105F18009B6AFB600023BB607B689B68B3F5805F6E
:105F280007D07B689B68002B0AD17B681B69002B14
:105F380006D17B681B685B68DAB2FB681A7008E0F8
:105F48007B681B685B68DBB203F07F03DAB2FB682F
:105F58001A707B689B6A5A1C7B689A627B68DB8D27
:105F68009BB2013B9BB27A681946D185002B36D18A
:105F78007B681B68DA687B681B6822F02002DA609D
:105F88007B681B68DA687B681B6822F48072DA60B9
:105F98007B681B685A697B681B6822F001025A619A
:105FA8007B68202283F83E207B681B6B012B0ED177
:105FB8007B681B68DA687B681B6822F01002DA606D
:105FC8007B689B8D19467868FFF78AFE02E078683F
:105FD80004F080FD7B6800221A63002302E000239E
:105FE80000E0022318461037BD4680BD2DE9B04FAA
:105FF800C0B000AFC7F8F400D7F8F4301B681B69CD
:1060080023F44050D7F8F430D968D7F8F4301A6838
:1060180040EA01031361D7F8F4309A68D7F8F430EE
:106028001B691A43D7F8F4305B691A43D7F8F43080
:10603800DB691343C7F8F830D7F8F4301B68DB681E
:1060480023F4164121F00C01D7F8F4301A68D7F878
:10605800F8300B43D360D7F8F4301B685B6923F43E
:106068004070D7F8F4309969D7F8F4301A6840EAE4
:1060780001035361D7F8F4301A688F4B9A4205D060
:10608800D7F8F4301A688D4B9A4204D1FDF7B2FD67
:10609800C7F8FC0003E0FDF799FDC7F8FC00D7F846
:1060A800F430DB69B3F5004F40F00C81D7F8FC30D1
:1060B8000022C7F8E830C7F8EC20D7E93A4522466D
:1060C8002B469118B9655B41FB65D7E91623214634
:1060D80012EB0108294643EB01094FF000024FF08B
:1060E80000034FEAC90343EA58734FEAC8029046CF
:1060F8009946234618EB0303C7F8E0302B4649EBD3
:106108000303C7F8E430D7F8F4305B680022C7F817
:10611800D830C7F8DC20D7E936120B46DB183B65C8
:10612800134642EB03037B65D7E91423D7E938010B
:10613800FAF704FD02460B46614BA3FB02235B09F9
:106148001C01D7F8FC300022C7F8D030C7F8D4209B
:10615800D7E9348942464B469118B9645B41FB64E0
:10616800D7E91223414612EB010A494643EB010BDA
:106178004FF000024FF000034FEACB0343EA5A7393
:106188004FEACA0292469B4643461AEB0303C7F8F6
:10619800C8304B464BEB0303C7F8CC30D7F8F43084
:1061A8005B680022C7F8C030C7F8C420D7E93012AE
:1061B8000B46DB183B64134642EB03037B64D7E9C9
:1061C8001023D7E93201FAF7B9FC02460B4611460B
:1061D8003B4BA3FB01235B09642202FB03F3CB1AAD
:1061E800DB0003F13202364BA3FB02235B095B00A1
:1061F80003F4F8731C44D7F8FC300022C7F8B83011
:10620800C7F8BC20D7E92E8942464B469118B96396
:106218005B41FB63D7E90E23414651183963494670
:106228004B417B634FF000024FF00003D7E90CAB02
:106238005946CB00514643EA51735146CA001046AD
:106248001946034642469B18C7F8B0304B460A46E3
:1062580042EB0303C7F8B430D7F8F4305B68002288
:10626800C7F8A830C7F8AC20D7E92A120B46DB18C4
:10627800BB62134642EB0303FB62D7E90A23D7E963
:106288002C01FAF75BFC02460B460D4BA3FB0213ED
:106298005B09642101FB03F3D31ADB003233084A9C
:1062A800A2FB03235B0903F00702D7F8F4301B684D
:1062B80022449A6005E100BF00100140001401402B
:1062C8001F85EB51D7F8FC300022C7F8A030C7F87B
:1062D800A420D7E9288942464B46911839625B4188
:1062E8007B62D7E9082341465418494643EB010528
:1062F8004FF000024FF00003EB0043EA5473E20052
:1063080014461D464346E318C7F898304B4645EBFC
:106318000303C7F89C30D7F8F4305B680022C7F84D
:106328009030C7F894204FF000024FF00003D7E9EF
:10633800244529468B00214643EA917321468A0069
:10634800D7E92601FAF7FAFB02460B46604BA3FB96
:1063580002235B091C01D7F8FC300022C7F88830FB
:10636800C7F88C20D7E9228942464B469118B96173
:106378005B41FB61D7E9062341465118396149461B
:106388004B417B614FF000024FF00003D7E904ABAB
:106398005946CB00514643EA51735146CA0010464C
:1063A8001946034642469B18C7F880304B460A46B2
:1063B80042EB0303C7F88430D7F8F4305B68002257
:1063C800BB67FA674FF000024FF00003D7E91E8958
:1063D80049468B00414643EA917341468A00D7E912
:1063E8002001FAF7ABFB02460B46394BA3FB02131D
:1063F8005B09642101FB03F3D31A1B013233344ACE
:10640800A2FB03235B0903F0F0031C44D7F8FC301C
:1064180000223B677A67D7E91C8942464B469118A8
:10642800B9605B41FB60D7E90223414651183960E6
:1064380049464B417B604FF000024FF00003D7E91B
:1064480000AB5946CB00514643EA51735146CA0046
:1064580010461946034642469B18BB664B460A46F9
:1064680042EB0303FB66D7F8F4305B6800223B6617
:106478007A664FF000024FF00003D7E918894946C1
:106488008B00414643EA917341468A00D7E91A01D5
:10649800FAF754FB02460B460D4BA3FB02135B09AC
:1064A800642101FB03F3D31A1B013233084AA2FB10
:1064B80003235B0903F00F02D7F8F4301B6822446A
:1064C8009A6000BF07F58077BD46BDE8B08F00BF72
:1064D8001F85EB5180B400AF0D4B0122DA700C4BD5
:1064E8000C4AC3F815200C4B9B6B0B33084AC2F8B7
:1064F8002230094BDB6B0B33054AC2F82630044BBC
:10650800064A5A6600BFBD465DF8047B704700BF67
:10651800C83500207D3B00208C3B002088D8002017
:1065280080B594B000AF03463A60FB710B46BB716F
:106538003B68FB640023FB6000233B61FB6C1B781A
:10654800062B00F2C18001A252F823F07165000801
:106558008D650008A1650008C16500087F66000810
:10656800D1660008A166000807F10C03BB61BB698E
:1065780001337B61BB6900221A70554BDA787B695D
:106588001A70A1E007F10C033B623B6A0133FB611F
:106598003B6A01221A7097E007F10C03BB62BB6AE1
:1065A80001337B62BB6A02221A70494BD3F815305B
:1065B8001A787B6A1A7087E007F10C037B637B6BA0
:1065C80001333B63FB6C0133FB627B6B03221A7064
:1065D8003B6B02225A70FB6A1B78002B12D13B6B73
:1065E80000221A703A4BD3F822301B78002B6AD15C
:1065F800374BD3F826301B78002B64D13B6B012234
:106608005A7060E0FB6A1B78012B12D13B6B0122A8
:106618001A702F4BD3F822301B78002B53D12C4BF8
:10662800D3F826301B78002B4DD13B6B01225A70D2
:1066380049E0FB6A1B78022B0CD13B6B02221A70D3
:10664800234BD3F822301B78012B3CD13B6B012222
:106658005A7038E0FB6A1B78032B34D13B6B03225A
:106668001A701B4BD3F826301B78012B2BD13B6BB0
:1066780001225A7027E007F10C03FB63FB6B01331F
:10668800BB63FB6B04221A7000F0ECF8114B93F813
:106698003C20BB6B1A7017E007F10C03BB64BB6CA2
:1066A80001337B64FB6C01333B64BB6C06221A70BC
:1066B8003B6C1A787B6C1A70054B5B6E1A687B6CA6
:1066C800C3F8012000E000BF00BF5037BD4680BDC1
:1066D800C83500203036002080B584B000AF0346AE
:1066E800B9607A60FB73BB681B79C3F30303DBB241
:1066F8001946FB7B7A681846FFF712FF00BF103770
:10670800BD4680BD80B483B000AF78600B467B8007
:1067180013467B702B4B93F83D30042B4BD8294BF9
:1067280093F83D301946274A0B465B000B449B0003
:10673800134401221A70234B93F83D301946214A1D
:106748000B465B000B449B00134404337A681A60C1
:106758001C4B93F83D3019461A4A0B465B000B4414
:106768009B00134408337A881A80164B93F83D30FF
:106778001946144A0B465B000B449B0013440A332A
:106788007A781A700F4B93F83D3019460D4B93F8F1
:106798003D000C4A0B465B000B449B0013440B3333
:1067A80002461A70074B93F83D300133DAB2054BB5
:1067B80083F83D2000E000BF0C37BD465DF8047B40
:1067C800704700BF3036002080B483B000AF034666
:1067D800FB710B46BB7113467B71094AFB7982F842
:1067E8004030074ABB7982F84130054A7B7982F804
:1067F800423000BF0C37BD465DF8047B704700BFD0
:106808003036002080B582B000AF78607B681B7896
:10681800012B01D0002315E07B685A687B681B892F
:1068280019461046FDF70CF803461A467B689B7A12
:106838009A4206D17B68DB7A1A4601239340DBB281
:1068480000E0002318460837BD4680BD80B400AF7D
:10685800034B93F83C301846BD465DF8047B7047FF
:106868003036002080B500AF00F008F8024B93F8EE
:106878003C30184680BD00BF3036002080B582B05D
:1068880000AF0023FB710023BB710023BB7111E033
:10689800BA7913465B0013449B000C4A134418460C
:1068A800FFF7B0FF03461A46FB791343FB71BB7928
:1068B8000133BB71BB79042BEAD9044AFB7982F80E
:1068C8003C3000BF0837BD4680BD00BF30360020D1
:1068D80080B582B000AF78603960114B93F82830EA
:1068E80019460F4A3B6842F831300D4B93F828306F
:1068F8000B4ADB0013447A685A60094B93F8283036
:106908000133DAB2064B83F82820054B93F8283078
:10691800042B01D9FAF700FF00BF0837BD4680BD38
:106928007436002080B58CB000AF78600023FB611E
:1069380000233B6201237B620023BB600023FB60D2
:1069480000233B6100237B610023BB610123BB6201
:106958000E23FB6207F1080319467868FBF72CFB46
:106968000346002B01D0FAF7D7FE7868FBF704FC42
:106978000346002B01D0FAF7CFFE02217868FBF717
:1069880061FE0346002B01D0FAF7C6FE00BF303780
:10699800BD4680BD80B582B000AF786039607B6845
:1069A8003A681A603B681B6819467868FFF790FFD9
:1069B80000BF0837BD4680BD80B483B000AF7860A3
:1069C8007B681B78012B23D17B685B78002B1FD158
:1069D8007B685B78002B0DD17B68D3F802305A694D
:1069E8007B68DB889BB219467B68D3F802300A4380
:1069F8005A610DE07B68D3F802305A697B68DB88FE
:106A08009BB2DB4319467B68D3F802300A405A61CF
:106A180000BF0C37BD465DF8047B704780B500AFFA
:106A28000D4B1B6D002B14D00B4B5B6D0A4A52F8B3
:106A380023309847084B5B6D0133074A5365064B73
:106A48005A6D054B1B6D9A4204D3034B00225A65BD
:106A580000E000BF80BD00BFA036002080B582B036
:106A680000AF78600A4B1B6D09497A6841F823200A
:106A7800074B1B6D0133064A1365054B1B6D132B22
:106A880001D9FAF749FE00BF0837BD4680BD00BFEF
:106A9800A036002080B485B000AFF860B960134616
:106AA800FB71FB68BA681A60FB79002B24D0012BB4
:106AB80000D022E0FB68144A5A61FB68134A9A61C5
:106AC800FB68134ADA61FB68124A1A62FB68124AC9
:106AD8001A63FB68114A5A62FB68114A9A62FB689A
:106AE800104ADA62FB68104A5A63FB680F4A9A63D5
:106AF800FB680F4ADA6300E000BF00BF1437BD46E9
:106B08005DF8047B704700BFD59E0008E1A000082F
:106B1800F39E00083D9F000821A00008739F00080D
:106B2800B99F0008FB9F000843A000088BA000083D
:106B3800ADA0000880B586B002AF0346B9607A60A0
:106B4800FB73144B5B78BA68D278C2F30312D2B2E3
:106B580093421AD10F4B9B78BA685278C2F3040259
:106B6800D2B2934211D10C4B1B68184603F0D7F9E7
:106B7800084B5A78074B9B78F87B002101910093CA
:106B88000023002104F0DAFA00E000BF1037BD4608
:106B980080BD00BF4CDC00205435002080B586B095
:106BA80000AF0346B9607A60FB73134B5B78BA6831
:106BB800D278C2F30312D2B2934218D10E4B9B780B
:106BC800BA685278C2F30402D2B293420FD17B68FA
:106BD8007B617B691A785B781B0213437B82074BC6
:106BE8001B687A8A1146184603F070F900E000BF66
:106BF8001837BD4680BD00BF4CDC0020543500204E
:106C080090B58FB006AF0346B9607A60FB73264B28
:106C18005B78BA68D278C2F30312D2B293423FD1FA
:106C2800214B9B78BA685278C2F30402D2B29342DD
:106C380036D17B68FB61FB691B78FB76FB695A7868
:106C48009B781B0213433B83FB69DA781B791B0291
:106C58001343FB82FB69B3F805309BB27B75134B7A
:106C68001868FC8A3A8BF97E7B7D0093234603F0F3
:106C780061F90D4B59780C4B9B787A7D92B2F87B71
:106C88000592FA8A04923A8B0392FA7E02920022C3
:106C98000192009300230A46002104F0F3F800E073
:106CA80000BF2437BD4690BD4CDC00205435002081
:106CB80080B58AB004AF0346B9607A60FB730023DD
:106CC8007B61184B5B78BA68D278C2F30312D2B2F0
:106CD800934223D1134B9B78BA685278C2F30402CB
:106CE800D2B293421AD17B683B613B691B687B61D6
:106CF8000D4B1B687969184603F07BF9094B5978E5
:106D0800084B9B78F87B7A690292002201920093E3
:106D180000230A46002104F0C9F900E000BF183733
:106D2800BD4680BD4CDC00205435002080B586B0BF
:106D380002AF0346B9607A60FB73144B5B78BA689C
:106D4800D278C2F30312D2B293421AD10F4B9B7876
:106D5800BA685278C2F30402D2B2934211D10C4BF2
:106D68001B68184603F001F9084B5A78074B9B78C3
:106D7800F87B0021019100930023002104F018FA08
:106D880000E000BF1037BD4680BD00BF4CDC0020CE
:106D98005435002080B586B002AF0346B9607A60EA
:106DA800FB73114B5B78BA68D278C2F30312D2B284
:106DB800934215D10C4B9B78BA685278C2F30402FF
:106DC800D2B293420CD1084B5A78074B9B78F87B88
:106DD8000021019100930023002104F0E9F900E06B
:106DE80000BF1037BD4680BD4CDC002080B586B0A2
:106DF80000AF0346B9607A60FB73174B5B78BA68DB
:106E0800D278C2F30312D2B2934221D1124B9B78AB
:106E1800BA685278C2F30402D2B2934218D17B689E
:106E28003B613B699B78002B06D13B69DB789BB2C1
:106E38005B429BB2FB8202E03B69DB78FB82074B3B
:106E48009B6A064A1268B7F916101046984700E080
:106E580000BF1837BD4680BD4CDC002054350020EB
:106E680080B584B000AF0346FB71094B9B78FA7973
:106E78009A4201D0002307E0064BDB6B054A1268F3
:106E880010469847F860FB6818461037BD4680BD25
:106E98004CDC002054350020B0B588B004AF034660
:106EA800B9607A60FB73154B5B78BA68D278C2F325
:106EB8000312D2B293421DD1104B9B78BA68527814
:106EC800C2F30402D2B2934214D10C4B5D780B4B3F
:106ED8009C780A4B9B781846FFF7C2FF0346F87B5D
:106EE800029300230193009400232A46002104F012
:106EF800DDF800E000BF1037BD46B0BD4CDC002017
:106F080080B582B002AF074B5A78064B9B780021B8
:106F18000191009300230021002003F06CFF00BFC3
:106F2800BD4680BD4CDC002080B586B004AF03466A
:106F3800FB710B46BB7113467B710A4B5978094BA1
:106F48009B787A790392BA7902920022019200938F
:106F580000230A460021002004F0A0FB00BF0837E8
:106F6800BD4680BD4CDC002080B586B004AF03462A
:106F78003960FB71094B5978084B9B783A68029243
:106F880000220192009300230A460021002004F009
:106F98005FF800BF0837BD4680BD00BF4CDC00204D
:106FA800B0B586B004AF0346FB710E4B5D780D4B50
:106FB8009C78FB790C4A9B0113441B68184603F024
:106FC80060F803460393002302930023019300947F
:106FD80000232A460021002003F0FAFF00BF0837EB
:106FE800BD46B0BD4CDC00205435002080B586B0CD
:106FF80004AF03460A46FB711346BB710A4B597826
:10700800094B9B78BA7903920422029200220192DA
:10701800009300230A460021002003F0A6FF00BFCA
:107028000837BD4680BD00BF4CDC0020F0B587B0F6
:1070380004AF78600B467B800F4B5D780E4B9C78D5
:107048000E4BDB6B184603F0BFFA03461E460B4B8C
:107058009B6B184603F0B8FA034603930296002385
:107068000193009400232A460021002004F016FB17
:1070780000BF0C37BD46F0BD4CDC00208C3B002027
:10708800B0B58AB004AF0346B9607A60FB730023D9
:10709800FB754E4B5B78BA68D278C2F30312D2B252
:1070A800934240F08E80494B9B78BA685278C2F37D
:1070B8000402D2B2934240F084807B683B613B6912
:1070C8001B78042B7ED801A252F823F0E97000083F
:1070D800CD710008CD7100081771000871710008A2
:1070E8003A4B5D78394B9C78394B1B68184602F04F
:1070F800A4FF0346F87B0393002302930023019324
:10710800009400232A46002103F062FF5AE0304B26
:107118001B68184602F080FF0346FB75FB7D022BB7
:1071280002D10123FB750DE0FB7D002B02D1022368
:10713800FB7507E0FB7D052B02D10223FB7501E0FF
:107148000023FB75214B5978204B9B78F87BFA7DFF
:1071580003920322029200220192009300230A461E
:10716800002103F035FF2DE0194B1B68184602F08B
:1071780053FF0346FB75FB7D022B02D10123FB75F0
:107188000DE0FB7D002B02D10223FB7507E0FB7DA0
:10719800052B02D10223FB7501E00023FB750B4B85
:1071A80059780A4B9B78F87BFA7D03920422029265
:1071B80000220192009300230A46002103F008FFF1
:1071C80000E000BF1837BD46B0BD00BF4CDC002052
:1071D8005435002080B485B000AF78600023FB737D
:1071E8007B681B78092B3AD801A252F823F000BF1C
:1071F8006772000867720008217200086772000849
:1072080067720008677200086772000867720008F2
:10721800677200083D7200087B685B78012B02D01A
:107228000D2B03D01BE00523FB7302E00B23FB733C
:1072380000BF14E07B685B780B2B0CD00B2B0DDCAC
:10724800002B02D0042B03D008E00323FB7305E0D6
:107258000123FB7302E00123FB7300BF00BFFB7B2C
:1072680018461437BD465DF8047B704780B485B076
:1072780000AF78607B68FB60FB680333BB60FB682A
:107288009B7803F00F03DBB2022B58D1FB689B7885
:1072980023F00F03DBB2102B53D1BB681B79002BF3
:1072A80051D12E4B01221A71BB681B682B4AC2F8B8
:1072B80006302A4B5B79002B47D0284B1A68284B9D
:1072C80003F51043D3F8983C9A4240D1244B03F578
:1072D800104393F8A53C002B3AD1214B03F51043FA
:1072E80093F8BB3C022B33D11D4B03F51043D3F865
:1072F800982C1B4B03F51043D3F89C3C9A4227D19A
:10730800164BD3F80620164B03F51043D3F8D03CA0
:10731800D31A124AC2F80A30104BD3F80A30104A6E
:1073280002F51042C2F89C3C0D4B03F51043D3F80C
:107338009C3C0B4A02F51042C2F8983C08E000BF9A
:1073480006E000BF04E000BF02E000BF00E000BFAD
:107358001437BD465DF8047B704700BFF83600203F
:107368008C3B002080B582B000AF144B03F510436E
:1073780093F8A53C002B1DD1104B03F51043D3F80F
:10738800982C0E4B03F51043D3F89C3C9A4211D12C
:1073980002233B7001237B70094BC7F802303B4640
:1073A800184600F05FF9054B03F51043D3F8983CF5
:1073B800044A136000BF0837BD4680BD8C3B0020DF
:1073C80075720008F836002080B485B000AF786088
:1073D8007B68FB60FB680333BB60FB689B7803F04A
:1073E8000F03DBB2022B38D1FB689B7823F00F0325
:1073F800DBB2D02B33D1BB689B7A002B31D11C4B2D
:1074080000225A76BB681B889AB2194BDA81BB688E
:107418005B889AB2164B1A82BB681B791A46BB68FE
:107428005B791B021A43BB689B791B0413431A46FA
:107438000F4BC3F81220BB68B3F807309BB21AB2DF
:107448000B4BDA82BB689A7A094B1A76094B03F51B
:107458001043012283F8F92C04E000BF02E000BFCA
:1074680000E000BF1437BD465DF8047B704700BFDD
:10747800F83600208C3B002080B582B000AF022394
:107488003B700D237B70054BC7F802303B4618460E
:1074980000F0E8F800BF0837BD4680BDD17300088A
:1074A80080B485B000AF78607B68FB60FB6803330D
:1074B800BB60FB689B7803F00F03DBB2092B1ED17E
:1074C800FB689B7823F00F03DBB2002B19D1BB6854
:1074D8009B78002B17D1BB689A780E4B1A770D4B07
:1074E8001B7F002B02D10B4B00225A77BB681A78FE
:1074F800084B9A76BB685A78064BDA7604E000BFE8
:1075080002E000BF00E000BF1437BD465DF8047B11
:10751800704700BFF836002080B582B000AF09235D
:107528003B7000237B70054BC7F802303B4618467A
:1075380000F098F800BF0837BD4680BDA974000860
:1075480080B485B000AF78607B68FB60FB6803336C
:10755800BB60FB689B7803F00F03DBB2092B16D1E5
:10756800FB689B7823F00F03DBB2402B11D1BB687B
:107578001B78002B0FD1BB681A780A4B9A77094BF6
:107588009B7F002B08D1074B0022DA7704E000BF6D
:1075980002E000BF00E000BF1437BD465DF8047B81
:1075A800704700BFF836002080B582B000AF0923CD
:1075B8003B7004237B70054BC7F802303B461846E6
:1075C80000F050F800BF0837BD4680BD4975000877
:1075D80080B485B000AF78607B68FB60FB680333DC
:1075E800BB60FB689B7803F00F03DBB2092B19D152
:1075F800FB689B7823F00F03DBB2B02B14D1BB6878
:107608001B78002B12D1BB681A780B4B83F820200B
:10761800094B93F82030002B09D1074B002283F83F
:10762800212004E000BF02E000BF00E000BF1437E3
:10763800BD465DF8047B7047F836002080B582B0FF
:1076480000AF09233B700B237B70054BC7F8023052
:107658003B46184600F006F800BF0837BD4680BD17
:10766800D975000880B483B000AF7860214BD3F897
:10767800E0227B6818781F4913465B0013445B00BF
:107688000B4403F53A7302461A701A4BD3F8E022FA
:107698007B685878174913465B0013445B000B441A
:1076A80003F2E92302461A70124BD3F8E0227B68F2
:1076B800D3F802100F4813465B0013445B000344E1
:1076C80003F53A73C3F802100A4BD3F8E0320133DA
:1076D800084AC2F8E032074BD3F8E0321D2B03D931
:1076E800044B0022C3F8E02200BF0C37BD465DF80A
:1076F800047B70471C37002080B500AF154BD3F8CA
:10770800E022144BD3F8E4329A4221D0114BD3F83B
:10771800E42213465B0013445B0003F53A730D4AF9
:10772800134419460B4800F093FB0346022B0FD075
:10773800084BD3F8E4320133064AC2F8E432054B69
:10774800D3F8E4321D2B03D9024B0022C3F8E422FC
:1077580000BF80BD1C37002080B584B000AF034651
:10776800B9607A60FB73FFF769FFFFF71DFF00BF81
:107778001037BD4680BD000080B586B004AF184BF9
:107788009B7E002B28D0174B1B68184602F035FF4C
:107798000346B3F57A7F1FD300237B60104B9B7E93
:1077A8001B047B600E4BDB7E1A467B6813437B60B1
:1077B8000D4B59780C4B9B787A6802920022019203
:1077C800009300230A460021002003F07EFA02F00D
:1077D8002DFF0346034A136000BF0837BD4680BD2E
:1077E800F8360020803B00204CDC002080B500AF3C
:1077F800FFF782FFFFF7C0FF00BF80BD80B483B0F2
:1078080000AF7860044A7B68136000BF0C37BD4640
:107818005DF8047B704700BF1C37002080B483B03C
:1078280000AF78607B681A687B681B68D2F80C2404
:10783800C3F8102400BF0C37BD465DF8047B7047C1
:1078480080B584B000AFF860B9607A603B60244BC3
:107858001B78012B0AD1234B00221A60204B0022EF
:107868001A7002F0E3FE03461F4A13601E4B1B68A2
:10787800184602F0C2FE02463B68934207D8184BEE
:1078880001221A70174B00221A60032324E0FB68B8
:107898001A68FB6804331946104603F05EF903467C
:1078A800012B18D10F4B1B68BA681344FA68127978
:1078B8001A700C4B1B6801330A4A1360094B1B688A
:1078C8007A689A4207D8074B00221A60044B0122B3
:1078D8001A70002300E0022318461037BD4680BD09
:1078E80009000020843B0020883B002080B485B03C
:1078F80000AF78600B46FB700023FB730023BB606E
:1079080008E0BB685A1CBA607A6813441A78FB7B93
:107918001344FB73FB785A1EFA70002BF1D1FB7BE2
:1079280018461437BD465DF8047B704780B487B0AD
:1079380000AF78600B46FB700023FB750023FB73D8
:1079480000233B6108E03B695A1C3A617A6813449A
:107958001A78FB7D1344FB75FB785A1EFA70002BCE
:10796800F1D1FB7DDB43FB73FB7B0133FB73FB7BBB
:1079780018461C37BD465DF8047B704790B585B046
:1079880000AF7860084611461A460346FB700B465E
:10799800BB7013467B707B6803F51F73FB6097F819
:1079A80024300333BB60FB6897F824201A70FB6807
:1079B800FA785A707B7803F00F03D9B2FA68937893
:1079C80061F307139370BB7803F00F03D9B2FA6819
:1079D800937861F30303937097F82430002B07D052
:1079E800FB68033397F82420396A184605F066FDCA
:1079F800FB68BA68D2B297F8244011461846FFF7D8
:107A080095FF03461A46FB682344DA707B681868BA
:107A18007B6803F51F71BB6801331A4602F0ADFF9E
:107A280000BF1437BD4690BD80B483B000AF786006
:107A38007B68D3F85D345A1C7B68C3F85D247B6887
:107A4800D3F85D34022B03D97B68012283F86124C3
:107A580000BF0C37BD465DF8047B704780B582B027
:107A680000AF78607868FFF7D9FE7B681B6805214E
:107A7800184602F070FF7B68012283F81722022360
:107A880018460837BD4680BD80B584B000AF786021
:107A98000223FB737B6803F506714FF4967301228A
:107AA8007868FFF7CDFE0346032B42D801A252F8AF
:107AB80023F000BFCD7A0008037B0008197B00087B
:107AC8001F7B00087B6893F81832042B06D17B686B
:107AD800022283F817220223FB732AE07B68002224
:107AE80083F817227B68012283F858247B680122D7
:107AF80083F861240123FB731BE07B68002283F871
:107B080017227B68012283F858240123FB7310E0B5
:107B18000223FB730DE07868FFF786FF7B6800227D
:107B280083F817227B68012283F858240123FB730A
:107B380000BFFB7B18461037BD4680BD80B586B0B8
:107B480002AF786039600023FB737868FFF766FE40
:107B58003B681A783B6859780023019307F10F03B3
:107B680000930B4601217868FFF708FF7B68032222
:107B780083F81722022318461037BD4680BD00003F
:107B880080B584B000AF78600223FB737B6803F58F
:107B980006714FF4967301227868FFF751FE034689
:107BA800032B3ED801A252F823F000BFC57B000882
:107BB800F37B0008097C00080F7C00087B6893F8B9
:107BC8001832062B06D17B68042283F81722022379
:107BD800FB7326E07B68002283F817227B6801226A
:107BE80083F858240123FB731BE07B68002283F889
:107BF80017227B68012283F858240123FB7310E0C5
:107C08000223FB730DE07868FFF70EFF7B68002204
:107C180083F817227B68012283F858240123FB7319
:107C280000BFFB7B18461037BD4680BD80B584B0C9
:107C380000AF78600223FB737B6803F506714FF48D
:107C4800967301227868FFF7FBFD0346032B3ED8A5
:107C580001A252F823F000BF717C00089F7C000845
:107C6800B57C0008BB7C00087B6893F81832052BAC
:107C780006D17B68052283F817220223FB7326E0CE
:107C88007B68002283F817227B68012283F8582436
:107C98000123FB731BE07B68002283F817227B68B3
:107CA800012283F858240123FB7310E00223FB739D
:107CB8000DE07868FFF7B8FE7B68002283F817228A
:107CC8007B68012283F858240123FB7300BFFB7BE8
:107CD80018461037BD4680BD80B582B000AF7860C9
:107CE8007868FFF79BFD7B681B680421184602F043
:107CF80032FE7B68062283F81722022318460837CB
:107D0800BD4680BD90B585B000AF78607B6803F54F
:107D18000673BB600223FB737B6803F506747B68FC
:107D2800D3F8E42213465B0013445B0003F53A736F
:107D38007A6813441846FFF74DFA03461A1D4FF4A4
:107D4800967321467868FFF77BFD0346032B60D8BE
:107D580001A252F823F000BF717D0008E97D0008F8
:107D68001B7E0008FF7D00087B6803F50672BB6870
:107D78001B780433DBB219461046FFF7B7FD0346FC
:107D8800002B1CD17B68D3F8E422796813465B008A
:107D980013445B000B4403F53A73D3F802307A6856
:107DA80002F50672104698477B68072283F8172267
:107DB8007B68002283F858240223FB7329E07B6840
:107DC8001B681521184602F0C6FD7B68002283F85F
:107DD80017227B68012283F858240123FB7318E0DB
:107DE8007B68002283F817227B68012283F85824D5
:107DF8000123FB730DE07868FFF716FE7B6800220D
:107E080083F817227B68012283F858240123FB7327
:107E180000BFFB7B18461437BD4690BD80B582B0C5
:107E280000AF78607868FFF7F9FC7B681B6806216B
:107E3800184602F090FD7B68002283F817227B68C1
:107E4800002283F85824002318460837BD4680BD11
:107E580080B584B000AF786039600223FB737B681B
:107E6800D3F85934184602F0C8FB0346B3F5FA7F35
:107E780009D302F0DBFB02467B68C3F859247B6810
:107E8800002283F858247B6893F85834002B58D183
:107E98007B6893F81732072B56D801A252F823F0C3
:107EA800C97E0008D57E0008E17E0008EF7E000844
:107EB800FB7E0008077F0008137F00081F7F00086B
:107EC8007868FFF7CBFD0346FB733DE07868FFF762
:107ED800DBFD0346FB7337E039687868FFF72EFE51
:107EE8000346FB7330E07868FFF74AFE0346FB73EE
:107EF8002AE07868FFF79AFE0346FB7324E0786867
:107F0800FFF7EAFE0346FB731EE07868FFF7FAFE08
:107F18000346FB7318E07868FFF780FF0346FB739E
:107F28007B68002283F861247B68D3F85D34002BDA
:107F380009D07B68D3F85D345A1E7B68C3F85D248A
:107F480001E000BF00E000BFFB7B18461037BD46CC
:107F580080BD00BF80B584B000AF87ED030AC7EDD0
:107F6800020A87ED011AC7ED001A134B1B78012B83
:107F78001ED1114B41F288321A620F4B14225A62F9
:107F88000D4B1A6A0C4B5B6A92FBF3F30A4A936235
:107F9800094B0022DA62D7ED001A97ED011AD7EDE6
:107FA800020A97ED030A00F033F8034B00221A7017
:107FB80000BF1037BD4680BD9435002080B400AFA7
:107FC800124B01221A70114B4FF000025A600F4BEE
:107FD8004FF000029A600D4B4FF00002DA600B4B35
:107FE8004FF000021A61094B4FF000025A61074B2B
:107FF8004FF000029A61054B0022DA61034B002220
:10800800DA6200BFBD465DF8047B704794350020F6
:1080180080B48BB000AF87ED030AC7ED020A87ED85
:10802800011AC7ED001A4FF000037B623A4B1B6A36
:1080380007EE903AF8EEE77AC7ED087AD7ED027ABC
:10804800FDEEE77A17EE902A334BDA61324A7B6A03
:108058005361314AFB68936197ED087AD7ED097A45
:1080680077EE677AC7ED077A97ED027AD7ED037A4C
:1080780077EE677AC7ED067A274B4FF000025A6011
:10808800254A7B689360244B93ED027AD7ED007AFA
:1080980037EE277AD7ED077A27EE277AD7ED067AD3
:1080A80077EEA77A77EE677AC7ED057AD7ED077A84
:1080B80027EEA77AD7ED077A27EE277AD7ED056A54
:1080C800C6EE877A144BC3ED047A134BD3ED027ACC
:1080D80097ED007A37EE677A0F4BD3ED047AF0EE1E
:1080E800086A67EEA66AD7ED077A66EEA76AD7ED43
:1080F800077A66EEA77A77EE676AD7ED077A37EEE2
:10810800A77AC6EE877A044BC3ED037A00BF2C37F3
:10811800BD465DF8047B70479435002080B487B075
:1081280000AF384BDB6A07EE903AF8EEE77AC7ED16
:10813800047AD7ED047A67EEA77AC7ED037A97ED4C
:10814800037AD7ED047A67EE277AC7ED027A2D4BCA
:108158005B687B602B4B93ED027AD7ED047A67EE70
:10816800277A97ED017A77EE277AC7ED017A254BC2
:1081780093ED037AD7ED037A67EE277A97ED017AC4
:1081880077EE277AC7ED017A1E4B93ED047AD7ED87
:10819800027A67EE277A97ED017A77EE277AC7EDAC
:1081A800017A184BD3ED067A97ED017A77EE277AA4
:1081B800C7ED017AD7ED017AFDEEE77A17EE903A2E
:1081C8007B61104BDA6A0F4B1B6A9A4210DA0D4B2F
:1081D800DB6A07EE903AF8EEE77AB3EE047A77EEC8
:1081E800877AFDEEE77A17EE902A064BDA6202E00C
:1081F800044BDB697B617B6918461C37BD465DF81B
:10820800047B70479435002080B487B000AFF860D5
:108218000B467A607B8100237B6107E07B695A1CEF
:108228007A615B00FA6813447A891A807B685A1E5F
:108238007A60002BF2D100BF00BF1C37BD465DF845
:10824800047B704780B584B000AFF860B9607A608D
:108258003B60244B1A78FB6803F5104383F8A02C85
:10826800204B1B780133DAB21E4B1A70FB68BA68D0
:108278001A60FB683A68DA61FB68FA691A64FB6895
:108288007A685A60FB68BA691A62FB68164A9A608B
:10829800FB68154A5A62FB68443342F215725B2147
:1082A8001846FFF7B1FFFB6803F59C436E3342F2B3
:1082B80015725B211846FFF7A7FFFB681A68FB6871
:1082C8005B6819461046FCF7D5FBFB68DA69FB6862
:1082D8001B6A19461046FCF7CDFB00BF1037BD4698
:1082E80080BD00BFB0D800202FE33E3280B485B0F7
:1082F80000AFF860B9607A60FB68BA689A63FB6897
:108308007A68DA6300BF1437BD465DF8047B7047AE
:1083180080B500AF084801F051FA074801F090FC19
:10832800054801F04FFD044800F008F8024800F045
:108338008DF800BF80BD00BF8C3B0020B0B582B077
:1083480000AF78607B6803F5104393F8BB3C052BBE
:108358002AD17B6803F51043D3F8CC3C184602F0C9
:108368004CF90346B3F5FA7F1ED302F05FF90246D3
:108378007B6803F51043C3F8CC2C7B6803F51043E6
:1083880093F8A04C7B689B6B184602F01DF90346D6
:108398001D467B68DB6B184602F016F903461A4641
:1083A80029462046FEF7C0FD7B6803F5104393F885
:1083B800BB3C022B06D07B6803F5104393F8BB3C0B
:1083C800032B3ED17B689B6B184602F0FDF80346F1
:1083D800012B07D07B68DB6B184602F0F5F80346E3
:1083E800012B2ED17B689B6B9B7B012B04D07B6878
:1083F800DB6B9B7B012B24D17B689B6B00229A73E0
:108408007B68DB6B00229A737B6803F510430522B7
:1084180083F8BB2C7B6803F5104393F8A04C7B686A
:108428009B6B184602F0D0F803461D467B68DB6B51
:10843800184602F0C9F803461A4629462046FEF7B0
:1084480073FD00BF0837BD46B0BD000080B582B0DF
:1084580000AF78607B6803F5104393F8F83C012B74
:1084680040F08880454B1B68184602F0C6F8034662
:10847800B3F5FA7F18D37B6803F5104393F8FA3CF9
:108488000133DAB27B6803F5104383F8FA2C7B6872
:1084980003F51043002283F8F92CFEF7EDFF02F0F4
:1084A800C5F80346354A13607B6803F5104393F813
:1084B800F93C012B3DD1324B1B8A9BB2002B1ED0BD
:1084C8007B6803F51043022283F8002D7B6803F5CF
:1084D8001043002283F8FA2C7B6803F5104300222E
:1084E80083F8F82CFFF7AAF8FFF75EF87B6803F526
:1084F800104393F8A03C1846FEF752FD19E07B683C
:1085080003F51043012283F8002D7B6803F510431F
:10851800002283F8FA2C7B6803F51043002283F8C5
:10852800F82C7B6803F5104393F8A03C1846FEF737
:1085380037FD7B6803F5104393F8FA3C042B19D9EF
:108548007B6803F51043032283F8002D7B6803F54D
:108558001043002283F8FA2C7B6803F510430022AD
:1085680083F8F82C7B6803F5104393F8A03C184671
:10857800FEF716FD00BF0837BD4680BDB4D8002001
:10858800F83600200000000080B58AB000AF78609F
:1085980000237B622AA3D3E90023C7E906237B686B
:1085A80003F51043B3F8B63C1846F7F76BFF4FF0E6
:1085B8000002214BF8F70AF902460B46C7E90423E3
:1085C800D7E90423D7E90601F7F7D6FF02460B4699
:1085D800C7E902237B6803F5104393F8BA3C1846B1
:1085E800F7F750FF02460B46D7E90201F7F7C4FF39
:1085F80002460B46C7E902234FF000020F4BD7E9AA
:108608000201F7F703FE02460B4643EC172BB0EEC8
:10861800470AF0EE670A04F067FF53EC102B104688
:108628001946F8F76BFA03467B627B6A18462837C7
:10863800BD4680BDAFF30080000059400000E03F18
:10864800721CC7711CC73B4080B586B000AF78600C
:1086580039603B6807EE903AB8EEE77ADFED1D6ABD
:10866800C7EE267AC7ED057A7B6803F51043D3F881
:10867800143D07EE903AF8EEE77A97ED057A67EE43
:10868800277AC7ED047A3869F7F71EFF4FF0000222
:10869800114BF7F7BBFD02460B4643EC172BB0EE28
:1086A800470AF0EE670A04F01FFF53EC102B104640
:1086B8001946F8F7FBF90346FB607B6803F510439E
:1086C800D3F8083DFA681344FB60FB68184618376E
:1086D800BD4680BD00F07F450000E03F80B483B018
:1086E80000AF78607B6842F20F72934202D942F27F
:1086F800107300E07B6818460C37BD465DF8047BB4
:108708007047000080B582B000AF786039607B6840
:1087180003F51043D3F8AC3C44F62062B2FBF3F304
:1087280007EE903AF8EE677A3B68C3ED037A3B6848
:1087380093ED037ADFED296AC7EE267A3B68C3ED2D
:10874800037A3B68D3ED036A3B6893ED027AC6EE81
:10875800877A3B68C3ED047A3B681B691846F7F7CC
:10876800B3FE4FF000021E4BF7F750FD02460B46D2
:1087780043EC172BB0EE470AF0EE670A04F0B4FE9C
:1087880053EC102B10461946F8F7B8F902463B6827
:108798005A613B685B694FF6205293420DD93B689A
:1087A8001B681B6809229A623B685B690D4AA2FB39
:1087B8000323DA083B685A6104E03B681B681B68BE
:1087C80000229A623B685A693B681B681B68013A39
:1087D800DA6200BF0837BD4680BD00BF0024744977
:1087E8000000E03FCDCCCCCC80B582B000AF786043
:1087F8007B6803F51043D3F8982C7B6803F5104386
:10880800D3F89C3C9A4210D17B681B681B680022F5
:108818005A627B68DB691B6800225A627B6803F531
:108828001043002283F8A52CB0E07B6803F51043C1
:10883800D3F8982C7B6803F51043D3F89C3C9A42F4
:1088480053DD7B6803F51043D3F8982C7B6803F558
:108858001043D3F89C3CD31A1A467B6803F510439F
:10886800C3F8A82C7B6803F51043012283F8A42CD5
:108878007B6803F51043D3F8A83C1846FFF72EFF92
:1088880002467B6803F51043C3F8AC2C7B681C33A5
:1088980019467868FFF736FF7B6803F51043012215
:1088A80083F8A52C7B68D8697B68196A7B6803F50F
:1088B8009C426E327B6803F51043D3F8AC3C9BB204
:1088C800FBF718FF7B6803F51043D3F8983C1A466A
:1088D8007B6803F51043D3F8AC3CD31A1A467B687F
:1088E80003F51043C3F8982C50E07B6803F5104358
:1088F800D3F89C2C7B6803F51043D3F8983CD31A23
:108908001A467B6803F51043C3F8A82C7B6803F567
:108918001043002283F8A42C7B6803F51043D3F896
:10892800A83C1846FFF7DAFE02467B6803F51043B9
:10893800C3F8AC2C7B6819467868FFF7E3FE7B68C0
:1089480003F51043012283F8A52C7B6818687B681F
:1089580059687B6803F144027B6803F51043D3F838
:10896800AC3C9BB2FBF7C6FE7B6803F51043D3F81B
:10897800983C1A467B6803F51043D3F8AC3C134483
:108988001A467B6803F51043C3F8982C0837BD4690
:1089980080BD80B582B000AF786039607B6803F530
:1089A800104393F8BB3C022B14D139687868FFF761
:1089B8004BFE02467B6803F51043C3F89C2C7B688A
:1089C80003F5104393F8A53C002B04D17868FFF712
:1089D8000BFF00E000BF0837BD4680BD0000000067
:1089E800B0B586B000AFF860084611461A4603468F
:1089F800FB720B463B811346FB80FB6803F5104373
:108A080003F6D4434FF000021A60FB6803F51043E5
:108A180003F6D8434FF000021A60FB6803F51043D1
:108A28001A46FB7A82F8B43CFB6803F510431A46F1
:108A38003B89A2F8B63CFB6803F510431A46FB884D
:108A4800A2F8B83CFB6803F510431A4697F828309B
:108A580082F8BA3CFB6803F5104393F8BA3C07EE7A
:108A6800903AB8EEE77A6C4BD3ED007A67EE277A46
:108A7800FB6803F5104303F6D443C3ED007AFB68A3
:108A880003F5104303F6D44393ED007ADFED636AF0
:108A9800C7EE267AFB6803F5104303F6D843C3ED07
:108AA800007AFB6803F5104303F6D843D3ED007A48
:108AB800B7EE007AF4EEC77AF1EE10FA07D5FB6844
:108AC80003F5104303F6D8434FF07E521A604FF077
:108AD80000024FF00003C7E90423FB6803F51043C5
:108AE800B3F8B63C1846F7F7CDFC45A3D3E9002305
:108AF800F7F76CFE02460B46C7E90423FB6803F54B
:108B0800104393F8BA3C1846F7F7BCFC02460B46EC
:108B1800D7E90401F7F730FD02460B46C7E90423FD
:108B280039A3D3E90023D7E90401F7F725FD024665
:108B38000B46C7E90423FB881846F7F7B3FC02463F
:108B48000B46D7E90401F7F717FD02460B46C7E9BC
:108B580004232FA3D3E90023D7E90401F7F736FE4E
:108B680002460B46C7E904233C697B6983F000454C
:108B780020462946F7F79AFF0246FB6803F510439B
:108B8800C3F8E82CFB6803F5104393F8B43C012BB9
:108B98001AD1FB6803F5104303F6D843D3ED007AE6
:108BA800F1EE677AFB6803F5104303F6D843C3ED8B
:108BB800007AFB6803F51043D3F8E83C5B42FA6897
:108BC80002F51042C2F8E83C154B03F510431A466B
:108BD8000023C2F8D03CFB6803F510431A46002373
:108BE800C2F8F43CFB6803F51043002283F8F02C2C
:108BF8000C4B00225A7100BF1837BD46B0BD00BFEC
:108C0800000000000094E140000000000088C3401C
:108C18000000000000FEAF400C00002000007A4475
:108C28008C3B0020F836002080B483B000AF786019
:108C38007B6803F51043012283F8BB2C0E4B03F528
:108C480010431A460023C2F8D03C7B6803F5104352
:108C58001A460023C2F8F43C7B6803F5104300224F
:108C680083F8F02C054B00225A7100BF0C37BD4623
:108C78005DF8047B704700BF8C3B0020F83600206D
:108C880080B590B000AF7860834B1B8A9BB2002BF5
:108C980001D00023F7E0804B1B7E002B01D000237E
:108CA800F1E07D4BD3F81230002B01D10023EAE02C
:108CB8007B6803F51043D3F8FC3C002B01D100235B
:108CC800E1E00023FB637B6803F5104393F8B43CB1
:108CD800002B23D17B6803F51043D3F8FC2C6F4B92
:108CE8009B1ABB63B86BF7F7DDFB4FF040426C4B48
:108CF800F7F76CFD02460B461046194664A3D3E904
:108D08000023F7F739FC02460B46C7E90C23D7E9DD
:108D18000C01F7F7CBFE0346BB6327E07B6803F53E
:108D2800104393F8B43C012B20D17B6803F5104322
:108D3800D3F8FC3CBB63B86BF7F7B4FB4FF0404289
:108D4800574BF7F743FD02460B461046194650A30A
:108D5800D3E90023F7F710FC02460B46C7E90C23BA
:108D6800D7E90C01F7F7A2FE0346BB634FF00002F8
:108D78004FF00003C7E90A23474BD3F812301846CF
:108D8800F7F780FB02460B46C7E90823424BB3F9C5
:108D980016301BB21846F7F785FB02460B46C7E9A3
:108DA80006234FF000024FF00003C7E904234FF0F9
:108DB80000024FF00003C7E9022335A3D3E90023DB
:108DC800D7E90601F7F7D8FB02460B46C7E90623A1
:108DD800D7E90823C7E90A232DA3D3E90023D7E954
:108DE8000A01F7F7C9FB02460B46C7E90A234FF009
:108DF80040422B4BD7E90A01F7F7E8FC02460B463D
:108E0800C7E90A23D7E90A23C7E908237B6803F5DA
:108E18001043D3F8FC3C1846F7F744FB02460B46D0
:108E2800C7E904231AA3D3E90023D7E90401F7F714
:108E3800A3FB02460B46C7E904234FF04042184BF8
:108E4800D7E90401F7F7C2FC02460B46C7E9042339
:108E5800D7E90423C7E90223D7E90823D7E906019C
:108E6800F7F7D4F902460B4610461946D7E902230C
:108E7800F7F7CAF902460B4610461946F7F716FEE9
:108E88000346FB63FB6B18464037BD4680BD00BFF9
:108E9800000000000088C340F8360020FFFF7F0074
:108EA800FFFF5F4100000000B0B58EB000AFF86072
:108EB800084611461A460346FB720B463B81134689
:108EC800FB80002387F83730914B00225A71FB68EA
:108ED80003F51043012283F8F02CFB6803F51043D7
:108EE8001A460023C2F8F43CFB6803F510431A46FF
:108EF8000023C2F8D03CFB6803F5104303F6D443C3
:108F08004FF000021A60FB6803F5104303F6D843DC
:108F18004FF000021A60FB6803F510431A46FB7A0B
:108F280082F8B43CFB6803F510431A463B89A2F863
:108F3800B63CFB6803F510431A46FB88A2F8B83C18
:108F4800FB6803F510431A4697F8483082F8BA3C94
:108F5800FB6803F5104393F8BA3C07EE903AB8EE75
:108F6800E77A6C4BD3ED007A67EE277AFB6803F556
:108F7800104303F6D443C3ED007AFB6803F51043AE
:108F880003F6D44393ED007ADFED636AC7EE267AE1
:108F9800FB6803F5104303F6D843C3ED007AFB687A
:108FA80003F5104303F6D843D3ED007AB7EE007A01
:108FB800F4EEC77AF1EE10FA07D5FB6803F5104313
:108FC80003F6D8434FF07E521A604FF000024FF07C
:108FD8000003C7E90A23FB6803F51043B3F8B63C5E
:108FE8001846F7F74FFA44A3D3E90023F7F7EEFB47
:108FF80002460B46C7E90A23FB6803F5104393F8BA
:10900800BA3C1846F7F73EFA02460B46D7E90A017A
:10901800F7F7B2FA02460B46C7E90A2338A3D3E9A1
:109028000023D7E90A01F7F7A7FA02460B46C7E972
:109038000A23FB881846F7F735FA02460B46D7E9A4
:109048000A01F7F799FA02460B46C7E90A232EA345
:10905800D3E90023D7E90A01F7F7B8FB02460B4624
:10906800C7E90A23BC6AFB6A83F000452046294603
:10907800F7F71CFD0246FB6803F51043C3F8E82C1C
:10908800FB6803F51043D3F8E83CFA6802F5104290
:10909800C2F8F43CFB6803F5104393F8B43C012B89
:1090A8001AD1FB6803F5104303F6D843D3ED007AD1
:1090B800F1EE677AFB6803F5104303F6D843C3ED76
:1090C800007AFB6803F51043D3F8E83C5B42FA6882
:1090D80002F51042C2F8E83CF868FFF7D1FD786263
:1090E800FB6803F51043D3F8FC3C002B16D197F826
:1090F800373002E1AFF30080000000000094E14047
:10910800000000000088C3400000000000FEAF40DF
:10911800F83600200C00002000007A44FB6803F5B4
:1091280010431A467B6AC2F8983CFB6803F5104363
:109138001A467B6AC2F89C3CFB6803F5104393F817
:10914800B43C002B64D1FB6803F510431A46002396
:10915800C2F80C3DF868FFF717FA03465B421A4657
:10916800FB6803F51043C3F8102DFB6803F51043A3
:10917800D3F8103DFA6802F51042C2F8143DFB68B6
:1091880003F51043022283F8BB2C786AF7F78AF9B3
:109198005DA3D3E90023F7F7EFF902460B46C7E9C9
:1091A8000423FB6803F51043D3F8143D1846F7F77A
:1091B80079F902460B46D7E90401F7F707FB02469F
:1091C8000B46C7E904234FF00002514BD7E90401CD
:1091D800F7F71CF802460B4643EC172BB0EE470A8C
:1091E800F0EE670A04F080F953EC102B104619468C
:1091F800F7F75CFC0246FB6803F51043C3F8E02C64
:10920800FB6803F510431A467B6AC2F8EC3C69E038
:10921800FB6803F5104393F8B43C012B62D1FB685B
:1092280003F510431A460023C2F8103DF868FFF70B
:10923800ABF903461A46FB6803F51043C3F80C2D37
:10924800FB6803F51043D3F80C3DFA6802F51042A9
:10925800C2F8143DFB6803F51043022283F8BB2CC7
:10926800786AF7F71FF928A3D3E90023F7F784F9F9
:1092780002460B46C7E90623FB6803F51043D3F8FB
:10928800143D1846F7F70EF902460B46D7E90601D2
:10929800F7F79CFA02460B46C7E906234FF000028F
:1092A8001B4BD7E90601F6F7B1FF02460B4643EC24
:1092B800172BB0EE470AF0EE670A04F015F953ECE5
:1092C800102B10461946F7F7F1FB0246FB6803F529
:1092D8001043C3F8E02CFB6803F510431A467B6A79
:1092E800C2F8EC3C012387F83730FB6803F51043DC
:1092F800022283F8BB2C97F8373018463837BD461A
:10930800B0BD00BFAFF300800000000000FEAF401A
:109318000000E03F80B584B000AFF860B9607A60C3
:10932800FB6803F51043D3F8DC3C184601F065F9F7
:109338000346002B22D001F079F90246FB6803F5B9
:109348001043C3F8DC2CFB6803F51043D3F89C3CAE
:109358001946BB687A6802FB03F30B441A46FB689C
:1093680003F51043C3F89C2CFB6803F5104393F8EE
:10937800A53C002B02D1F868FFF736FA00BF10377A
:10938800BD4680BD80B584B000AF786039600023E9
:10939800FB737B6803F5104393F8B43C002B0BD1A7
:1093A8007B6803F51043D3F89C3C3A689A420FDB7C
:1093B8000123FB73FB7B31E07B6803F51043D3F893
:1093C8009C3C3A689A4203DC0123FB73FB7B25E053
:1093D8007B6803F51043D3F89C3C07EE903AB8EE4F
:1093E800E77A7B6803F5104303F6D843D3ED007A98
:1093F80077EE677AFDEEE77A17EE902A7B6803F539
:109408001043C3F89C2C7B6803F5104393F8A53CE4
:10941800002B02D17868FFF7E7F9FB7B1846103775
:10942800BD4680BD80B582B000AF78603960344BEE
:109438001B78012B07D1324B00221A7001F0F6F885
:109448000346304A13602F4B1B68184601F0D5F8C5
:10945800034640F6B832934201D802234CE02A4B27
:109468001B78012B0FD1284B00221A70274B0022A2
:109478001A71264B00225A71FDF774FF01F0D6F8D5
:109488000346234A1360224B1B68184601F0B5F8BF
:1094980002463B68934207D81B4B01221A70184BAF
:1094A80001221A70032327E01A4B1B68184601F0A3
:1094B800A4F80346B3F57A7F06D3FDF753FF01F00E
:1094C800B5F80346134A1360104B1B79012B12D1D0
:1094D8000E4B01225A710D4BD3F806307A6802F50B
:1094E8001042C2F8D03C084B01221A70044B0122EA
:1094F8001A70002300E0022318460837BD4680BDD5
:1095080010000020B8D8002011000020F8360020F4
:10951800BCD80020C0D8002080B582B000AF7860E9
:109528003960464B1B78012B07D1444B00221A7037
:1095380001F07CF80346424A1360414B1B68184609
:1095480001F05BF8034640F6B832934201D8022393
:109558006FE03C4B1B78012B0FD13A4B00221A705D
:10956800394B00221A71384B00225A71FDF7FAFE66
:1095780001F05CF80346354A1360344B1B68184603
:1095880001F03BF802463B68934207D82D4B012275
:109598001A702A4B01221A7003234AE02C4B1B68CD
:1095A800184601F02AF80346B3F57A7F06D3FDF78B
:1095B800D9FE01F03BF80346254A1360224B1B797C
:1095C800012B35D1204B01225A717B6803F51043DA
:1095D80093F8B43C002B0ED11B4BD3F806207B68C4
:1095E80003F51043D3F8F43CD31A7A6802F5104215
:1095F800C2F8D03C14E07B6803F5104393F8B43C00
:10960800012B0DD1104BD3F806207B6803F51043CE
:10961800D3F8F43C13447A6802F51042C2F8D03CFF
:10962800084B01221A70054B01221A70002300E032
:10963800022318460837BD4680BD00BF120000202F
:10964800C4D8002013000020F8360020C8D8002015
:10965800CCD8002080B582B000AF78603960524B1A
:109668001B78012B18D1504B00221A704F4B002247
:109678001A704F4B012283F821204D4B01225A7654
:10968800FDF7DCFF00F0D2FF03464A4A136000F002
:10969800CDFF0346484A1360464B1B68184600F046
:1096A800ACFF02463B68934207D83F4B01221A7031
:1096B8003E4B00221A70032371E03C4B1B78022BAF
:1096C8003ED0022B6ADC002B02D0012B25D065E0AE
:1096D800374B93F82130002B0AD1FDF7CDFE334BE1
:1096E80001221A7000F0A2FF0346334A136055E0C6
:1096F800314B1B68184600F080FF0346B3F5167F10
:1097080047D32B4B012283F82120FDF797FF00F068
:109718008DFF0346284A13603BE0274B1B68184619
:1097280000F06BFF034640F6B732934233D91F4B24
:1097380002221A7000F07AFF03461F4A13602AE0DB
:109748001B4B5B7E002B10D1194BD3F812301A46F5
:109758007B6803F51043C3F8FC2C134B01221A70E5
:10976800124B00221A70002319E0134B1B6818468D
:1097780000F043FF0346B3F5167F0ED30C4B0122CE
:109788005A76FDF779FE00F051FF03460A4A136046
:1097980003E000BF02E000BF00E000BF022318465C
:1097A8000837BD4680BD00BF14000020D0D8002077
:1097B800F8360020D4D80020D8D8002080B584B04E
:1097C80000AF78600223FB737B6803F5104393F8BE
:1097D800BB3C012B40F02D827B6803F5104393F8C6
:1097E800BC3C012B40F01A817B6803F51043D3F889
:1097F800C03C184600F001FF034640F6B7329342DA
:1098080040F219827B6803F51043D3F8C83C184628
:1098180000F0F3FE0346002B00F00D8200F006FF77
:1098280002467B6803F51043C3F8C82C7B6803F530
:109838001043D3F8C43C19467868FFF7A3FD0346E4
:10984800012B40F0F881B84B1B78002B08D141F66A
:1098580058317868FFF7E6FD03461A46B34B1A708D
:10986800B24B1B78002B03D0B04B1B78032B09D1CC
:10987800AD4B01221A7042F210717868FFF7EAFEC8
:109888000346FB73FB7B002B03D0FB7B032B40F0D1
:10989800D281FB7B032B06D17B6803F510431A4664
:1098A8000023C2F8FC3CA04B00221A709F4B0222F6
:1098B8001A707B6803F51043002283F8BC2C7B6880
:1098C80003F510431A460023C2F8C43C7B6803F52D
:1098D800104393F8B43C002B4CD17B6803F510433C
:1098E8001A460023C2F8983C7B6803F510431A46D1
:1098F8000023C2F89C3C7B6803F510431A460023FA
:10990800C2F80C3D7868FEF73FFE03465B421A46F4
:109918007B6803F51043C3F8102D7B6803F51043EB
:10992800D3F8103D7A6802F51042C2F8143D7B68FE
:1099380003F51043022283F8BB2C7B6803F5104320
:109948001A460023C2F8E03C7B6803F510431A4628
:109958000023C2F8EC3C7B6803F5104393F8A02C75
:109968007B6803F51043D3F8FC3C19461046FDF715
:10997800FBFA60E17B6803F5104393F8B43C012BD4
:1099880040F059817B6803F510431A460023C2F85A
:10999800983C7B6803F510431A460023C2F89C3CA8
:1099A8007B6803F510431A460023C2F8103D786817
:1099B800FEF7EAFD03461A467B6803F51043C3F831
:1099C8000C2D7B6803F51043D3F80C3D7A6802F53B
:1099D8001042C2F8143D7B6803F51043022283F855
:1099E800BB2C7B6803F510431A460023C2F8E03C01
:1099F8007B6803F510431A460023C2F8EC3C7B68E9
:109A080003F5104393F8A02C7B6803F51043D3F8B3
:109A1800FC3C19461046FDF7A7FA0CE17B6803F5F4
:109A2800104393F8B43C002B40F082807B68DB6BDA
:109A3800184600F0C9FD0346012B64D17B6803F585
:109A480010431A460023C2F8983C7B6803F510437C
:109A58001A460023C2F89C3C7B6803F510431A465B
:109A68000023C2F80C3D7868FEF78EFD03465B4282
:109A78001A467B6803F51043C3F8102D7B6803F57D
:109A88001043D3F8103D7A6802F51042C2F8143D2D
:109A98007B6803F51043012283F8BC2C7B6803F52F
:109AA800104303F6D443D3ED007AF1EE677AB1EEB2
:109AB800047A67EE877AFDEEE77A17EE902A7B68DC
:109AC80003F51043C3F8C42C00F0B0FD02467B68D0
:109AD80003F51043C3F8C82C00F0A8FD02467B68C4
:109AE80003F51043C3F8C02C7B6803F510431A46EE
:109AF8000023C2F8E03C7B6803F510431A460023B4
:109B0800C2F8EC3C98E07B6803F5104303F6D843B1
:109B1800D3ED007AFDEEE77A012217EE901A786805
:109B2800FFF7F8FB88E000BFDCD800201500002014
:109B38007B6803F5104393F8B43C012B7CD17B6818
:109B4800DB6B184600F040FD0346012B61D17B68B2
:109B580003F510431A460023C2F8983C7B6803F5C6
:109B680010431A460023C2F89C3C7B6803F5104357
:109B78001A460023C2F8103D7868FEF705FD034633
:109B88001A467B6803F51043C3F80C2D7B6803F570
:109B98001043D3F80C3D7A6802F51042C2F8143D20
:109BA8007B6803F51043012283F8BC2C7B6803F51E
:109BB800104303F6D443D3ED007AB1EE047A67EE8E
:109BC800877AFDEEE77A17EE902A7B6803F5104353
:109BD800C3F8C42C00F02AFD02467B6803F5104345
:109BE800C3F8C82C00F022FD02467B6803F5104339
:109BF800C3F8C02C7B6803F510431A460023C2F84B
:109C0800E03C7B6803F510431A460023C2F8EC3C9D
:109C180012E07B6803F5104303F6D843D3ED007ACE
:109C2800FDEEE77A012217EE901A7868FFF772FBCB
:109C380002E000BF00E000BF1037BD4680BD00BF96
:109C480080B582B000AF78607B6803F5104393F865
:109C5800BB3C032B40F0AD80574B1B78012B21D127
:109C6800FEF7ACF97B6803F51043D3F8EC3C07EE3C
:109C7800903AF8EEE77A7B6803F51043D3F8E83CAE
:109C880007EE103AB8EEC77ADFED4C1A9FED4B1A83
:109C9800F0EE470AB0EE670AFEF75CF9464B002281
:109CA8001A7086E07B6803F51043002283F8002DC4
:109CB8007B6803F51043D3F8E82C7B6803F5104361
:109CC800D3F8EC3C9A422FD07B6803F51043D3F8C5
:109CD800E43C184600F091FC0346132B69D97B68D5
:109CE80003F5104393F8A53C002B14D1FEF716FAA0
:109CF80002467B6803F51043C3F89C2C7B6803F588
:109D08001043D3F89C3C7A6802F51042C2F8EC3C48
:109D18007868FEF769FD00F089FC02467B6803F568
:109D28001043C3F8E42C44E07B6803F5104393F830
:109D3800F03C012B22D141F658317868FFF7ECFB53
:109D480003461A461E4B1A701D4B1B78022B30D047
:109D58001B4B02221A707B6803F51043022283F81A
:109D6800BB2C7B6803F5104393F8A03C02211846EE
:109D7800FDF73CF9104B01221A701AE07B6803F5D5
:109D88001043002283F8F02C0D4B02221A707B68D6
:109D980003F51043022283F8BB2C7B6803F51043BC
:109DA80093F8A03C02211846FDF720F9024B012246
:109DB8001A700837BD4680BD16000020000000005C
:109DC8001700002080B582B000AF78607B6803F58B
:109DD800104393F8183D012B5FD17B6803F51043BE
:109DE800D3F8203D184600F008FC0346C72B0DD9D0
:109DF8007B6803F51043002283F8182D7B6803F570
:109E080010431A460023C2F81C3D49E07B6803F55D
:109E18001043D3F81C3D002B12DD7B6803F510437B
:109E2800D3F8982C7B6803F51043D3F81C3D1A44EB
:109E38007B6803F51043D3F89C3C9A4212DA2FE072
:109E48007B6803F51043D3F8982C7B6803F510431F
:109E5800D3F81C3D1A447B6803F51043D3F89C3CA7
:109E68009A421CDC7B6803F51043D3F89C2C7B6872
:109E780003F51043D3F81C3D13447A6802F51042E9
:109E8800C2F89C3C7B6803F5104393F8A53C002B73
:109E980006D17868FEF7A8FC02E000BF00E000BF2A
:109EA8000837BD4680BD000080B582B000AF78603D
:109EB80000217868FAF7DEFD0348FEF795FC00BF3D
:109EC8000837BD4680BD00BF8C3B002080B582B0FE
:109ED80000AF78600B467B807B8819467868FEF770
:109EE80058FD00BF0837BD4680BD80B586B002AFBB
:109EF800F860084611461A460346FB720B463B813A
:109F08001346FB80F8883A89F97A3B7E009303462A
:109F1800F868FEF765FD00BF1037BD4680BD80B507
:109F280082B000AF78607868FEF77EFE00BF083721
:109F3800BD4680BD80B586B002AFF86008461146C0
:109F48001A460346FB720B463B811346FB80F88892
:109F58003A89F97A3B7E00930346F868FEF7A4FF36
:109F6800034618461037BD4680BD80B485B000AFA3
:109F780078607B68FB60FB6803F5104393F8BB3C93
:109F8800022B09D1FB6803F51043D3F8983CFA6813
:109F980002F51042C2F8EC3CFB6803F510430322BB
:109FA80083F8BB2C00BF1437BD465DF8047B7047AF
:109FB80080B584B000AF78600B467B807B68FB601F
:109FC800FB6803F51043012283F8182DB7F9023016
:109FD800FA6802F51042C2F81C3D00F027FB024661
:109FE800FB6803F51043C3F8202D00BF1037BD46AA
:109FF80080BD80B485B000AF786039607B68FB6055
:10A008003B68FA6802F51042C2F8FC3C00BF1437FE
:10A01800BD465DF8047B704780B485B000AF7860BA
:10A028007B68FB60FB6803F5104393F8BB3C18465C
:10A038001437BD465DF8047B704780B485B000AF27
:10A0480078607B68FB60FB6803F5104393F8F83C85
:10A05800002B0BD1FB6803F51043002283F8002D79
:10A06800FB6803F51043012283F8F82CFB6803F51D
:10A07800104393F8003D18461437BD465DF8047B3D
:10A08800704780B485B000AF78607B68FB60FB6880
:10A0980003F5104393F8003D18461437BD465DF8A4
:10A0A800047B704780B485B000AF78607B68FB6044
:10A0B800FB6803F5104393F8BB3C022B05D1FB6802
:10A0C80003F51043D3F8FC3C00E00023184614378E
:10A0D800BD465DF8047B704780B483B000AF7860FC
:10A0E8000B467B8013463B8000BF0C37BD465DF8AE
:10A0F800047B704780B485B000AF78603960002376
:10A10800FB810023BB6016E0FB891B021AB2FB89A6
:10A118001B0A9BB218467B68591C79601B78434020
:10A12800DBB20A4931F813301BB253401BB2FB8132
:10A13800BB680133BB60BA683B689A42E4D3FB89C9
:10A1480018461437BD465DF8047B704728D60008CA
:10A1580080B483B000AF7860044A7B68136000BFA6
:10A168000C37BD465DF8047B704700BFE0D800207F
:10A1780080B582B000AF03460A46FB711346BB7137
:10A18800FB79184601F00AFB00BF0837BD4680BDC1
:10A1980080B400AF064B00225A8100229A81044BFA
:10A1A800002283F8172200BFBD465DF8047B704784
:10A1B800E0D8002080B500AFFFF7EAFF0D4B1B7910
:10A1C8005B2B14D10B4BD3F80A300A4A1179094A90
:10A1D80013440A4683F81822064BD3F80A30013391
:10A1E800044AC2F80A30034B012283F8172200BF41
:10A1F80080BD00BFE0D8002080B400AF0C4BD3F87E
:10A208000A300B4A11790A4A13440A4683F818227D
:10A21800074BD3F80A300133054AC2F80A30044B19
:10A22800022283F8172200BFBD465DF8047B704701
:10A23800E0D8002080B400AF0F4BD3F80A300E4AA4
:10A2480011790D4A13440A4683F818220A4BD3F8A9
:10A258000A300133084AC2F80A30074B0022DA8173
:10A2680000221A82044B032283F8172200BFBD463E
:10A278005DF8047B704700BFE0D8002080B400AFD1
:10A28800154BD3F80A30144A1179134A13440A4675
:10A2980083F81822104BD3F80A3001330E4AC2F85B
:10A2A8000A300D4BD3F80E3001330B4AC2F80E308A
:10A2B800094BD3F80E30012B08D9074B0022DA815D
:10A2C80000221A82044B042283F8172200BFBD46DD
:10A2D8005DF8047B704700BFE0D8002080B400AF71
:10A2E800154BD3F80A30144A1179134A13440A4615
:10A2F80083F81822104BD3F80A3001330E4AC2F8FB
:10A308000A300D4BD3F80E3001330B4AC2F80E3029
:10A31800094BD3F80E30012B08D9074B0022DA81FC
:10A3280000221A82044B052283F8172200BFBD467B
:10A338005DF8047B704700BFE0D8002080B586B088
:10A3480000AF1E4B1B795D2B30D11C4BD3F80A3064
:10A358001A4A1179194A13440A4683F81822184BE5
:10A368007B617B6901333B613B690233FB60FB68BE
:10A378000233BB60BB6802337B6005211048FFF7DE
:10A38800B9FE03467B80BB681B889BB27A889A42D9
:10A398000CD13B691B78492B09D1FB681A78FB68FB
:10A3A8005B7819461046FFF7E3FE00E000BFFFF7B1
:10A3B800EFFE00BF1837BD4680BD00BFE0D80020C3
:10A3C800F8DA002080B500AF194B1B681949184608
:10A3D80000F0C3FB0346012B26D1154B93F8173227
:10A3E800052B22D801A252F823F000BF0DA40008C3
:10A3F80013A4000819A400081FA4000825A4000835
:10A408002BA40008FFF7D6FE0FE0FFF7F5FE0CE0DF
:10A41800FFF710FF09E0FFF731FF06E0FFF75EFFE7
:10A4280003E0FFF78BFF00E000BF00BF80BD00BF67
:10A43800E0D80020E4D8002080B500AFFFF7C2FFC5
:10A4480000BF80BD80B584B000AFF8607B600B466C
:10A45800FB721346BB72FB687A681A60FB683A8B1A
:10A468009A80FB7A03F07F03D9B2FA68937A61F392
:10A4780047039372BB7A03F00103D9B2FA68937A5F
:10A4880061F300039372FB683A7F1A72FB6897F8CE
:10A4980020205A72F86800F005F800BF1037BD4652
:10A4A80080BD000080B582B000AF78600D4B93F896
:10A4B800283019460B4A7B6842F82130094B93F83B
:10A4C80028300133DAB2074B83F82820054B93F87C
:10A4D8002830092B01D9F7F71FF900BF0837BD4607
:10A4E80080BD00BFCCDB002080B582B000AF154B2B
:10A4F80093F82830FB710023BB710023BB7116E071
:10A50800BB79DBB21A460F4B53F82230184600F0DD
:10A518001BF8BB79DBB21A460A4B53F822301846AF
:10A5280000F02FF8BB79DBB20133DBB2BB71BB792A
:10A53800DBB2FA799A42E3D800BF00BF0837BD46BC
:10A5480080BD00BFCCDB002080B582B000AF786052
:10A558007B681A687B689B8819461046F9F770F97A
:10A5680003461A467B685B7A9A4203D17B680122CC
:10A57800DA7202E07B680022DA7200BF0837BD4653
:10A5880080BD80B582B000AF78607B68DA7A7B687E
:10A598001A737B681A7B7B685B7B9A4210D07B6856
:10A5A8001A7B7B685A737B6801229A737B6803F174
:10A5B8000A027B681B7B9BB219461046FCF736FDE6
:10A5C80000BF0837BD4680BD80B582B000AF786057
:10A5D8007B681A687B689B8819461046F9F730F93A
:10A5E80003461A467B685B7A9A4201D1012300E050
:10A5F800002318460837BD4680BD80B582B000AF3D
:10A608007860F7F7D1FB02467B68934205D8F7F7E5
:10A61800CBFB02467B68D31A04E0F7F7C5FB02467A
:10A628007B68D31A18460837BD4680BD80B500AF91
:10A63800F7F7BAFB0346184680BD80B584B000AF73
:10A64800F860B9607A60BB681B681846FFF7D5FFE9
:10A6580002467B68934206D8FB689847F7F7A4FB45
:10A668000246BB681A6000BF1037BD4680BD0000B7
:10A6780080B582B000AF78603960114B93F85030E4
:10A6880019460F4A3B6842F831300D4B93F8503069
:10A698000B4ADB0013447A685A60094B93F8503030
:10A6A8000133DAB2064B83F85020054B93F850304B
:10A6B800092B01D9F7F730F800BF0837BD4680BD30
:10A6C800F8DB002080B582B000AF786039607B6825
:10A6D8003A681A603B681B6819467868FFF7C8FF34
:10A6E80000BF0837BD4680BD80B582B000AF786036
:10A6F80000BF7B6818687B6803F6140301221946BB
:10A70800FBF708F90346002BF3D100BF00BF083759
:10A71800BD4680BD80B584B000AFF860B96013460F
:10A72800FB80FB68012283F81528FB68BA68C3F828
:10A738001628FB68FA88A3F81A28F86800F021F8A8
:10A7480000BF1037BD4680BD80B483B000AF7860CD
:10A758007B6893F81538012B0DD17B68D3F8163830
:10A768005A697B68B3F81A389BB219467B68D3F8E4
:10A7780016380A435A6100BF0C37BD465DF8047BA2
:10A78800704780B483B000AF78607B6893F8153861
:10A79800012B0ED17B68D3F816385A697B68B3F859
:10A7A8001A389BB2DB4319467B68D3F816380A403F
:10A7B8005A6100BF0C37BD465DF8047B704780B412
:10A7C80083B000AF78607B681B78012B1FD17B6852
:10A7D8005B78002B0ED17B68D3F802305A697B680E
:10A7E800DB889BB2DB4319467B68D3F802300A400A
:10A7F8005A610CE07B68D3F802305A697B68DB88C1
:10A808009BB219467B68D3F802300A435A6100BFED
:10A818000C37BD465DF8047B704780B483B000AF49
:10A8280078607B681B78012B23D17B685B78002BD1
:10A838001FD17B685B78002B0DD17B68D3F8023081
:10A848005A697B68DB889BB219467B68D3F802306B
:10A858000A435A610DE07B68D3F802305A697B6875
:10A86800DB889BB2DB4319467B68D3F802300A4089
:10A878005A6100BF0C37BD465DF8047B704780B550
:10A8880084B000AF78600023FB607B685A687B68FF
:10A898009B689A4209D17868FFF773FF7B6803F6D3
:10A8A8001C031846FFF7B9FF2DE07B685A687B68E0
:10A8B8009B689A4206D97B685A687B689B68D31A5A
:10A8C800FB600AE07B685A687B689B689A4204D2FE
:10A8D8007B689B68C3F58063FB607868FFF734FF8B
:10A8E8007B6803F61C031846FFF769FF7B68186846
:10A8F8007B689B6808337A6813440433FA6892B219
:10A908001946FAF7C2FF1037BD4680BD80B483B040
:10A9180000AF78600B46FB707B685B687A6813440D
:10A92800FA781A737B685B685A1C7B685A607B6884
:10A938005B68B3F5806F08D37B6800221A71002228
:10A948005A7100229A710022DA7100BF0C37BD4695
:10A958005DF8047B704780B582B000AF78600B4625
:10A96800FB70FB7819467868FFF7D0FF7868FFF727
:10A9780086FF00BF0837BD4680BD80B586B000AFF2
:10A98800F860B9607A6000237B610AE07B695A1C31
:10A998007A611A46BB6813441B781946F868FFF7B2
:10A9A800B5FF7B685A1E7A60002BEFD1F868FFF775
:10A9B80066FF00BF1837BD4680BD000080B485B073
:10A9C80000AF78600023FB60164B93F85030FB72A1
:10A9D8000023BB720023BB7217E0BB7ADBB21A46B6
:10A9E800104B53F832301A467B68934208D1BB7A31
:10A9F800DBB20C4ADB0013445B68FB60FB680AE0CF
:10AA0800BB7ADBB20133DBB2BB72BB7ADBB2FA7A58
:10AA18009A42E2D8FB6818461437BD465DF8047BB5
:10AA2800704700BFF8DB002080B584B000AF7860C5
:10AA38007B681B681846FFF7C1FFB8600023FB60FE
:10AA4800BB68002B42D0BB689B68BA681268928CBE
:10AA58001A44BB689A60BB689B68B3F5806F05D3DE
:10AA6800BB689B68A3F58062BB689A60BB685A683C
:10AA7800BB689B689A421FD0BB685A68BB689B68D2
:10AA88009A4206D9BB685A68BB689B68D31AFB60B0
:10AA980004E0BB689B68C3F58063FB60BB6818680B
:10AAA800BB689B680833BA6813440433FA6892B2E7
:10AAB8001946FAF7EAFE0AE0B868FFF762FEBB68D3
:10AAC80003F61C031846FFF7A8FE00E000BF103786
:10AAD800BD4680BD80B584B000AF78607B681B68D8
:10AAE8001846FFF76BFFF860FB68002B31D0FB6856
:10AAF800D3F80C34FA6892F81418FA6813440A4622
:10AB080083F81424FB68D3F80C345A1CFB68C3F888
:10AB18000C24FB68D3F80C34B3F5806F0CD3FB68B6
:10AB2800002283F80C24002283F80D24002283F8E5
:10AB38000E24002283F80F2400BFFB6803F61403D9
:10AB4800012219467868FAF7E5FE0346002BF4D18E
:10AB580000E000BF1037BD4680BD80B582B000AFB1
:10AB6800786039607B68D3F80C247B68D3F810349C
:10AB78009A422AD07B68D3F810347A68134493F841
:10AB880014243B681A707B68D3F810345A1C7B680D
:10AB9800C3F810247B68D3F81034B3F5806F0CD356
:10ABA8007B68002283F81024002283F811240022F5
:10ABB80083F81224002283F813247B6803F6240305
:10ABC8001846FFF7FCFD012306E07B6803F6240323
:10ABD8001846FFF722FE002318460837BD4680BDF9
:10ABE80080B485B000AF0346B9607A60FB7300BFDC
:10ABF8001437BD465DF8047B704780B485B000AF5C
:10AC08000346B9607A60FB7300BF1437BD465DF830
:10AC1800047B704780B485B000AF0346B9607A60A2
:10AC2800FB7300BF1437BD465DF8047B704780B4E2
:10AC380085B000AF0346B9607A60FB7300BF143774
:10AC4800BD465DF8047B704780B485B000AF03460D
:10AC5800B9607A60FB7300BF1437BD465DF8047BAA
:10AC6800704780B485B000AF0346B9607A60FB7363
:10AC780000BF1437BD465DF8047B704780B485B0CB
:10AC880000AF0346B9607A60FB7300BF1437BD4656
:10AC98005DF8047B704780B485B000AF0346B960A7
:10ACA8007A60FB7300BF1437BD465DF8047B7047BC
:10ACB80080B485B000AF0346B9607A60FB7300BF0B
:10ACC8001437BD465DF8047B704790B589B006AF70
:10ACD8000446084611461A462346FB710346BB71D3
:10ACE8000B467B7113463B717979BA793B7F0493A4
:10ACF8003B7E039301230293062301933B79009340
:10AD08000B460421002001F0F5FB0446386A01F0E7
:10AD180027FB0246FB792146184601F01FFA00BFBF
:10AD28000C37BD4690BD80B485B000AF0346B9600E
:10AD38007A60FB7300BF1437BD465DF8047B70472B
:10AD480080B485B000AF0346B9607A60FB7300BF7A
:10AD58001437BD465DF8047B704780B485B000AFFA
:10AD68000346B9607A60FB7300BF1437BD465DF8CF
:10AD7800047B704780B485B000AF0346B9607A6041
:10AD8800FB7300BF1437BD465DF8047B704780B481
:10AD980085B000AF0346B9607A60FB7300BF143713
:10ADA800BD465DF8047B704780B485B000AF0346AC
:10ADB800B9607A60FB7300BF1437BD465DF8047B49
:10ADC800704780B485B000AF0346B9607A60FB7302
:10ADD80000BF1437BD465DF8047B704780B485B06A
:10ADE80000AF0346B9607A60FB7300BF1437BD46F5
:10ADF8005DF8047B704790B589B006AF04460846F5
:10AE080011461A462346FB710346BB710B467B71FC
:10AE180013463B717979BA793B7F04933B7E039360
:10AE280000230293002301933B7900930B460021F2
:10AE3800002001F05FFB044601F0A4FA0246FB790A
:10AE48002146184601F08AF900BF0C37BD4690BD6F
:10AE580080B485B000AF0346B9607A60FB7300BF69
:10AE68001437BD465DF8047B704780B485B000AFE9
:10AE78000346B9607A60FB7300BF1437BD465DF8BE
:10AE8800047B704790B589B006AF04460846114662
:10AE98001A462346FB710346BB710B467B7113466A
:10AEA8003B717979BA793B7F04933B7E0393012305
:10AEB8000293002301933B7900930B46072101205D
:10AEC80001F018FB0446BB8D3A8DB98C97F8200029
:10AED80001F062FA0246FB792146184601F03EF974
:10AEE80000BF0C37BD4690BD80B485B000AF0346A7
:10AEF800B9607A60FB7300BF1437BD465DF8047B08
:10AF0800704780B485B000AF0346B9607A60FB73C0
:10AF180000BF1437BD465DF8047B704780B485B028
:10AF280000AF0346B9607A60FB7300BF1437BD46B3
:10AF38005DF8047B704780B485B000AF0346B96004
:10AF48007A60FB7300BF1437BD465DF8047B704719
:10AF580080B485B000AF0346B9607A60FB7300BF68
:10AF68001437BD465DF8047B704790B589B006AFCD
:10AF78000446084611461A462346FB710346BB7130
:10AF88000B467B7113463B717979BA793B7F049301
:10AF98003B7E039303230293002301933B790093A1
:10AFA8000B460221002001F0A5FA044697F8242058
:10AFB80097F820301146184601F016FA0246FB7938
:10AFC8002146184601F0CAF800BF0C37BD4690BDAF
:10AFD80090B589B006AF0446084611461A4623467E
:10AFE800FB710346BB710B467B7113463B71797944
:10AFF800BA793B7F04933B7E039303230293002398
:10B0080001933B7900930B460221012001F072FA6B
:10B01800044697F8242097F820301146184601F086
:10B02800FDF90246FB792146184601F097F800BF62
:10B038000C37BD4690BD80B485B000AF0346B960FB
:10B048007A60FB7300BF1437BD465DF8047B704718
:10B0580090B589B006AF0446084611461A462346FD
:10B06800FB710346BB710B467B7113463B717979C3
:10B07800BA793B7F04933B7E039304230293002316
:10B0880001933B7900930B460421002001F032FA2A
:10B098000446386A01F0DCF90246FB792146184675
:10B0A80001F05CF800BF0C37BD4690BD90B589B083
:10B0B80006AF0446084611461A462346FB71034666
:10B0C800BB710B467B7113463B717979BA793B7F2B
:10B0D80004933B7E039304230293002301933B795B
:10B0E80000930B460421012001F004FA0446386A53
:10B0F80001F0C0F90246FB792146184601F02EF806
:10B1080000BF0C37BD4690BD80B485B000AF034684
:10B11800B9607A60FB7300BF1437BD465DF8047BE5
:10B12800704780B485B000AF0346B9607A60FB739E
:10B1380000BF1437BD465DF8047B704790B589B0F1
:10B1480006AF0446084611461A462346FB710346D5
:10B15800BB710B467B7113463B717979BA793B7F9A
:10B1680004933B7E039305230293002301933B79C9
:10B1780000930B460021012001F0BCF9044601F0C0
:10B188008BF90246FB792146184600F0E7FF00BF1D
:10B198000C37BD4690BD80B485B000AF0346B9609A
:10B1A8007A60FB7300BF1437BD465DF8047B7047B7
:10B1B80090B589B006AF0446084611461A4623469C
:10B1C800FB710346BB710B467B7113463B71797962
:10B1D800BA793B7F04933B7E0393062302930023B3
:10B1E80001933B7900930B460021012001F082F97D
:10B1F800044601F05BF90246FB792146184600F047
:10B20800ADFF00BF0C37BD4690BD80B485B000AF20
:10B218000346B9607A60FB7300BF1437BD465DF81A
:10B22800047B704780B485B000AF0346B9607A608C
:10B23800FB7300BF1437BD465DF8047B704780B4CC
:10B2480085B000AF0346B9607A60FB7300BF14375E
:10B25800BD465DF8047B704780B485B000AF0346F7
:10B26800B9607A60FB7300BF1437BD465DF8047B94
:10B27800704780B485B000AF0346B9607A60FB734D
:10B2880000BF1437BD465DF8047B704780B485B0B5
:10B2980000AF0346B9607A60FB7300BF1437BD4640
:10B2A8005DF8047B704780B485B000AF0346B96091
:10B2B8007A60FB7300BF1437BD465DF8047B7047A6
:10B2C80080B485B000AF0346B9607A60FB7300BFF5
:10B2D8001437BD465DF8047B704780B485B000AF75
:10B2E8000346B9607A60FB7300BF1437BD465DF84A
:10B2F800047B704780B485B000AF0346B9607A60BC
:10B30800FB7300BF1437BD465DF8047B704780B4FB
:10B3180085B000AF0346B9607A60FB7300BF14378D
:10B32800BD465DF8047B704780B485B000AF034626
:10B33800B9607A60FB7300BF1437BD465DF8047BC3
:10B34800704780B485B000AF0346B9607A60FB737C
:10B3580000BF1437BD465DF8047B704780B485B0E4
:10B3680000AF0346B9607A60FB7300BF1437BD466F
:10B378005DF8047B704780B485B000AF0346B960C0
:10B388007A60FB7300BF1437BD465DF8047B7047D5
:10B3980080B485B000AF0346B9607A60FB7300BF24
:10B3A8001437BD465DF8047B704780B485B000AFA4
:10B3B8000346B9607A60FB7300BF1437BD465DF879
:10B3C800047B704780B485B000AF0346B9607A60EB
:10B3D800FB7300BF1437BD465DF8047B704780B42B
:10B3E80085B000AF0346B9607A60FB7300BF1437BD
:10B3F800BD465DF8047B704780B485B000AF034656
:10B40800B9607A60FB7300BF1437BD465DF8047BF2
:10B41800704780B485B000AF0346B9607A60FB73AB
:10B4280000BF1437BD465DF8047B704780B485B013
:10B4380000AF0346B9607A60FB7300BF1437BD469E
:10B448005DF8047B704780B485B000AF0346B960EF
:10B458007A60FB7300BF1437BD465DF8047B704704
:10B4680080B485B000AF0346B9607A60FB7300BF53
:10B478001437BD465DF8047B704780B485B000AFD3
:10B488000346B9607A60FB7300BF1437BD465DF8A8
:10B49800047B704780B485B000AF0346B9607A601A
:10B4A800FB7300BF1437BD465DF8047B704780B45A
:10B4B80085B000AF0346B9607A60FB7300BF1437EC
:10B4C800BD465DF8047B704780B485B000AF034685
:10B4D800B9607A60FB7300BF1437BD465DF8047B22
:10B4E800704780B485B000AF0346B9607A60FB73DB
:10B4F80000BF1437BD465DF8047B704780B485B043
:10B5080000AF0346B9607A60FB7300BF1437BD46CD
:10B518005DF8047B704780B485B000AF0346B9601E
:10B528007A60FB7300BF1437BD465DF8047B704733
:10B5380080B485B000AF0346B9607A60FB7300BF82
:10B548001437BD465DF8047B704780B485B000AF02
:10B558000346B9607A60FB7300BF1437BD465DF8D7
:10B56800047B704780B485B000AF0346B9607A6049
:10B57800FB7300BF1437BD465DF8047B704780B489
:10B5880085B000AF0346B9607A60FB7300BF14371B
:10B59800BD465DF8047B704780B485B000AF0346B4
:10B5A800B9607A60FB7300BF1437BD465DF8047B51
:10B5B800704780B485B000AF0346B9607A60FB730A
:10B5C80000BF1437BD465DF8047B704780B485B072
:10B5D80000AF0346B9607A60FB7300BF1437BD46FD
:10B5E8005DF8047B704780B485B000AF0346B9604E
:10B5F8007A60FB7300BF1437BD465DF8047B704763
:10B6080080B485B000AF0346B9607A60FB7300BFB1
:10B618001437BD465DF8047B704780B485B000AF31
:10B628000346B9607A60FB7300BF1437BD465DF806
:10B63800047B704780B485B000AF0346B9607A6078
:10B64800FB7300BF1437BD465DF8047B704780B4B8
:10B6580085B000AF0346B9607A60FB7300BF14374A
:10B66800BD465DF8047B704780B485B000AF0346E3
:10B67800B9607A60FB7300BF1437BD465DF8047B80
:10B68800704780B485B000AF0346B9607A60FB7339
:10B6980000BF1437BD465DF8047B704790B589B08C
:10B6A80006AF0446084611461A462346FB71034670
:10B6B800BB710B467B7113463B717979BA793B7F35
:10B6C80004933B7E039300230293052301933B7964
:10B6D80000930B460221002000F00CFF044697F867
:10B6E800242097F820301146184600F0E9FE02465B
:10B6F800FB792146184600F031FD00BF0C37BD46E6
:10B7080090BD80B485B000AF0346B9607A60FB7322
:10B7180000BF1437BD465DF8047B704780B485B020
:10B7280000AF0346B9607A60FB7300BF1437BD46AB
:10B738005DF8047B704780B485B000AF0346B960FC
:10B748007A60FB7300BF1437BD465DF8047B704711
:10B7580080B483B000AF78600F4B1B780E4A9B0112
:10B76800134404337A681A600B4B1B7818460A4B4B
:10B778001978094A8301134408330A461A70064B9C
:10B788001B780133DAB2044B1A7000BF0C37BD4680
:10B798005DF8047B704700BF70DC002080B483B084
:10B7A80000AF0346FB71044AFB79537000BF0C37A6
:10B7B800BD465DF8047B70474CDC002080B485B042
:10B7C80000AF03460A46FB711346BB710023FB60BA
:10B7D80011E0FB68DAB20D4B1B78591CC8B20B4953
:10B7E80008701946FB791344DAB2084B0B449A7077
:10B7F800FB680133FB60BB79FA689A42E9DB00BF5A
:10B8080000BF1437BD465DF8047B70474CDC002050
:10B8180080B400AFFEE7000080B483B000AF78606A
:10B828000B467B8013467B701F4B1B78002B34D153
:10B838001D4B1B7819461C4A0B465B000B449B00AA
:10B848001344013301221A70174B1B781946164A04
:10B858000B465B000B449B0013447A68C3F8022034
:10B86800114B1B781946104A0B465B000B449B0092
:10B87800134406337A881A800B4B1B785A1CD1B2B2
:10B88800094A11701946084A0B465B000B449B0095
:10B89800134408337A781A7000E000BF0C37BD46AD
:10B8A8005DF8047B704700BFB8F6002090B583B000
:10B8B80000AF0346FB71FB79002B65D1FA79344957
:10B8C80013465B0013449B000B4401331B78002B89
:10B8D8005BD0FA792E4913465B0013449B000B4456
:10B8E80008331B78002B21D1FA79294913465B00CC
:10B8F80013449B000B44D3F802305969FA79244861
:10B9080013465B0013449B00034406331B88DB4348
:10B918001C46FA791E4813465B0013449B000344F7
:10B92800D3F8023001EA04025A611FE0FA79184993
:10B9380013465B0013449B000B44D3F8023059694B
:10B94800FA79134813465B0013449B0003440633FB
:10B958001B881C46FA790E4813465B0013449B006B
:10B968000344D3F8023041EA04025A61FC79F6F73D
:10B978001BFA0246064923465B0023449B000B44FE
:10B988000833C3F8012000E000BF0C37BD4690BD66
:10B99800B8F6002090B583B000AF00237B6069E063
:10B9A8003A497A6813465B0013449B000B44013301
:10B9B8001B78002B5BD035497A6813465B0013442B
:10B9C8009B000B440833D3F80140F6F7EDF9034622
:10B9D8009C424CD02D497A6813465B0013449B0067
:10B9E8000B4408331B78002B20D128497A6813466A
:10B9F8005B0013449B000B44D3F802305969234879
:10BA08007A6813465B0013449B00034406331B8883
:10BA18001C461E487A6813465B0013449B00034487
:10BA2800D3F8023041EA04025A6120E017497A68E3
:10BA380013465B0013449B000B44D3F8023059694A
:10BA480012487A6813465B0013449B00034406338C
:10BA58001B88DB431C460D487A6813465B00134479
:10BA68009B000344D3F8023001EA04025A617B6860
:10BA780001337B60054B1B781A467B6893428FDB4A
:10BA880000BF00BF0C37BD4690BD00BFB8F6002010
:10BA980080B483B000AF0346FB71FB79174941F6C8
:10BAA800042203FB02F20A4402321288013290B2E5
:10BAB800124A41F6042101FB03F313440233024600
:10BAC8001A80FB790D4A41F6042101FB03F3134464
:10BAD80002331B88B3F5007F09D3FB79074A41F687
:10BAE800042101FB03F31344023300221A8000BF30
:10BAF8000C37BD465DF8047B704700BFB4DC0020FE
:10BB080080B483B000AF0346FB71FB79154941F659
:10BB1800042203FB02F20A441288013290B2114A4D
:10BB280041F6042101FB03F3134402461A80FB7912
:10BB38000C4A41F6042101FB03F313441B88B3F5B7
:10BB4800007F08D3FB79074A41F6042101FB03F380
:10BB5800134400221A8000BF0C37BD465DF8047BF1
:10BB6800704700BFB4DC002080B483B000AF7860B9
:10BB780000BF0C37BD465DF8047B704790B585B0B3
:10BB880000AF78607B681B68434A93427DD10023ED
:10BB9800FB6073E07B681A684049FB689B010B44B3
:10BBA80004331B681B689A4265D1FB689B01083304
:10BBB8003A4A1344191D3A4AFB6841F6042000FB2F
:10BBC80003F3134402331B8803F5A073DA00FB6800
:10BBD80041F6042000FB03F31344314A13440433B1
:10BBE8000A4600217868F6F71BFC0346002B01D0B3
:10BBF800FFF70EFE294AFB689B0113441C331C689F
:10BC0800274AFB6841F6042101FB03F3134402337E
:10BC18001B881846E4B22249FA6803469B0003448D
:10BC280041F6042000FB02F213440B44043322467D
:10BC38001A701B4AFB6841F6042101FB03F3134405
:10BC480002331B881C46154AFB689B0113441033BA
:10BC58001A681348F96823469B00234441F60424D4
:10BC680004FB01F10B440344C3F80520FB68DBB275
:10BC78001846FFF70DFFFB680133FB60074B1B7885
:10BC88001A46FB68934285DB02E07868FFF76CFF91
:10BC980000BF1437BD4690BD0064004070DC002032
:10BCA800B4DC002090B585B000AF0023FB6095E0C0
:10BCB800514AFB6841F6042101FB03F313440233A4
:10BCC8001A884D49FB6841F6042000FB03F30B4436
:10BCD8001B889A427FD0484AFB6841F6042101FB41
:10BCE80003F313441B881A4613469B001344FA684F
:10BCF80041F6042101FB02F213443F4A1344043382
:10BD08007B600023BB605BE07B68DB78C3F30313D5
:10BD1800DBB21A46394B5B789A4206D07B68DB78EF
:10BD280023F00F03DBB2F02B47D17B685B78C3F3BA
:10BD38000403DBB21946314ABB68134402331B784B
:10BD4800994206D07B685B7803F01F03DBB21F2B98
:10BD580033D1FB68DBB21846FFF7A8FDFB68D8B201
:10BD6800254AFB6841F6042101FB03F313441B88B1
:10BD78001A4613469B001344FA6841F6042101FB56
:10BD880002F213441C4A1344191D1B4AFB6841F66E
:10BD9800042404FB03F313441B8803F5A073DA009F
:10BDA800FB6841F6042404FB03F31344124A1344CA
:10BDB80004331A4600F028FC08E0BB680133BB6076
:10BDC8000E4B1B781A46BB6893429DDBFB68DBB2BF
:10BDD8001846FFF795FEFB680133FB60084B1B789C
:10BDE8001A46FB689342FFF663AFFFF7D3FD00BF27
:10BDF8001437BD4690BD00BFB4DC00204CDC0020E9
:10BE080070DC002080B400AFFEE7000080B483B08F
:10BE180000AF78600B467B8013467B701F4B1B7806
:10BE2800002B34D11D4B1B7819461C4A0B465B006E
:10BE38000B449B001344013301221A70174B1B78E3
:10BE48001946164A0B465B000B449B0013447A685C
:10BE5800C3F80220114B1B781946104A0B465B00A9
:10BE68000B449B00134406337A881A800B4B1B78CB
:10BE78005A1CD1B2094A11701946084A0B465B0090
:10BE88000B449B00134408337A781A7000E000BF13
:10BE98000C37BD465DF8047B704700BFDC100120FD
:10BEA80090B583B000AF0346FB71FB79002B65D1D9
:10BEB800FA79344913465B0013449B000B44013361
:10BEC8001B78002B5BD0FA792E4913465B0013448C
:10BED8009B000B4408331B78002B21D1FA792949A0
:10BEE80013465B0013449B000B44D3F80230596996
:10BEF800FA79244813465B0013449B000344063335
:10BF08001B88DB431C46FA791E4813465B00134422
:10BF18009B000344D3F8023001EA04025A611FE08F
:10BF2800FA79184913465B0013449B000B44D3F875
:10BF380002305969FA79134813465B0013449B0091
:10BF4800034406331B881C46FA790E4813465B00E7
:10BF580013449B000344D3F8023041EA04025A61B7
:10BF6800FC79F5F721FF0246064923465B00234486
:10BF78009B000B440833C3F8012000E000BF0C37D6
:10BF8800BD4690BDDC10012090B583B000AF002302
:10BF98007B6069E03A497A6813465B0013449B006A
:10BFA8000B4401331B78002B5BD035497A68134664
:10BFB8005B0013449B000B440833D3F80140F5F7AA
:10BFC800F3FE03469C424CD02D497A6813465B0029
:10BFD80013449B000B4408331B78002B20D12849BD
:10BFE8007A6813465B0013449B000B44D3F8023075
:10BFF800596923487A6813465B0013449B0003443D
:10C0080006331B881C461E487A6813465B00134497
:10C018009B000344D3F8023041EA04025A6120E04D
:10C0280017497A6813465B0013449B000B44D3F806
:10C038000230596912487A6813465B0013449B0022
:10C04800034406331B88DB431C460D487A681346B5
:10C058005B0013449B000344D3F8023001EA040256
:10C068005A617B6801337B60054B1B781A467B68F5
:10C0780093428FDB00BF00BF0C37BD4690BD00BFA9
:10C08800DC10012080B483B000AF0346FB71FB795C
:10C09800174941F6042203FB02F20A4402321288CD
:10C0A800013290B2124A41F6042101FB03F3134412
:10C0B800023302461A80FB790D4A41F6042101FB3E
:10C0C80003F3134402331B88B3F5007F09D3FB79CC
:10C0D800074A41F6042101FB03F31344023300220B
:10C0E8001A8000BF0C37BD465DF8047B704700BF5F
:10C0F800C8F6002080B483B000AF0346FB71FB791B
:10C10800154941F6042203FB02F20A44128801325F
:10C1180090B2114A41F6042101FB03F3134402468D
:10C128001A80FB790C4A41F6042101FB03F31344FE
:10C138001B88B3F5007F08D3FB79074A41F6042131
:10C1480001FB03F3134400221A8000BF0C37BD46DD
:10C158005DF8047B704700BFC8F6002080B584B046
:10C1680000AF0346B9607A60FB73FA7BFB7B1E491C
:10C1780041F6042000FB03F30B4402331B881946E5
:10C188000B469B000B4441F6042101FB02F21344C9
:10C19800154A134404330522B968184601F08EF98C
:10C1A800FB7BFA7B104941F6042000FB02F20A44AB
:10C1B8000232128802F5A072D20041F6042101FB76
:10C1C80003F31344084A1344181DBB681B781A4626
:10C1D800796801F073F9FB7B1846FFF753FF00BF3E
:10C1E8001037BD4680BD00BFC8F6002090B583B0AB
:10C1F80000AF00237B60A1E0574A7B6841F6042129
:10C2080001FB03F3134402331A8853497B6841F650
:10C21800042000FB03F30B441B889A4200F08B8038
:10C228004E4A7B689B01134404331B681846F6F793
:10C23800C2F80346032B7ED1484A7B689B0113440E
:10C24800303304221A60444A7B6841F6042101FB1A
:10C2580003F313441B8818463F497A6803469B003A
:10C26800034441F6042000FB02F213440B44043358
:10C278001B781946394A7B689B0113443833196087
:10C28800354A7B6841F6042101FB03F313441B88FC
:10C29800184631497A6803469B00034441F6042056
:10C2A80000FB02F213440B44D3F805202B497B68AA
:10C2B8009B010B442C331A60284A7B689B0113446A
:10C2C8003C3300221A70254A7B689B0113440433CF
:10C2D80018687B689B012033204A134403F1080146
:10C2E8001D4A7B6841F6042404FB03F313441B88AE
:10C2F80003F5A073DA007B6841F6042404FB03F31A
:10C308001344154A13441A1D7B689B013833134C98
:10C3180023440833F5F774FF0346002B01D0FFF7D9
:10C3280071FD7B68DBB21846FFF7E4FE7B68DBB281
:10C338001846FFF7B5FD7B6801337B60074B1B7818
:10C348001A467B689342FFF657AFFFF71DFE00BF02
:10C358000C37BD4690BD00BFC8F6002070DC002039
:10C3680080B485B000AF7860054BFB60FB687A68E5
:10C378001A60034B18461437BD465DF8047B7047B6
:10C38800D410012080B400AF024B1846BD465DF8BA
:10C39800047B7047D410012090B484B000AF0446E9
:10C3A800084611461A462346FB710346BB800B46D6
:10C3B8007B8013463B800B4BFB60FB68FA791A7055
:10C3C800FB68BA88A3F80120FB687A88A3F80320E1
:10C3D800FB683A88A3F80520024B18461037BD467B
:10C3E80090BC7047D410012080B485B000AF0346DC
:10C3F8000A46FB711346BB71074BFB60FB68FA7971
:10C408001A70FB68BA795A70034B18461437BD4640
:10C418005DF8047B704700BFD410012080B485B05C
:10C4280000AF03460A46FB711346BB71074BFB601E
:10C43800FB68FA791A70FB68BA795A70034B184688
:10C448001437BD465DF8047B704700BFD410012047
:10C4580080B485B000AF7860054BFB60FB687A68F4
:10C468001A60034B18461437BD465DF8047B7047C5
:10C47800D410012080B485B000AF7860054BFB6014
:10C48800FB687A681A60034B18461437BD465DF896
:10C49800047B7047D410012080B400AF024B1846CB
:10C4A800BD465DF8047B7047D410012080B400AF0E
:10C4B800024B1846BD465DF8047B7047D410012036
:10C4C80080B485B000AF03460A46FB711346BB71C2
:10C4D800074BFB60FB68FA791A70FB68BA795A70E7
:10C4E800034B18461437BD465DF8047B704700BF00
:10C4F800D410012090B482B000AF0446084611461B
:10C508001A462346FB710346BB710B467B711346E3
:10C518003B713C4ABB7913707B7903F00103D9B2B4
:10C52800384A137961F3041313713B7903F00F034D
:10C53800D9B2344A137961F3030313713B7C03F0D6
:10C548000F03D9B22F4AD37861F30713D370FB795D
:10C5580003F00303D9B22B4AD37861F38303D37072
:10C568003B7D03F00F03DAB2264B02F003018C0186
:10C57800997801F03F0108462146014399709208D5
:10C58800D2B202F0030202F00300DA7822F00302CA
:10C59800114602460A43DA703B7E03F00F03D9B214
:10C5A800184A937861F3850393703B7F03F01F0368
:10C5B800DAB2144B02F007014C01597801F01F015F
:10C5C8000846214601435970D208D2B202F003024C
:10C5D80002F003009A7822F00302114602460A4349
:10C5E8009A7097F8203003F01F03D9B2054A5378A0
:10C5F80061F304035370034B18460837BD4690BCDB
:10C60800704700BFCC10012080B584B000AF03464E
:10C61800B9607A60FB73BB689A789209D2B2DB780A
:10C6280003F003039B001343DBB2072B4AD801A294
:10C6380052F823F05DC600086BC6000879C60008EA
:10C6480087C6000895C60008A3C60008B1C600083A
:10C65800BFC60008FB7B7A68B968184600F070F915
:10C6680030E0FB7B7A68B968184600F0BDFD29E028
:10C67800FB7B7A68B968184600F07AFB22E0FB7BFE
:10C688007A68B968184600F021F81BE0FB7B7A68E5
:10C69800B968184600F0A7FE14E0FB7B7A68B96811
:10C6A800184600F059FE0DE0FB7B7A68B968184619
:10C6B80000F054F806E0FB7B7A68B968184600F089
:10C6C800D7FA00BF00BF1037BD4680BD80B584B023
:10C6D80000AF0346B9607A60FB73BB689B78C3F30D
:10C6E8008303DBB2002B06D1FB7B7A68B968184656
:10C6F80000F005F800BF00BF1037BD4680BD80B50B
:10C7080084B000AF0346B9607A60FB73BB68DB781E
:10C71800C3F38103DBB2022B14D0022B19DC002BEC
:10C7280002D0012B07D014E0FB7B7A68B968184661
:10C73800FEF756FA0DE0FB7B7A68B9681846FEF7F3
:10C748005CFA06E0FB7B7A68B9681846FEF762FA7D
:10C7580000BF00BF1037BD4680BD000080B584B063
:10C7680000AF0346B9607A60FB73BB689B78C3F37C
:10C778008303DBB2032B27D801A252F823F000BFB2
:10C7880099C70008A7C70008B5C70008C3C70008AD
:10C79800FB7B7A68B968184600F01AF814E0FB7B4E
:10C7A8007A68B968184600F041F80DE0FB7B7A68B2
:10C7B800B968184600F068F806E0FB7B7A68B96843
:10C7C800184600F08FF800BF00BF1037BD4680BD87
:10C7D80080B584B000AF0346B9607A60FB73BB686C
:10C7E800DB78C3F38103DBB2022B14D0022B19DCF4
:10C7F800002B02D0012B07D014E0FB7B7A68B968C4
:10C808001846FEF714FA0DE0FB7B7A68B9681846FB
:10C81800FEF71AFA06E0FB7B7A68B9681846FEF755
:10C8280020FA00BF00BF1037BD4680BD80B584B078
:10C8380000AF0346B9607A60FB73BB68DB78C3F36B
:10C848008103DBB2022B14D0022B19DC002B02D09F
:10C85800012B07D014E0FB7B7A68B9681846FEF70D
:10C868000DFA0DE0FB7B7A68B9681846FEF713FAF3
:10C8780006E0FB7B7A68B9681846FEF719FA00BF2C
:10C8880000BF1037BD4680BD80B584B000AF0346F9
:10C89800B9607A60FB73BB68DB78C3F38103DBB2F2
:10C8A800022B14D0022B19DC002B02D0012B07D04D
:10C8B80014E0FB7B7A68B9681846FEF734FA0DE095
:10C8C800FB7B7A68B9681846FEF73AFA06E0FB7B04
:10C8D8007A68B9681846FEF740FA00BF00BF1037FB
:10C8E800BD4680BD80B584B000AF0346B9607A60AC
:10C8F800FB73BB68DB78C3F38103DBB2022B14D074
:10C90800022B19DC002B02D0012B07D014E0FB7B93
:10C918007A68B9681846FAF71FFF0DE0FB7B7A685A
:10C92800B9681846FEF726FA06E0FB7B7A68B9680C
:10C938001846FEF72CFA00BF00BF1037BD4680BD71
:10C9480080B584B000AF0346B9607A60FB73BB68FA
:10C958009B78C3F38303DBB2062B42D801A252F8BB
:10C9680023F000BF89C9000897C90008A5C90008B5
:10C97800B3C90008C1C90008CFC90008DDC900084B
:10C98800FB7B7A68B968184600F030F829E0FB7B31
:10C998007A68B968184600F057F822E0FB7B7A6895
:10C9A800B968184600F07EF81BE0FB7B7A68B96826
:10C9B800184600F0A5F814E0FB7B7A68B9681846B9
:10C9C80000F0CCF80DE0FB7B7A68B968184600F0F7
:10C9D800F3F806E0FB7B7A68B968184600F01AF9A4
:10C9E80000BF00BF1037BD4680BD00BF80B584B012
:10C9F80000AF0346B9607A60FB73BB68DB78C3F3AA
:10CA08008103DBB2022B14D0022B19DC002B02D0DD
:10CA1800012B07D014E0FB7B7A68B9681846FEF74B
:10CA2800C3F90DE0FB7B7A68B9681846FEF7C9F9C7
:10CA380006E0FB7B7A68B9681846FEF7CFF900BFB5
:10CA480000BF1037BD4680BD80B584B000AF034637
:10CA5800B9607A60FB73BB68DB78C3F38103DBB230
:10CA6800022B14D0022B19DC002B02D0012B07D08B
:10CA780014E0FB7B7A68B9681846FAF7C1F80DE04C
:10CA8800FB7B7A68B9681846FEF7E2F906E0FB7B9B
:10CA98007A68B9681846FEF7E8F900BF00BF103792
:10CAA800BD4680BD80B584B000AF0346B9607A60EA
:10CAB800FB73BB68DB78C3F38103DBB2022B14D0B2
:10CAC800022B19DC002B02D0012B07D014E0FB7BD2
:10CAD8007A68B9681846FEF707FA0DE0FB7B7A68B2
:10CAE800B9681846FEF70DFA06E0FB7B7A68B96864
:10CAF8001846FEF713FA00BF00BF1037BD4680BDC9
:10CB080080B584B000AF0346B9607A60FB73BB6838
:10CB1800DB78C3F38103DBB2022B14D0022B19DCC0
:10CB2800002B02D0012B07D014E0FB7B7A68B96890
:10CB38001846FEF700FA0DE0FB7B7A68B9681846DC
:10CB4800FEF706FA06E0FB7B7A68B9681846FAF73A
:10CB580097FA00BF00BF1037BD4680BD80B584B0CE
:10CB680000AF0346B9607A60FB73BB68DB78C3F338
:10CB78008103DBB2022B14D0022B19DC002B02D06C
:10CB8800012B07D014E0FB7B7A68B9681846FAF7DE
:10CB98008FF80DE0FB7B7A68B9681846FEF74BFA08
:10CBA80006E0FB7B7A68B9681846FAF775F900BFA2
:10CBB80000BF1037BD4680BD80B584B000AF0346C6
:10CBC800B9607A60FB73BB68DB78C3F38103DBB2BF
:10CBD800022B14D0022B19DC002B02D0012B07D01A
:10CBE80014E0FB7B7A68B9681846F9F7A3FF0DE0F3
:10CBF800FB7B7A68B9681846FEF786FA06E0FB7B85
:10CC08007A68B9681846FEF78CFA00BF00BF10377B
:10CC1800BD4680BD80B584B000AF0346B9607A6078
:10CC2800FB73BB68DB78C3F38103DBB2022B14D040
:10CC3800022B19DC002B02D0012B07D014E0FB7B60
:10CC48007A68B9681846FAF771F80DE0FB7B7A68DC
:10CC5800B9681846FEF79FFA06E0FB7B7A68B96860
:10CC68001846FAF797F800BF00BF1037BD4680BDD9
:10CC780080B584B000AF0346B9607A60FB73BB68C7
:10CC88009B78C3F38303DBB2002B02D0012B07D0C0
:10CC98000DE0FB7B7A68B968184600F00CF806E0EE
:10CCA800FB7B7A68B968184600F033F800BF00BF0C
:10CCB8001037BD4680BD80B584B000AF0346B9606B
:10CCC8007A60FB73BB68DB78C3F38103DBB2022BAA
:10CCD80014D0022B19DC002B02D0012B07D014E052
:10CCE800FB7B7A68B9681846F9F7F6FC0DE0FB7B20
:10CCF8007A68B9681846FEF788FA06E0FB7B7A6816
:10CD0800B9681846FEF78EFA00BF00BF1037BD4657
:10CD180080BD80B584B000AF0346B9607A60FB730C
:10CD2800BB68DB78C3F38103DBB2022B14D0022B80
:10CD380019DC002B02D0012B07D014E0FB7B7A68AA
:10CD4800B9681846FEF77BFA0DE0FB7B7A68B9688C
:10CD58001846FEF781FA06E0FB7B7A68B968184640
:10CD6800FEF787FA00BF00BF1037BD4680BD000040
:10CD780080B584B000AF0346B9607A60FB73BB68C6
:10CD88009B78C3F38303DBB2092B5DD801A252F869
:10CD980023F000BFC5CD0008D3CD0008E1CD0008C1
:10CDA800EFCD0008FDCD00080BCE000819CE000815
:10CDB80027CE000835CE000843CE0008FB7B7A68F2
:10CDC800B968184600F044F83EE0FB7B7A68B96819
:10CDD800184600F06BF837E0FB7B7A68B9681846AC
:10CDE80000F092F830E0FB7B7A68B968184600F0EA
:10CDF800B9F829E0FB7B7A68B968184600F0E0F8D2
:10CE080022E0FB7B7A68B968184600F007F91BE056
:10CE1800FB7B7A68B968184600F02EF914E0FB7BB2
:10CE28007A68B968184600F055F90DE0FB7B7A6816
:10CE3800B968184600F07CF906E0FB7B7A68B968A7
:10CE4800184600F0A3F900BF00BF1037BD4680BDEB
:10CE580080B584B000AF0346B9607A60FB73BB68E5
:10CE6800DB78C3F38103DBB2022B14D0022B19DC6D
:10CE7800002B02D0012B07D014E0FB7B7A68B9683D
:10CE88001846FEF703FA0DE0FB7B7A68B968184686
:10CE9800FEF709FA06E0FB7B7A68B9681846FEF7E0
:10CEA8000FFA00BF00BF1037BD4680BD80B584B003
:10CEB80000AF0346B9607A60FB73BB68DB78C3F3E5
:10CEC8008103DBB2022B14D0022B19DC002B02D019
:10CED800012B07D014E0FB7B7A68B9681846FEF787
:10CEE800FCF90DE0FB7B7A68B9681846FEF702FA90
:10CEF80006E0FB7B7A68B9681846FEF708FA00BFB7
:10CF080000BF1037BD4680BD80B584B000AF034672
:10CF1800B9607A60FB73BB68DB78C3F38103DBB26B
:10CF2800022B14D0022B19DC002B02D0012B07D0C6
:10CF380014E0FB7B7A68B9681846FEF7F5F90DE04E
:10CF4800FB7B7A68B9681846FEF7FBF906E0FB7BBD
:10CF58007A68B9681846FEF701FA00BF00BF1037B3
:10CF6800BD4680BD80B584B000AF0346B9607A6025
:10CF7800FB73BB68DB78C3F38103DBB2022B14D0ED
:10CF8800022B19DC002B02D0012B07D014E0FB7B0D
:10CF98007A68B9681846FEF7EEF90DE0FB7B7A6807
:10CFA800B9681846FEF7F4F906E0FB7B7A68B968B9
:10CFB8001846FEF7FAF900BF00BF1037BD4680BD1E
:10CFC80080B584B000AF0346B9607A60FB73BB6874
:10CFD800DB78C3F38103DBB2022B14D0022B19DCFC
:10CFE800002B02D0012B07D014E0FB7B7A68B968CC
:10CFF8001846FEF7E7F90DE0FB7B7A68B968184632
:10D00800FEF7EDF906E0FB7B7A68B9681846FEF78B
:10D01800F3F900BF00BF1037BD4680BD80B584B0AE
:10D0280000AF0346B9607A60FB73BB68DB78C3F373
:10D038008103DBB2022B14D0022B19DC002B02D0A7
:10D04800012B07D014E0FB7B7A68B9681846FEF715
:10D05800E0F90DE0FB7B7A68B9681846FEF7E6F957
:10D0680006E0FB7B7A68B9681846FEF7ECF900BF62
:10D0780000BF1037BD4680BD80B584B000AF034601
:10D08800B9607A60FB73BB68DB78C3F38103DBB2FA
:10D09800022B14D0022B19DC002B02D0012B07D055
:10D0A80014E0FB7B7A68B9681846FEF7D9F90DE0F9
:10D0B800FB7B7A68B9681846FEF7DFF906E0FB7B68
:10D0C8007A68B9681846FEF7E5F900BF00BF10375F
:10D0D800BD4680BD80B584B000AF0346B9607A60B4
:10D0E800FB73BB68DB78C3F38103DBB2022B14D07C
:10D0F800022B19DC002B02D0012B07D014E0FB7B9C
:10D108007A68B9681846FEF7D2F90DE0FB7B7A68B1
:10D11800B9681846FEF7D8F906E0FB7B7A68B96863
:10D128001846FEF7DEF900BF00BF1037BD4680BDC8
:10D1380080B584B000AF0346B9607A60FB73BB6802
:10D14800DB78C3F38103DBB2022B14D0022B19DC8A
:10D15800002B02D0012B07D014E0FB7B7A68B9685A
:10D168001846FEF7CBF90DE0FB7B7A68B9681846DC
:10D17800FEF7D1F906E0FB7B7A68B9681846FEF736
:10D18800D7F900BF00BF1037BD4680BD80B584B059
:10D1980000AF0346B9607A60FB73BB68DB78C3F302
:10D1A8008103DBB2022B14D0022B19DC002B02D036
:10D1B800012B07D014E0FB7B7A68B9681846FEF7A4
:10D1C800C4F90DE0FB7B7A68B9681846FEF7CAF91E
:10D1D80006E0FB7B7A68B9681846FEF7D0F900BF0D
:10D1E80000BF1037BD4680BD80B584B000AF034690
:10D1F800B9607A60FB73BB689B78C3F38303DBB2C7
:10D20800022B14D0022B19DC002B02D0012B07D0E3
:10D2180014E0FB7B7A68B968184600F013F80DE053
:10D22800FB7B7A68B968184600F03AF806E0FB7BA1
:10D238007A68B968184600F061F800BF00BF103777
:10D24800BD4680BD80B584B000AF0346B9607A6042
:10D25800FB73BB68DB78C3F38103DBB2022B14D00A
:10D26800022B19DC002B02D0012B07D014E0FB7B2A
:10D278007A68B9681846F9F791FC0DE0FB7B7A6883
:10D28800B9681846FEF788F906E0FB7B7A68B96842
:10D298001846FEF78EF900BF00BF1037BD4680BDA7
:10D2A80080B584B000AF0346B9607A60FB73BB6891
:10D2B800DB78C3F38103DBB2022B14D0022B19DC19
:10D2C800002B02D0012B07D014E0FB7B7A68B968E9
:10D2D8001846FEF77BF90DE0FB7B7A68B9681846BB
:10D2E800FEF781F906E0FB7B7A68B9681846FEF715
:10D2F80087F900BF00BF1037BD4680BD80B584B038
:10D3080000AF0346B9607A60FB73BB68DB78C3F390
:10D318008103DBB2022B14D0022B19DC002B02D0C4
:10D32800012B07D014E0FB7B7A68B9681846F9F737
:10D338005DFD0DE0FB7B7A68B9681846FEF76DF96C
:10D3480006E0FB7B7A68B9681846FEF773F900BFF8
:10D3580000BF1037BD4680BD80B584B000AF03461E
:10D36800B9607A60FB73BB689B78C3F38303DBB255
:10D37800002B06D1FB7B7A68B968184600F005F8DF
:10D3880000BF00BF1037BD4680BD80B584B000AF78
:10D398000346B9607A60FB73BB68DB78C3F381032B
:10D3A800DBB2022B14D0022B19DC002B02D0012B8C
:10D3B80007D014E0FB7B7A68B9681846FEF747F98E
:10D3C8000DE0FB7B7A68B9681846FEF74DF906E070
:10D3D800FB7B7A68B9681846FEF753F900BF00BFAF
:10D3E8001037BD4680BD80B584B000AF0346B96034
:10D3F8007A60FB73BB689B78C3F38303DBB2002BB3
:10D4080006D1FB7B7A68B968184600F005F800BFBA
:10D4180000BF1037BD4680BD80B584B000AF03465D
:10D42800B9607A60FB73BB68DB78C3F38103DBB256
:10D43800022B14D0022B19DC002B02D0012B07D0B1
:10D4480014E0FB7B7A68B9681846FEF75AF90DE0D4
:10D45800FB7B7A68B9681846FEF760F906E0FB7B43
:10D468007A68B9681846FEF766F900BF00BF10373A
:10D47800BD4680BD70B50D4D0D4C641BA410002633
:10D48800A64209D10B4D0C4C00F0AEF8641BA41059
:10D498000026A64205D170BD55F8043B98470136D1
:10D4A800EEE755F8043B98470136F2E730D8000814
:10D4B80030D8000830D8000834D800080A4491420F
:10D4C80000F1FF3300D1704710B511F8014B03F894
:10D4D800014F9142F9D110BD02440346934200D155
:10D4E800704703F8011BF9E751EC100B2DE9F041E7
:10D4F800C1F30A57A7F2FF36132E10EE105A10EE9A
:10D50800108A0C4632DC002E14DA33A3D3E9002348
:10D51800F2F77CFE00220023F3F7BEFA38B1002CA4
:10D5280057DA24F000431D4301D02D4C0025214635
:10D53800284625E02B4F374101EA070303431FD054
:10D5480025A3D3E90023F2F761FE00220023F3F7B5
:10D55800A3FA0028EBD0002CBEBF4FF4801343FA87
:10D5680006F6A41924EA07040025E0E7332E0BDDAC
:10D57800B6F5806F04D110EE102A0B46F2F746FE7E
:10D5880041EC100BBDE8F081A7F213474FF0FF33D1
:10D5980023FA07F70742F3D00FA3D3E90023F2F7E2
:10D5A80035FE00220023F3F777FA0028BFD0002CBD
:10D5B80002DA142E03D1013425EA0705B7E701235F
:10D5C800C6F1340603FA06F63544454538BFE41873
:10D5D800F2E700252C46AAE79C7500883CE4377ED4
:10D5E8000000F0BFFFFF0F00F8B500BFF8BC08BC93
:10D5F8009E467047F8B500BFF8BC08BC9E46704709
:10D6080000000000000000000102030406070809EA
:10D6180000000000010203040006101600061016A0
:10D6280000002110422063308440A550C660E77096
:10D63800088129914AA16BB18CC1ADD1CEE1EFF13E
:10D648003112100273325222B5529442F772D662E6
:10D65800399318837BB35AA3BDD39CC3FFF3DEE38E
:10D668006224433420040114E664C774A444855436
:10D678006AA54BB528850995EEE5CFF5ACC58DD5DE
:10D688005336722611163006D776F6669556B44686
:10D698005BB77AA719973887DFF7FEE79DD7BCC72E
:10D6A800C448E5588668A7784008611802282338D6
:10D6B800CCC9EDD98EE9AFF9488969990AA92BB97E
:10D6C800F55AD44AB77A966A711A500A333A122A26
:10D6D800FDDBDCCBBFFB9EEB799B588B3BBB1AABCE
:10D6E800A66C877CE44CC55C222C033C600C411C76
:10D6F800AEED8FFDECCDCDDD2AAD0BBD688D499D1E
:10D70800977EB66ED55EF44E133E322E511E700EC5
:10D718009FFFBEEFDDDFFCCF1BBF3AAF599F788F6D
:10D728008891A981CAB1EBA10CD12DC14EF16FE14D
:10D738008010A100C230E320045025404670676085
:10D74800B9839893FBA3DAB33DC31CD37FE35EF39D
:10D75800B1029012F322D2323542145277625672D5
:10D76800EAB5CBA5A89589856EF54FE52CD50DC5ED
:10D77800E234C324A0148104667447642454054425
:10D78800DBA7FAB79987B8975FE77EF71DC73CD73D
:10D79800D326F2369106B016576676761546345675
:10D7A8004CD96DC90EF92FE9C899E9898AB9ABA98D
:10D7B8004458654806782768C018E1088238A328C5
:10D7C8007DCB5CDB3FEB1EFBF98BD89BBBAB9ABBDD
:10D7D800754A545A376A167AF10AD01AB32A923A15
:10D7E8002EFD0FED6CDD4DCDAABD8BADE89DC98D2D
:10D7F800267C076C645C454CA23C832CE01CC10C65
:10D808001FEF3EFF5DCF7CDF9BAFBABFD98FF89F7C
:10D81800176E367E554E745E932EB23ED10EF01EB4
:08D828004C33FF7F01000000FA
:04D83000ED010008FE
:04D83400C90100081E
:10D838000024F4001000000001010000E338DE417C
:08D848000101010101020102CE
:0400000508001C9142
:00000001FF
