:020000040800F2
:10000000000002207555000855530008635300088E
:10001000695300086F530008755300080000000082
:100020000000000000000000000000007B530008FA
:10003000895300080000000097530008A5530008EA
:10004000C5550008C5550008C5550008C555000828
:10005000C5550008C5550008C5550008C555000818
:10006000C5550008C5550008C5550008B15300081E
:10007000C5550008C5550008C5550008C5530008FA
:10008000C5550008C5550008C5550008D9530008D6
:10009000ED530008C5550008C5550008C5550008B2
:1000A000C5550008C5550008C5550008C5550008C8
:1000B000C5550008C5550008C5550008C5550008B8
:1000C000C5550008C5550008C5550008C5550008A8
:1000D000C55500080154000815540008C55500080E
:1000E000C5550008C5550008C5550008C555000888
:1000F000C5550008C5550008C5550008C555000878
:10010000C5550008C5550008C5550008C555000867
:10011000C5550008C5550008C5550008C555000857
:10012000C5550008C5550008C5550008C555000847
:10013000C55500080000000000000000C55500087B
:10014000C5550008C5550008C5550008C555000827
:10015000C5550008C5550008C5550008C555000817
:10016000C5550008C5550008C5550008C555000807
:10017000C5550008C5550008C55500080000000019
:1001800000000000C555000800000000000000004D
:10019000C55500080000000000000000C55500081B
:1001A000000000000000000000000000C55500082D
:1001B000C5550008C5550008C5550008C5550008B7
:0401C000C555000819
:1001D00010B5054C237833B9044B13B10448AFF381
:1001E00000800123237010BD780000200000000073
:1001F00024ED000808B5034B1BB103490348AFF3D6
:10020000008008BD000000007C00002024ED0008F4
:1002100001F0FF01102A2BDB10F0070F08D010F8B7
:10022000013B013A8B422DD010F0070F42B3F6D1BB
:10023000F0B441EA012141EA014122F007047FF0D4
:1002400000070023F0E80256083C85EA010586EA2B
:10025000010685FA47F5A3FA87F586FA47F6A5FA67
:1002600087F68EB9EED1F0BC01F0FF0102F0070273
:1002700032B110F8013B013A83EA010313B1F8D11E
:100280000020704701387047002D06BF35460338FF
:10029000073815F0010F07D1013015F4807F02BF38
:1002A000013015F4C03F0130F0BC0138704700BF89
:1002B00081F0004102E000BF83F0004330B54FEA17
:1002C00041044FEA430594EA050F08BF90EA020F84
:1002D0001FBF54EA000C55EA020C7FEA645C7FEA17
:1002E000655C00F0E2804FEA5454D4EB5555B8BF3A
:1002F0006D420CDD2C4480EA020281EA030382EAAB
:10030000000083EA010180EA020281EA0303362D3C
:1003100088BF30BD11F0004F4FEA01314FF4801C0F
:100320004CEA113102D0404261EB410113F0004F21
:100330004FEA03334CEA133302D0524263EB4303D8
:1003400094EA050F00F0A780A4F10104D5F1200E76
:100350000DDB02FA0EFC22FA05F2801841F10001D1
:1003600003FA0EF2801843FA05F359410EE0A5F1A5
:1003700020050EF1200E012A03FA0EFC28BF4CF0D6
:10038000020C43FA05F3C01851EBE37101F000458C
:1003900007D54FF0000EDCF1000C7EEB00006EEB99
:1003A0000101B1F5801F1BD3B1F5001F0CD3490823
:1003B0005FEA30004FEA3C0C04F101044FEA44527A
:1003C00012F5800F80F09A80BCF1004F08BF5FEA01
:1003D000500C50F1000041EB045141EA050130BDE1
:1003E0005FEA4C0C404141EB0101013C28BFB1F5F3
:1003F000801FE9D291F0000F04BF01460020B1FA3E
:1004000081F308BF2033A3F10B03B3F120020CDA10
:100410000C3208DD02F1140CC2F10C0201FA0CF0EE
:1004200021FA02F10CE002F11402D8BFC2F1200C53
:1004300001FA02F120FA0CFCDCBF41EA0C01904009
:10044000E41AA2BF01EB0451294330BD6FEA040452
:100450001F3C1CDA0C340EDC04F11404C4F120023D
:1004600020FA04F001FA02F340EA030021FA04F34F
:1004700045EA030130BDC4F10C04C4F1200220FAA6
:1004800002F001FA04F340EA0300294630BD21FAE4
:1004900004F0294630BD94F0000F83F4801306BFAA
:1004A00081F480110134013D4EE77FEA645C18BF9E
:1004B0007FEA655C29D094EA050F08BF90EA020F35
:1004C00005D054EA000C04BF1946104630BD91EA2D
:1004D000030F1EBF0021002030BD5FEA545C05D130
:1004E0004000494128BF41F0004130BD14F580046F
:1004F0003CBF01F5801130BD01F0004545F0FE41E3
:1005000041F470014FF0000030BD7FEA645C1ABF17
:10051000194610467FEA655C1CBF0B46024650EA4E
:10052000013406BF52EA033591EA030F41F400217A
:1005300030BD00BF90F0000F04BF0021704730B500
:100540004FF4806404F132044FF000054FF00001D5
:1005500050E700BF90F0000F04BF0021704730B596
:100560004FF4806404F1320410F0004548BF40426B
:100570004FF000013EE700BF42004FEAE2014FEAC0
:1005800031014FEA02701FBF12F07F4393F07F4F9B
:1005900081F06051704732F07F4208BF704793F09E
:1005A0007F4F04BF41F40021704730B54FF46074B1
:1005B00001F0004521F000411CE700BF50EA0102B4
:1005C00008BF704730B54FF000050AE050EA01025D
:1005D00008BF704730B511F0004502D5404261EBCD
:1005E00041014FF4806404F132045FEA915C3FF40E
:1005F000D8AE4FF003025FEADC0C18BF03325FEAAB
:10060000DC0C18BF033202EBDC02C2F1200300FA5B
:1006100003FC20FA02F001FA03FE40EA0E0021FA80
:1006200002F11444BDE600BF70B54FF0FF0C4CF46E
:10063000E06C1CEA11541DBF1CEA135594EA0C0F20
:1006400095EA0C0F00F0DEF82C4481EA030621EA5B
:100650004C5123EA4C5350EA013518BF52EA033596
:1006600041F4801143F4801338D0A0FB02CE4FF048
:100670000005E1FB02E506F00042E0FB03E54FF078
:100680000006E1FB03569CF0000F18BF4EF0010E70
:10069000A4F1FF04B6F5007F64F5407404D25FEA6C
:1006A0004E0E6D4146EB060642EAC62141EA55511F
:1006B0004FEAC52040EA5E504FEACE2EB4F1FD0C61
:1006C00088BFBCF5E06F1ED8BEF1004F08BF5FEADF
:1006D000500E50F1000041EB045170BD06F0004691
:1006E00046EA010140EA020081EA0301B4EB5C043E
:1006F000C2BFD4EB0C0541EA045170BD41F4801136
:100700004FF0000E013C00F3AB8014F1360FDEBF5A
:10071000002001F0004170BDC4F10004203C35DA36
:100720000C341BDC04F11404C4F1200500FA05F3B9
:1007300020FA04F001FA05F240EA020001F000425A
:1007400021F0004110EBD37021FA04F642EB0601D0
:100750005EEA430E08BF20EAD37070BDC4F10C04FA
:10076000C4F1200500FA04F320FA05F001FA04F2BE
:1007700040EA020001F0004110EBD37041F10001AA
:100780005EEA430E08BF20EAD37070BDC4F12005B5
:1007900000FA05F24EEA020E20FA04F301FA05F21D
:1007A00043EA020321FA04F001F0004121FA04F2C5
:1007B00020EA020000EBD3705EEA430E08BF20EA95
:1007C000D37070BD94F0000F0FD101F000464000CF
:1007D00041EB010111F4801F08BF013CF7D041EA51
:1007E000060195F0000F18BF704703F00046520055
:1007F00043EB030313F4801F08BF013DF7D043EA26
:100800000603704794EA0C0F0CEA135518BF95EADB
:100810000C0F0CD050EA410618BF52EA4306D1D162
:1008200081EA030101F000414FF0000070BD50EA81
:10083000410606BF1046194652EA430619D094EA0B
:100840000C0F02D150EA013613D195EA0C0F05D1F5
:1008500052EA03361CBF104619460AD181EA030149
:1008600001F0004141F0FE4141F470014FF0000001
:1008700070BD41F0FE4141F4780170BD70B54FF09C
:10088000FF0C4CF4E06C1CEA11541DBF1CEA13551C
:1008900094EA0C0F95EA0C0F00F0A7F8A4EB0504FE
:1008A00081EA030E52EA03354FEA013100F08880F5
:1008B0004FEA03334FF0805545EA131343EA1263BE
:1008C0004FEA022245EA111545EA10654FEA002673
:1008D0000EF000419D4208BF964244F1FD0404F52C
:1008E000407402D25B084FEA3202B61A65EB030588
:1008F0005B084FEA32024FF480104FF4002CB6EB45
:10090000020E75EB030E22BFB61A754640EA0C00C4
:100910005B084FEA3202B6EB020E75EB030E22BF04
:10092000B61A754640EA5C005B084FEA3202B6EB45
:10093000020E75EB030E22BFB61A754640EA9C0004
:100940005B084FEA3202B6EB020E75EB030E22BFD4
:10095000B61A754640EADC0055EA060E18D04FEA92
:10096000051545EA16754FEA06164FEAC30343EA32
:1009700052734FEAC2025FEA1C1CC0D111F4801FFF
:100980000BD141EA00014FF000004FF0004CB6E7F8
:1009900011F4801F04BF01430020B4F1FD0C88BF97
:1009A000BCF5E06F3FF6AFAEB5EB030C04BFB6EBA2
:1009B000020C5FEA500C50F1000041EB045170BD95
:1009C0000EF0004E4EEA113114EB5C04C2BFD4EBC2
:1009D0000C0541EA045170BD41F480114FF0000E46
:1009E000013C90E645EA060E8DE60CEA135594EAC2
:1009F0000C0F08BF95EA0C0F3FF43BAF94EA0C0FC5
:100A00000AD150EA01347FF434AF95EA0C0F7FF439
:100A100025AF104619462CE795EA0C0F06D152EA8D
:100A200003353FF4FDAE1046194622E750EA410671
:100A300018BF52EA43067FF4C5AE50EA41047FF482
:100A40000DAF52EA43057FF4EBAE12E74FF0FF3CE7
:100A500006E000BF4FF0010C02E000BF4FF0010CB8
:100A60004DF804CD4FEA410C7FEA6C5C4FEA430C31
:100A700018BF7FEA6C5C1BD001B050EA410C0CBF80
:100A800052EA430C91EA030F02BF90EA020F0020E2
:100A9000704710F1000F91EA030F58BF994208BF49
:100AA00090422CBFD8176FEAE37040F00100704706
:100AB0004FEA410C7FEA6C5C02D150EA013C07D15D
:100AC0004FEA430C7FEA6C5CD6D152EA033CD3D0A8
:100AD0005DF8040B704700BF8446104662468C46A2
:100AE0001946634600E000BF01B5FFF7B7FF0028D5
:100AF00048BF10F1000F01BD4DF808EDFFF7F4FFFE
:100B00000CBF012000205DF808FB00BF4DF808ED88
:100B1000FFF7EAFF34BF012000205DF808FB00BFAB
:100B20004DF808EDFFF7E0FF94BF012000205DF8CD
:100B300008FB00BF4DF808EDFFF7CEFF94BF012082
:100B400000205DF808FB00BF4DF808EDFFF7C4FF7B
:100B500034BF012000205DF808FB00BF4FEA4102CE
:100B600012F5001215D211D56FF47873B3EB6252FF
:100B700012D94FEAC12343F0004343EA505311F026
:100B8000004F23FA02F018BF404270474FF00000B8
:100B9000704750EA013005D111F0004008BF6FF0F6
:100BA000004070474FF00000704700BF4A0011D26C
:100BB00012F5001211D20DD56FF47873B3EB6252B7
:100BC0000ED44FEAC12343F0004343EA505323FAC3
:100BD00002F070474FF00000704750EA013002D138
:100BE0004FF0FF3070474FF00000704753B94AB9DB
:100BF000002908BF00281CBF4FF0FF314FF0FF3025
:100C000000F0A6B9ADF1080C6DE904CE00F03CF897
:100C1000DDF804E0DDE9022304B0704738B50022B6
:100C2000002304460D46FFF771FF28B920462946E8
:100C3000BDE8384000F00AB8204605F1004100F058
:100C400005F8404261EB410138BD00BFD0B50C4B07
:100C5000002206460F46FFF7E7FCFFF7A7FF044612
:100C6000FFF768FC074B0022FFF7DEFC02460B464D
:100C700030463946FFF720FBFFF798FF2146D0BDED
:100C80000000F03D0000F0412DE9F047089E0D46C0
:100C900004460F46002B4AD18A42944665D9B2FADF
:100CA00082F343B102FA03FCC3F120029F4020FA11
:100CB00002F217439C404FEA1C4E1FFA8CF5B7FB1B
:100CC000FEF1220C0EFB117742EA074201FB05F010
:100CD00090420AD91CEB020201F1FF3780F01C811F
:100CE000904240F2198102396244121AA4B2B2FB56
:100CF000FEF00EFB102244EA024400FB05F5A5427B
:100D00000AD91CEB040400F1FF3280F00781A542F0
:100D100040F204816444023840EA0140641B00212F
:100D20001EB1DC400023C6E90043BDE8F0878B42DA
:100D300008D9002E00F0ED800021C6E90005084624
:100D4000BDE8F087B3FA83F1002949D1AB4202D361
:100D5000824200F2F880841A65EB030201201746F4
:100D6000002EE2D0C6E90047DFE702B9FFDEB2FAA3
:100D700082F3002B40F090808A1A4FEA1C471FFA3A
:100D80008CFE0121B2FBF7F507FB1520220C42EA8D
:100D900000420EFB05F0904208D91CEB020205F15F
:100DA000FF3802D2904200F2CB804546121AA4B21C
:100DB000B2FBF7F007FB102244EA02440EFB00FEF0
:100DC000A64508D91CEB040400F1FF3202D2A64567
:100DD00000F2BB801046A4EB0E0440EA05409FE7FA
:100DE000C1F120078B4022FA07FC4CEA030C05FAFC
:100DF00001F420FA07F3FD404FEA1C492343B5FBF9
:100E0000F9F81FFA8CFE09FB18551C0C44EA05443E
:100E100008FB0EF5A54202FA01F200FA01F00BD927
:100E20001CEB040408F1FF3A80F08880A54240F2F0
:100E30008580A8F102086444641B9DB2B4FBF9F3F9
:100E400009FB134445EA044403FB0EFEA64508D9FA
:100E50001CEB040403F1FF356CD2A6456AD9023BB2
:100E6000644443EA0843A3FB0295A4EB0E04AC429E
:100E7000C846AE4656D353D056B1B0EB080264EB29
:100E80000E0404FA07F7CA40CC401743C6E90074C1
:100E900018460021BDE8F087C3F1200102FA03FCE7
:100EA00020FA01F225FA01F19D402A434FEA1C473E
:100EB0001FFA8CFEB1FBF7F007FB1015110C41EA8D
:100EC000054100FB0EF58D4204FA03F408D91CEB32
:100ED000010100F1FF382FD28D422DD90238614433
:100EE000491B92B2B1FBF7F507FB151142EA01422B
:100EF00005FB0EF1914208D91CEB020205F1FF3807
:100F000016D2914214D9023D6244521A45EA004178
:100F100038E73146304608E73946E6E61046FBE654
:100F20004845A9D2B9EB020865EB0C0E013BA3E7DB
:100F30004546EAE72B4694E74046D1E7D0467BE7B3
:100F4000023D624432E708460AE76444023842E759
:100F5000704700BF80B485B000AF0346B9607A60C7
:100F6000FB7300BF1437BD465DF8047B704780B447
:100F700085B000AF0346B9607A60FB7300BF1437D9
:100F8000BD465DF8047B704780B485B000AF034672
:100F9000B9607A60FB7300BF1437BD465DF8047B0F
:100FA000704780B485B000AF0346B9607A60FB73C8
:100FB00000BF1437BD465DF8047B704780B485B030
:100FC00000AF0346B9607A60FB7300BF1437BD46BB
:100FD0005DF8047B704780B485B000AF0346B9600C
:100FE0007A60FB7300BF1437BD465DF8047B704721
:100FF00080B485B000AF0346B9607A60FB7300BF70
:101000001437BD465DF8047B704780B485B000AFEF
:101010000346B9607A60FB7300BF1437BD465DF8C4
:10102000047B704780B485B000AF0346B9607A6036
:10103000FB7300BF1437BD465DF8047B704780B476
:1010400085B000AF0346B9607A60FB7300BF143708
:10105000BD465DF8047B704780B485B000AF0346A1
:10106000B9607A60FB7300BF1437BD465DF8047B3E
:10107000704780B485B000AF0346B9607A60FB73F7
:1010800000BF1437BD465DF8047B704780B485B05F
:1010900000AF0346B9607A60FB7300BF1437BD46EA
:1010A0005DF8047B704780B485B000AF0346B9603B
:1010B0007A60FB7300BF1437BD465DF8047B704750
:1010C00080B485B000AF0346B9607A60FB7300BF9F
:1010D0001437BD465DF8047B704780B485B000AF1F
:1010E0000346B9607A60FB7300BF1437BD465DF8F4
:1010F000047B704780B485B000AF0346B9607A6066
:10110000FB7300BF1437BD465DF8047B704780B4A5
:1011100085B000AF0346B9607A60FB7300BF143737
:10112000BD465DF8047B704780B485B000AF0346D0
:10113000B9607A60FB7300BF1437BD465DF8047B6D
:10114000704790B589B006AF0446084611461A4666
:101150002346FB710346BB710B467B7113463B7103
:101160007979BA793B7F04933B7E039304230293FE
:10117000062301933B7900930B460821002001F0E0
:10118000F9FC044697F82030796A184601F0D8FB3C
:101190000246FB792146184601F0D0FA00BF0C3711
:1011A000BD4690BD80B485B000AF0346B9607A609B
:1011B000FB7300BF1437BD465DF8047B704780B4F5
:1011C00085B000AF0346B9607A60FB7300BF143787
:1011D000BD465DF8047B704780B485B000AF034620
:1011E000B9607A60FB7300BF1437BD465DF8047BBD
:1011F000704780B485B000AF0346B9607A60FB7376
:1012000000BF1437BD465DF8047B704780B485B0DD
:1012100000AF0346B9607A60FB7300BF1437BD4668
:101220005DF8047B704780B485B000AF0346B960B9
:101230007A60FB7300BF1437BD465DF8047B7047CE
:1012400090B589B006AF0446084611461A462346B3
:10125000FB710346BB710B467B7113463B71797979
:10126000BA793B7F04933B7E0393002302930023D0
:1012700001933B7900930B460021002001F07AFC9A
:10128000044601F077FB0246FB792146184601F03F
:1012900055FA00BF0C37BD4690BD80B485B000AF95
:1012A0000346B9607A60FB7300BF1437BD465DF832
:1012B000047B704780B485B000AF0346B9607A60A4
:1012C000FB7300BF1437BD465DF8047B704790B5D3
:1012D00089B006AF0446084611461A462346FB71FC
:1012E0000346BB710B467B7113463B717979BA7922
:1012F0003B7F04933B7E03930123029300230193DE
:101300003B7900930B460721012001F033FC044692
:10131000BB8D3A8DB98C97F8200001F035FB024661
:10132000FB792146184601F009FA00BF0C37BD468B
:1013300090BD80B485B000AF0346B9607A60FB739E
:1013400000BF1437BD465DF8047B704780B485B09C
:1013500000AF0346B9607A60FB7300BF1437BD4627
:101360005DF8047B704780B485B000AF0346B96078
:101370007A60FB7300BF1437BD465DF8047B70478D
:1013800080B485B000AF0346B9607A60FB7300BFDC
:101390001437BD465DF8047B704780B485B000AF5C
:1013A0000346B9607A60FB7300BF1437BD465DF831
:1013B000047B704790B589B006AF044608461146D5
:1013C0001A462346FB710346BB710B467B711346DD
:1013D0003B717979BA793B7F04933B7E0393032376
:1013E0000293002301933B7900930B4602210020D6
:1013F00001F0C0FB044697F8242097F820301146EE
:10140000184601F0E9FA0246FB792146184601F038
:1014100095F900BF0C37BD4690BD90B589B006AFB9
:101420000446084611461A462346FB710346BB7123
:101430000B467B7113463B717979BA793B7F0493F4
:101440003B7E039303230293002301933B79009394
:101450000B460221012001F08DFB044697F8242061
:1014600097F820301146184601F0D0FA0246FB7971
:101470002146184601F062F900BF0C37BD4690BD09
:1014800080B485B000AF0346B9607A60FB7300BFDB
:101490001437BD465DF8047B704790B589B006AF40
:1014A0000446084611461A462346FB710346BB71A3
:1014B0000B467B7113463B717979BA793B7F049374
:1014C0003B7E039304230293002301933B79009313
:1014D0000B460821002001F04DFB0446D7E9080126
:1014E00001F0AEFA0246FB792146184601F026F9D2
:1014F00000BF0C37BD4690BD90B589B006AF04461D
:10150000084611461A462346FB710346BB710B463B
:101510007B7113463B717979BA793B7F04933B7EAB
:10152000039304230293002301933B7900930B461A
:101530000821012001F01EFB0446D7E9080101F053
:1015400095FA0246FB792146184601F0F7F800BFEC
:101550000C37BD4690BD80B485B000AF0346B9607E
:101560007A60FB7300BF1437BD465DF8047B70479B
:1015700080B485B000AF0346B9607A60FB7300BFEA
:101580001437BD465DF8047B704790B589B006AF4F
:101590000446084611461A462346FB710346BB71B2
:1015A0000B467B7113463B717979BA793B7F049383
:1015B0003B7E039305230293002301933B79009321
:1015C0000B460121012001F0D5FA044697F820309E
:1015D000184601F061FA0246FB792146184601F0EF
:1015E000ADF800BF0C37BD4690BD80B485B000AFEC
:1015F0000346B9607A60FB7300BF1437BD465DF8DF
:10160000047B704790B589B006AF04460846114682
:101610001A462346FB710346BB710B467B7113468A
:101620003B717979BA793B7F04933B7E0393062320
:101630000293002301933B7900930B460021012084
:1016400001F098FA044601F03BFA0246FB79214684
:10165000184601F073F800BF0C37BD4690BD80B44A
:1016600085B000AF0346B9607A60FB7300BF1437E2
:10167000BD465DF8047B704780B485B000AF03467B
:10168000B9607A60FB7300BF1437BD465DF8047B18
:10169000704780B485B000AF0346B9607A60FB73D1
:1016A00000BF1437BD465DF8047B704780B485B039
:1016B00000AF0346B9607A60FB7300BF1437BD46C4
:1016C0005DF8047B704780B485B000AF0346B96015
:1016D0007A60FB7300BF1437BD465DF8047B70472A
:1016E00090B589B006AF0446084611461A4623460F
:1016F000FB710346BB710B467B7113463B717979D5
:10170000BA793B7F04933B7E039300230293072324
:1017100001933B7900930B460521012001F02AFA41
:10172000044697F82030796A184601F0D3F902464A
:10173000FB792146184601F001F800BF0C37BD4681
:1017400090BD90B589B006AF0446084611461A46CA
:101750002346FB710346BB710B467B7113463B71FD
:101760007979BA793B7F04933B7E039300230293FC
:10177000072301933B7900930B460321012001F0DD
:10178000F9F90446BA8C97F820301146184601F052
:10179000BBF90246FB792146184600F0CFFF00BF97
:1017A0000C37BD4690BD80B485B000AF0346B9602C
:1017B0007A60FB7300BF1437BD465DF8047B704749
:1017C00080B485B000AF0346B9607A60FB7300BF98
:1017D0001437BD465DF8047B704780B485B000AF18
:1017E0000346B9607A60FB7300BF1437BD465DF8ED
:1017F000047B704780B485B000AF0346B9607A605F
:10180000FB7300BF1437BD465DF8047B704780B49E
:1018100085B000AF0346B9607A60FB7300BF143730
:10182000BD465DF8047B704780B485B000AF0346C9
:10183000B9607A60FB7300BF1437BD465DF8047B66
:10184000704780B485B000AF0346B9607A60FB731F
:1018500000BF1437BD465DF8047B704780B485B087
:1018600000AF0346B9607A60FB7300BF1437BD4612
:101870005DF8047B704780B485B000AF0346B96063
:101880007A60FB7300BF1437BD465DF8047B704778
:1018900080B485B000AF0346B9607A60FB7300BFC7
:1018A0001437BD465DF8047B704780B485B000AF47
:1018B0000346B9607A60FB7300BF1437BD465DF81C
:1018C000047B704780B485B000AF0346B9607A608E
:1018D000FB7300BF1437BD465DF8047B704780B4CE
:1018E00085B000AF0346B9607A60FB7300BF143760
:1018F000BD465DF8047B704780B485B000AF0346F9
:10190000B9607A60FB7300BF1437BD465DF8047B95
:10191000704780B485B000AF0346B9607A60FB734E
:1019200000BF1437BD465DF8047B704780B485B0B6
:1019300000AF0346B9607A60FB7300BF1437BD4641
:101940005DF8047B704780B485B000AF0346B96092
:101950007A60FB7300BF1437BD465DF8047B7047A7
:1019600080B485B000AF0346B9607A60FB7300BFF6
:101970001437BD465DF8047B704780B485B000AF76
:101980000346B9607A60FB7300BF1437BD465DF84B
:10199000047B704780B485B000AF0346B9607A60BD
:1019A000FB7300BF1437BD465DF8047B704780B4FD
:1019B00085B000AF0346B9607A60FB7300BF14378F
:1019C000BD465DF8047B704780B485B000AF034628
:1019D000B9607A60FB7300BF1437BD465DF8047BC5
:1019E000704780B485B000AF0346B9607A60FB737E
:1019F00000BF1437BD465DF8047B704780B485B0E6
:101A000000AF0346B9607A60FB7300BF1437BD4670
:101A10005DF8047B704780B485B000AF0346B960C1
:101A20007A60FB7300BF1437BD465DF8047B7047D6
:101A300080B485B000AF0346B9607A60FB7300BF25
:101A40001437BD465DF8047B704780B485B000AFA5
:101A50000346B9607A60FB7300BF1437BD465DF87A
:101A6000047B704780B485B000AF0346B9607A60EC
:101A7000FB7300BF1437BD465DF8047B704780B42C
:101A800085B000AF0346B9607A60FB7300BF1437BE
:101A9000BD465DF8047B704780B485B000AF034657
:101AA000B9607A60FB7300BF1437BD465DF8047BF4
:101AB000704780B485B000AF0346B9607A60FB73AD
:101AC00000BF1437BD465DF8047B704780B485B015
:101AD00000AF0346B9607A60FB7300BF1437BD46A0
:101AE0005DF8047B704780B485B000AF0346B960F1
:101AF0007A60FB7300BF1437BD465DF8047B704706
:101B000080B485B000AF0346B9607A60FB7300BF54
:101B10001437BD465DF8047B704780B485B000AFD4
:101B20000346B9607A60FB7300BF1437BD465DF8A9
:101B3000047B704780B485B000AF0346B9607A601B
:101B4000FB7300BF1437BD465DF8047B704780B45B
:101B500085B000AF0346B9607A60FB7300BF1437ED
:101B6000BD465DF8047B704780B485B000AF034686
:101B7000B9607A60FB7300BF1437BD465DF8047B23
:101B8000704780B485B000AF0346B9607A60FB73DC
:101B900000BF1437BD465DF8047B704780B485B044
:101BA00000AF0346B9607A60FB7300BF1437BD46CF
:101BB0005DF8047B704780B485B000AF0346B96020
:101BC0007A60FB7300BF1437BD465DF8047B704735
:101BD00080B485B000AF0346B9607A60FB7300BF84
:101BE0001437BD465DF8047B704780B485B000AF04
:101BF0000346B9607A60FB7300BF1437BD465DF8D9
:101C0000047B704780B485B000AF0346B9607A604A
:101C1000FB7300BF1437BD465DF8047B704780B48A
:101C200085B000AF0346B9607A60FB7300BF14371C
:101C3000BD465DF8047B704780B485B000AF0346B5
:101C4000B9607A60FB7300BF1437BD465DF8047B52
:101C5000704790B589B006AF0446084611461A464B
:101C60002346FB710346BB710B467B7113463B71E8
:101C70007979BA793B7F04933B7E039300230293E7
:101C8000052301933B7900930B460221002000F0CD
:101C900071FF044697F8242097F820301146184623
:101CA00000F04EFF0246FB792146184600F046FD43
:101CB00000BF0C37BD4690BD80B485B000AF034671
:101CC000B9607A60FB7300BF1437BD465DF8047BD2
:101CD000704780B485B000AF0346B9607A60FB738B
:101CE00000BF1437BD465DF8047B704780B485B0F3
:101CF00000AF0346B9607A60FB7300BF1437BD467E
:101D00005DF8047B7047000080B483B000AF78605A
:101D10000F4B1B780E4A9B01134404337A681A60F8
:101D20000B4B1B7818460A4B1978094A8301134458
:101D300008330A461A70064B1B780133DAB2044B9B
:101D40001A7000BF0C37BD465DF8047B704700BFBA
:101D5000B800002080B483B000AF0346FB71044A92
:101D6000FB79537000BF0C37BD465DF8047B7047AC
:101D70009400002080B485B000AF03460A46FB7192
:101D80001346BB710023FB6011E0FB68DAB20D4B18
:101D90001B78591CC8B20B4908701946FB791344CB
:101DA000DAB2084B0B449A70FB680133FB60BB79D5
:101DB000FA689A42E9DB00BF00BF1437BD465DF800
:101DC000047B70479400002080B400AFFEE7000061
:101DD00080B483B000AF78600B467B8013467B7085
:101DE0001F4B1B78002B34D11D4B1B7819461C4A06
:101DF0000B465B000B449B001344013301221A7015
:101E0000174B1B781946164A0B465B000B449B0088
:101E100013447A68C3F80220114B1B781946104A04
:101E20000B465B000B449B00134406337A881A80F0
:101E30000B4B1B785A1CD1B2094A11701946084A3B
:101E40000B465B000B449B00134408337A781A70EE
:101E500000E000BF0C37BD465DF8047B704700BF53
:101E6000001B002090B583B000AF0346FB71FB79E7
:101E7000002B65D1FA79344913465B0013449B006B
:101E80000B4401331B78002B5BD0FA792E491346A3
:101E90005B0013449B000B4408331B78002B21D1BB
:101EA000FA79294913465B0013449B000B44D3F88D
:101EB00002305969FA79244813465B0013449B00A9
:101EC000034406331B88DB431C46FA791E4813463D
:101ED0005B0013449B000344D3F8023001EA040280
:101EE0005A611FE0FA79184913465B0013449B00BE
:101EF0000B44D3F802305969FA79134813465B0052
:101F000013449B00034406331B881C46FA790E4891
:101F100013465B0013449B000344D3F8023041EAAC
:101F200004025A61FC7903F0B5FB024606492346D8
:101F30005B0023449B000B440833C3F8012000E0FE
:101F400000BF0C37BD4690BD001B002090B583B08C
:101F500000AF00237B6069E03A497A6813465B0072
:101F600013449B000B4401331B78002B5BD0354995
:101F70007A6813465B0013449B000B440833D3F884
:101F8000014003F087FB03469C424CD02D497A6800
:101F900013465B0013449B000B4408331B78002B53
:101FA00020D128497A6813465B0013449B000B44F8
:101FB000D3F80230596923487A6813465B0013440A
:101FC0009B00034406331B881C461E487A68134650
:101FD0005B0013449B000344D3F8023041EA04023F
:101FE0005A6120E017497A6813465B0013449B004E
:101FF0000B44D3F80230596912487A6813465B00E3
:1020000013449B00034406331B88DB431C460D48E6
:102010007A6813465B0013449B000344D3F80230F4
:1020200001EA04025A617B6801337B60054B1B782F
:102030001A467B6893428FDB00BF00BF0C37BD465A
:1020400090BD00BF001B002080B483B000AF0346EA
:10205000FB71FB79174941F6042203FB02F20A44A3
:1020600002321288013290B2124A41F6042101FB79
:1020700003F31344023302461A80FB790D4A41F6FA
:10208000042101FB03F3134402331B88B3F5007FE3
:1020900009D3FB79074A41F6042101FB03F31344FA
:1020A000023300221A8000BF0C37BD465DF8047B66
:1020B000704700BFFC00002080B483B000AF03462F
:1020C000FB71FB791F4A41F6042101FB03F3134422
:1020D0001A88FB791B4941F6042000FB03F30B44EB
:1020E00002331B889A4226D0FB79164941F6042216
:1020F00003FB02F20A441288013290B2114A41F6FF
:10210000042101FB03F3134402461A80FB790D4AB4
:1021100041F6042101FB03F313441B88B3F5007F50
:102120000AD3FB79074A41F6042101FB03F3134468
:1021300000221A8000E000BF0C37BD465DF8047B2A
:10214000704700BFFC00002080B483B000AF78600F
:1021500000BF0C37BD465DF8047B704790B585B075
:1021600000AF78600023FB6073E07B681A683F492A
:10217000FB689B010B4404331B681B689A4265D1C2
:10218000FB689B010833394A1344191D384AFB6820
:1021900041F6042000FB03F3134402331B8803F5CC
:1021A000A073DA00FB6841F6042000FB03F313443C
:1021B0002F4A134404330A460021786803F0A6FD31
:1021C0000346002B01D0FFF7FFFD284AFB689B0167
:1021D00013441C331C68264AFB6841F6042101FBAA
:1021E00003F3134402331B881846E4B22049FA680B
:1021F00003469B00034441F6042000FB02F2134413
:102200000B44043322461A70194AFB6841F6042134
:1022100001FB03F3134402331B881C46134AFB687B
:102220009B01134410331A681148F96823469B0038
:10223000234441F6042404FB01F10B440344C3F896
:102240000520FB68DBB21846FFF7FEFEFB68013392
:10225000FB60064B1B781A46FB68934285DB786867
:10226000FFF772FF00BF1437BD4690BDB8000020D5
:10227000FC00002090B585B000AF0023FB609DE01E
:10228000554AFB6841F6042101FB03F31344023372
:102290001A885149FB6841F6042000FB03F30B4404
:1022A0001B889A4200F087804B4AFB6841F6042164
:1022B00001FB03F313441B881A4613469B00134487
:1022C000FA6841F6042101FB02F21344424A134426
:1022D00004337B607B68DB7803F00C03DBB20C2BF0
:1022E00064D00023BB605BE07B68DB78C3F303133F
:1022F000DBB21A46394B5B789A4206D07B68DB78B2
:1023000023F00F03DBB2F02B47D17B685B78C3F37C
:102310000403DBB21946314ABB68134402331B780D
:10232000994206D07B685B7803F01F03DBB21F2B5A
:1023300033D1FB68DBB21846FFF794FDFB68D8B2D7
:10234000254AFB6841F6042101FB03F313441B8873
:102350001A4613469B001344FA6841F6042101FB18
:1023600002F213441C4A1344191D1B4AFB6841F630
:10237000042404FB03F313441B8803F5A073DA0061
:10238000FB6841F6042404FB03F31344124A13448C
:1023900004331A4600F078FC08E0BB680133BB60E8
:1023A0000E4B1B781A46BB6893429DDBFB68DBB281
:1023B0001846FFF781FEFB680133FB60084B1B7872
:1023C0001A46FB689342FFF65BAFFFF7BFFD00BF05
:1023D0001437BD4690BD00BFFC00002094000020D3
:1023E000B800002080B400AFFEE7000080B483B0E6
:1023F00000AF78600B467B8013467B701F4B1B78C9
:10240000002B34D11D4B1B7819461C4A0B465B0030
:102410000B449B001344013301221A70174B1B78A5
:102420001946164A0B465B000B449B0013447A681E
:10243000C3F80220114B1B781946104A0B465B006B
:102440000B449B00134406337A881A800B4B1B788D
:102450005A1CD1B2094A11701946084A0B465B0052
:102460000B449B00134408337A781A7000E000BFD5
:102470000C37BD465DF8047B704700BF2435002053
:1024800090B583B000AF0346FB71FB79002B65D19B
:10249000FA79344913465B0013449B000B44013323
:1024A0001B78002B5BD0FA792E4913465B0013444E
:1024B0009B000B4408331B78002B21D1FA79294962
:1024C00013465B0013449B000B44D3F80230596958
:1024D000FA79244813465B0013449B0003440633F7
:1024E0001B88DB431C46FA791E4813465B001344E5
:1024F0009B000344D3F8023001EA04025A611FE052
:10250000FA79184913465B0013449B000B44D3F837
:1025100002305969FA79134813465B0013449B0053
:10252000034406331B881C46FA790E4813465B00A9
:1025300013449B000344D3F8023041EA04025A6179
:10254000FC7903F0A7F80246064923465B002344C2
:102550009B000B440833C3F8012000E000BF0C3798
:10256000BD4690BD2435002090B583B000AF002358
:102570007B6069E03A497A6813465B0013449B002C
:102580000B4401331B78002B5BD035497A68134626
:102590005B0013449B000B440833D3F8014003F065
:1025A00079F803469C424CD02D497A6813465B006B
:1025B00013449B000B4408331B78002B20D128497F
:1025C0007A6813465B0013449B000B44D3F8023037
:1025D000596923487A6813465B0013449B000344FF
:1025E00006331B881C461E487A6813465B0013445A
:1025F0009B000344D3F8023041EA04025A6120E010
:1026000017497A6813465B0013449B000B44D3F8C8
:102610000230596912487A6813465B0013449B00E4
:10262000034406331B88DB431C460D487A68134677
:102630005B0013449B000344D3F8023001EA040218
:102640005A617B6801337B60054B1B781A467B68B7
:1026500093428FDB00BF00BF0C37BD4690BD00BF6B
:102660002435002080B483B000AF0346FB71FB79B2
:10267000174941F6042203FB02F20A44023212888F
:10268000013290B2124A41F6042101FB03F31344D4
:10269000023302461A80FB790D4A41F6042101FB00
:1026A00003F3134402331B88B3F5007F09D3FB798E
:1026B000074A41F6042101FB03F3134402330022CD
:1026C0001A8000BF0C37BD465DF8047B704700BF21
:1026D000101B002080B483B000AF0346FB71FB7970
:1026E000154941F6042203FB02F20A441288013222
:1026F00090B2114A41F6042101FB03F31344024650
:102700001A80FB790C4A41F6042101FB03F31344C0
:102710001B88B3F5007F08D3FB79074A41F60421F3
:1027200001FB03F3134400221A8000BF0C37BD469F
:102730005DF8047B704700BF101B002080B584B09B
:1027400000AF0346B9607A60FB73FA7BFB7B1E49DE
:1027500041F6042000FB03F30B4402331B881946A7
:102760000B469B000B4441F6042101FB02F213448B
:10277000154A134404330522B96818460BF066FA6B
:10278000FB7BFA7B104941F6042000FB02F20A446D
:102790000232128802F5A072D20041F6042101FB38
:1027A00003F31344084A1344181DBB681B781A46E8
:1027B00079680BF04BFAFB7B1846FFF753FF00BF1D
:1027C0001037BD4680BD00BF101B002090B583B000
:1027D00000AF00237B60A1E0574A7B6841F60421EB
:1027E00001FB03F3134402331A8853497B6841F613
:1027F000042000FB03F30B441B889A4200F08B80FB
:102800004E4A7B689B01134404331B68184603F04F
:1028100048FA0346032B7ED1484A7B689B01134448
:10282000303304221A60444A7B6841F6042101FBDC
:1028300003F313441B8818463F497A6803469B00FC
:10284000034441F6042000FB02F213440B4404331A
:102850001B781946394A7B689B0113443833196049
:10286000354A7B6841F6042101FB03F313441B88BE
:10287000184631497A6803469B00034441F6042018
:1028800000FB02F213440B44D3F805202B497B686C
:102890009B010B442C331A60284A7B689B0113442C
:1028A0003C3300221A70254A7B689B011344043391
:1028B00018687B689B012033204A134403F1080108
:1028C0001D4A7B6841F6042404FB03F313441B8870
:1028D00003F5A073DA007B6841F6042404FB03F3DC
:1028E0001344154A13441A1D7B689B013833134C5B
:1028F0002344083303F0FAF80346002B01D0FFF716
:1029000071FD7B68DBB21846FFF7E4FE7B68DBB243
:102910001846FFF7B5FD7B6801337B60074B1B78DA
:102920001A467B689342FFF657AFFFF71DFE00BFC4
:102930000C37BD4690BD00BF101B0020B800002022
:1029400080B584B000AF03463960FB71084BFB6073
:10295000FB68FA791A70FB68013307223968184658
:102960000BF074F9024B18461037BD4680BD00BF0E
:102970001C35002080B400AF024B1846BD465DF800
:10298000047B70471C35002090B484B000AF04462F
:10299000084611461A462346FB710346BB800B4688
:1029A0007B8013463B800B4BFB60FB68FA791A7007
:1029B000FB68BA88A3F80120FB687A88A3F8032093
:1029C000FB683A88A3F80520024B18461037BD462D
:1029D00090BC70471C35002080B485B000AF034622
:1029E0000A46FB711346BB71074BFB60FB68FA7923
:1029F0001A70FB68BA795A70034B18461437BD46F3
:102A00005DF8047B704700BF1C35002080B485B0A2
:102A100000AF03460A46FB711346BB71074BFB60D0
:102A2000FB68FA791A70FB68BA795A70034B18463A
:102A30001437BD465DF8047B704700BF1C3500208D
:102A400080B485B000AFC7E90001074BFB60FB68AD
:102A50003A681A607A685A60034B18461437BD46C4
:102A60005DF8047B704700BF1C35002080B485B042
:102A700000AFC7E90001074BFB60FB683A681A60CA
:102A80007A685A60034B18461437BD465DF8047BDC
:102A9000704700BF1C35002080B485B000AF0346EE
:102AA000FB71064BFB60FB68FA791A70034B184602
:102AB0001437BD465DF8047B704700BF1C3500200D
:102AC00080B400AF024B1846BD465DF8047B7047EA
:102AD0001C35002080B485B000AF03463960FB711F
:102AE000084BFB60FB680133BB60FB68FA791A7026
:102AF000BB683A681A60034B18461437BD465DF848
:102B0000047B70471C35002080B485B000AF0346BD
:102B10000A46FB711346BB80084BFB60FB68013320
:102B2000BB60FB68FA791A70BB68BA881A80034BDD
:102B300018461437BD465DF8047B70471C350020ED
:102B400080B485B000AF03460A46FB711346BB71E3
:102B5000074BFB60FB68FA791A70FB68BA795A7008
:102B6000034B18461437BD465DF8047B704700BF21
:102B70001C35002090B482B000AF044608461146D0
:102B80001A462346FB710346BB710B467B71134605
:102B90003B713C4ABB7913707B7903F00103D9B2D6
:102BA000384A137961F3041313713B7903F00F036F
:102BB000D9B2344A137961F3030313713B7C03F0F8
:102BC0000F03D9B22F4AD37861F30713D370FB797F
:102BD00003F00303D9B22B4AD37861F38303D37094
:102BE0003B7D03F00F03DAB2264B02F003018C01A8
:102BF000997801F03F0108462146014399709208F7
:102C0000D2B202F0030202F00300DA7822F00302EB
:102C1000114602460A43DA703B7E03F00F03D9B235
:102C2000184A937861F3850393703B7F03F01F0389
:102C3000DAB2144B02F007014C01597801F01F0180
:102C40000846214601435970D208D2B202F003026D
:102C500002F003009A7822F00302114602460A436A
:102C60009A7097F8203003F01F03D9B2054A5378C1
:102C700061F304035370034B18460837BD4690BCFC
:102C8000704700BF1435002080B584B000AF034604
:102C9000B9607A60FB73BB689A789209D2B2DB782C
:102CA00003F003039B001343DBB2092B55D801A2A9
:102CB00052F823F0DD2C0008EB2C0008F92C00085A
:102CC000072D0008152D0008232D0008312D0008C0
:102CD0003F2D00085B2D00084D2D0008FB7B7A6816
:102CE000B968184600F020FA37E0FB7B7A68B968CB
:102CF000184600F02BFF30E0FB7B7A68B968184675
:102D000000F0E8FC29E0FB7B7A68B968184600F01F
:102D100029F822E0FB7B7A68B968184601F04FF881
:102D20001BE0FB7B7A68B968184601F001F814E0F3
:102D3000FB7B7A68B968184600F096F80DE0FB7BDB
:102D40007A68B968184600F0BDFB06E0FB7B7A683C
:102D5000B968184600F0FEFB00BF00BF1037BD4643
:102D600080BD00BF80B584B000AF0346B9607A6013
:102D7000FB73BB689B78C3F38303DBB2022B0CD0DD
:102D8000022B11DC002B01D0012B0DE0FB7B7A68BC
:102D9000B968184600F00CF806E0FB7B7A68B96861
:102DA000184600F033F800BF00BF1037BD4680BDA5
:102DB00080B584B000AF0346B9607A60FB73BB682E
:102DC000DB78C3F38103DBB2022B14D0022B19DCB6
:102DD000002B02D0012B07D014E0FB7B7A68B96886
:102DE0001846FEF7B7F80DE0FB7B7A68B96818461D
:102DF000FEF7BDF806E0FB7B7A68B9681846FEF777
:102E0000C3F800BF00BF1037BD4680BD80B584B099
:102E100000AF0346B9607A60FB73BB68DB78C3F32D
:102E20008103DBB2022B14D0022B19DC002B02D061
:102E3000012B07D014E0FB7B7A68B9681846FEF7CF
:102E4000B0F80DE0FB7B7A68B9681846FEF7B6F873
:102E500006E0FB7B7A68B9681846FEF7BCF800BF4D
:102E600000BF1037BD4680BD80B584B000AF0346BB
:102E7000B9607A60FB73BB689B78C3F38303DBB2F2
:102E8000052B39D801A252F823F000BFA52E000867
:102E9000B32E0008C12E0008CF2E0008DD2E00083A
:102EA000EB2E0008FB7B7A68B968184600F028F81A
:102EB00022E0FB7B7A68B968184600F04FF81BE007
:102EC000FB7B7A68B968184600F076F814E0FB7B63
:102ED0007A68B968184600F09DF80DE0FB7B7A68C7
:102EE000B968184600F0C4F806E0FB7B7A68B96858
:102EF000184600F0EBF800BF00BF1037BD4680BD9C
:102F000080B584B000AF0346B9607A60FB73BB68DC
:102F1000DB78C3F38103DBB2022B14D0022B19DC64
:102F2000002B02D0012B07D014E0FB7B7A68B96834
:102F30001846FEF75DF80DE0FB7B7A68B968184625
:102F4000FEF763F806E0FB7B7A68B9681846FEF77F
:102F500069F800BF00BF1037BD4680BD80B584B0A2
:102F600000AF0346B9607A60FB73BB68DB78C3F3DC
:102F70008103DBB2022B14D0022B19DC002B02D010
:102F8000012B07D014E0FB7B7A68B9681846FEF77E
:102F900056F80DE0FB7B7A68B9681846FEF75CF8D6
:102FA00006E0FB7B7A68B9681846FEF762F800BF56
:102FB00000BF1037BD4680BD80B584B000AF03466A
:102FC000B9607A60FB73BB68DB78C3F38103DBB263
:102FD000022B14D0022B19DC002B02D0012B07D0BE
:102FE00014E0FB7B7A68B9681846FEF74FF80DE0ED
:102FF000FB7B7A68B9681846FEF755F806E0FB7B5C
:103000007A68B9681846FEF75BF800BF00BF103752
:10301000BD4680BD80B584B000AF0346B9607A601C
:10302000FB73BB68DB78C3F38103DBB2022B14D0E4
:10303000022B19DC002B02D0012B07D014E0FB7B04
:103040007A68B968184607F0B3FB0DE0FB7B7A6835
:10305000B9681846FEF741F806E0FB7B7A68B96864
:103060001846FEF747F800BF00BF1037BD4680BDC9
:1030700080B584B000AF0346B9607A60FB73BB686B
:10308000DB78C3F38103DBB2022B14D0022B19DCF3
:10309000002B02D0012B07D014E0FB7B7A68B968C3
:1030A0001846FEF734F80DE0FB7B7A68B9681846DD
:1030B00007F0A8F906E0FB7B7A68B9681846FEF7C6
:1030C00033F800BF00BF1037BD4680BD80B584B067
:1030D00000AF0346B9607A60FB73BB68DB78C3F36B
:1030E0008103DBB2022B14D0022B19DC002B02D09F
:1030F000012B07D014E0FB7B7A68B9681846FEF70D
:1031000051F80DE0FB7B7A68B9681846FEF757F86E
:1031100006E0FB7B7A68B9681846FEF75DF800BFE9
:1031200000BF1037BD4680BD80B584B000AF0346F8
:10313000B9607A60FB73BB689B78C3F38303DBB22F
:10314000072B4BD801A252F823F000BF6D310008C5
:103150007B3100088931000897310008A53100084B
:10316000B3310008C1310008CF310008FB7B7A6819
:10317000B968184600F036F830E0FB7B7A68B96829
:10318000184600F05DF829E0FB7B7A68B9681846BC
:1031900000F084F822E0FB7B7A68B968184600F0FA
:1031A000ABF81BE0FB7B7A68B968184600F0D2F8F0
:1031B00014E0FB7B7A68B968184600F0F9F80DE076
:1031C000FB7B7A68B968184600F020F906E0FB7BC3
:1031D0007A68B968184600F047F900BF00BF103799
:1031E000BD4680BD80B584B000AF0346B9607A604B
:1031F000FB73BB68DB78C3F38103DBB2022B14D013
:10320000022B19DC002B02D0012B07D014E0FB7B32
:103210007A68B9681846FDF7ECFF0DE0FB7B7A6829
:10322000B9681846FDF7F2FF06E0FB7B7A68B968DB
:103230001846FDF7F8FF00BF00BF1037BD4680BD40
:1032400080B584B000AF0346B9607A60FB73BB6899
:10325000DB78C3F38103DBB2022B14D0022B19DC21
:10326000002B02D0012B07D014E0FB7B7A68B968F1
:10327000184600F0FDFE0DE0FB7B7A68B968184641
:10328000FEF70BF806E0FB7B7A68B9681846FEF794
:1032900011F800BF00BF1037BD4680BD80B584B0B7
:1032A00000AF0346B9607A60FB73BB68DB78C3F399
:1032B0008103DBB2022B14D0022B19DC002B02D0CD
:1032C000012B07D014E0FB7B7A68B9681846FEF73B
:1032D00030F80DE0FB7B7A68B9681846FEF736F8DF
:1032E00006E0FB7B7A68B9681846FEF73CF800BF39
:1032F00000BF1037BD4680BD80B584B000AF034627
:10330000B9607A60FB73BB68DB78C3F38103DBB21F
:10331000022B14D0022B19DC002B02D0012B07D07A
:1033200014E0FB7B7A68B9681846FEF729F80DE0CF
:10333000FB7B7A68B9681846FEF72FF806E0FB7B3E
:103340007A68B968184601F09FF800BF00BF1037CF
:10335000BD4680BD80B584B000AF0346B9607A60D9
:10336000FB73BB68DB78C3F38103DBB2022B14D0A1
:10337000022B19DC002B02D0012B07D014E0FB7BC1
:103380007A68B968184600F0CBFE0DE0FB7B7A68DE
:10339000B9681846FEF774F806E0FB7B7A68B968EE
:1033A000184601F023F800BF00BF1037BD4680BDAE
:1033B00080B584B000AF0346B9607A60FB73BB6828
:1033C000DB78C3F38103DBB2022B14D0022B19DCB0
:1033D000002B02D0012B07D014E0FB7B7A68B96880
:1033E000184600F0E1FD0DE0FB7B7A68B9681846ED
:1033F000FEF7B1F806E0FB7B7A68B9681846FEF77D
:10340000B7F800BF00BF1037BD4680BD80B584B09F
:1034100000AF0346B9607A60FB73BB68DB78C3F327
:103420008103DBB2022B14D0022B19DC002B02D05B
:10343000012B07D014E0FB7B7A68B968184600F0CE
:10344000B7FE0DE0FB7B7A68B9681846FEF7CDF849
:1034500006E0FB7B7A68B968184600F0EFFE00BF13
:1034600000BF1037BD4680BD80B584B000AF0346B5
:10347000B9607A60FB73BB68DB78C3F38103DBB2AE
:10348000022B14D0022B19DC002B02D0012B07D009
:1034900014E0FB7B7A68B9681846FEF7E0F80DE0A7
:1034A000FB7B7A68B9681846FEF7E6F806E0FB7B16
:1034B0007A68B9681846FEF7ECF800BF00BF10370D
:1034C000BD4680BD80B584B000AF0346B9607A6068
:1034D000FB73BB689B78C3F38303DBB2002B06D17D
:1034E000FB7B7A68B968184600F005F800BF00BF9A
:1034F0001037BD4680BD80B584B000AF0346B960CB
:103500007A60FB73BB68DB78C3F38103DBB2022B09
:1035100014D0022B19DC002B02D0012B07D014E0B1
:10352000FB7B7A68B968184600F0FCFE0DE0FB7B77
:103530007A68B9681846FEF7B9F806E0FB7B7A6846
:10354000B9681846FEF7BFF800BF00BF1037BD4688
:1035500080BD000080B584B000AF0346B9607A60DA
:10356000FB73BB689B78C3F38303DBB2032B27D8C1
:1035700001A252F823F000BF8935000897350008F2
:10358000A5350008B3350008FB7B7A68B968184692
:1035900000F01AF814E0FB7B7A68B968184600F06E
:1035A00041F80DE0FB7B7A68B968184600F057F8DF
:1035B00006E0FB7B7A68B968184600F06DF800BF3A
:1035C00000BF1037BD4680BD80B584B000AF034654
:1035D000B9607A60FB73BB68DB78C3F38103DBB24D
:1035E000022B14D0022B19DC002B02D0012B07D0A8
:1035F00014E0FB7B7A68B9681846FEF7D4F80DE052
:10360000FB7B7A68B9681846FEF7DAF806E0FB7BC0
:103610007A68B9681846FEF7E0F800BF00BF1037B7
:10362000BD4680BD80B485B000AF0346B9607A6006
:10363000FB73BB68DB78C3F38103DBB2022B05D0DD
:10364000022B06DC002B03D0012B02E000BF00E0C0
:1036500000BF00BF1437BD465DF8047B704780B4DF
:1036600085B000AF0346B9607A60FB73BB68DB7856
:10367000C3F38103DBB2022B05D0022B06DC002B47
:1036800003D0012B02E000BF00E000BF00BF1437F1
:10369000BD465DF8047B704780B485B000AF03463B
:1036A000B9607A60FB73BB68DB78C3F38103DBB27C
:1036B000022B05D0022B06DC002B03D0012B02E0ED
:1036C00000BF00E000BF00BF1437BD465DF8047BBB
:1036D0007047000080B584B000AF0346B9607A60DF
:1036E000FB73BB689B78C3F38303DBB2092B5DD804
:1036F00001A252F823F000BF213700082F3700083D
:103700003D3700084B370008593700086737000875
:103710007537000883370008913700089F37000885
:10372000FB7B7A68B968184600F044F83EE0FB7B02
:103730007A68B968184600F06BF837E0FB7B7A6866
:10374000B968184600F092F830E0FB7B7A68B968F7
:10375000184600F0B9F829E0FB7B7A68B96818468A
:1037600000F0E0F822E0FB7B7A68B968184600F0C8
:1037700007F91BE0FB7B7A68B968184600F02EF960
:1037800014E0FB7B7A68B968184600F055F90DE043
:10379000FB7B7A68B968184600F07CF906E0FB7B91
:1037A0007A68B968184600F0A3F900BF00BF103767
:1037B000BD4680BD80B584B000AF0346B9607A6075
:1037C000FB73BB68DB78C3F38103DBB2022B14D03D
:1037D000022B19DC002B02D0012B07D014E0FB7B5D
:1037E0007A68B9681846FEF705F80DE0FB7B7A6841
:1037F000B9681846FEF70BF806E0FB7B7A68B968F3
:103800001846FEF711F800BF00BF1037BD4680BD57
:1038100080B584B000AF0346B9607A60FB73BB68C3
:10382000DB78C3F38103DBB2022B14D0022B19DC4B
:10383000002B02D0012B07D014E0FB7B7A68B9681B
:103840001846FDF7FEFF0DE0FB7B7A68B968184665
:10385000FEF704F806E0FB7B7A68B9681846FEF7C5
:103860000AF800BF00BF1037BD4680BD80B584B0E8
:1038700000AF0346B9607A60FB73BB68DB78C3F3C3
:103880008103DBB2022B14D0022B19DC002B02D0F7
:10389000012B07D014E0FB7B7A68B9681846FDF766
:1038A000F7FF0DE0FB7B7A68B9681846FDF7FDFF6E
:1038B00006E0FB7B7A68B9681846FEF703F800BF9C
:1038C00000BF1037BD4680BD80B584B000AF034651
:1038D000B9607A60FB73BB68DB78C3F38103DBB24A
:1038E000022B14D0022B19DC002B02D0012B07D0A5
:1038F00014E0FB7B7A68B9681846FDF7F0FF0DE02D
:10390000FB7B7A68B9681846FDF7F6FF06E0FB7B9B
:103910007A68B9681846FDF7FCFF00BF00BF103792
:10392000BD4680BD80B584B000AF0346B9607A6003
:10393000FB73BB68DB78C3F38103DBB2022B14D0CB
:10394000022B19DC002B02D0012B07D014E0FB7BEB
:103950007A68B9681846FDF7E9FF0DE0FB7B7A68E5
:10396000B9681846FDF7EFFF06E0FB7B7A68B96897
:103970001846FDF7F5FF00BF00BF1037BD4680BDFC
:1039800080B584B000AF0346B9607A60FB73BB6852
:10399000DB78C3F38103DBB2022B14D0022B19DCDA
:1039A000002B02D0012B07D014E0FB7B7A68B968AA
:1039B0001846FDF7E2FF0DE0FB7B7A68B968184610
:1039C000FDF7E8FF06E0FB7B7A68B9681846FDF76B
:1039D000EEFF00BF00BF1037BD4680BD80B584B08C
:1039E00000AF0346B9607A60FB73BB68DB78C3F352
:1039F0008103DBB2022B14D0022B19DC002B02D086
:103A0000012B07D014E0FB7B7A68B9681846FDF7F4
:103A1000DBFF0DE0FB7B7A68B9681846FDF7E1FF34
:103A200006E0FB7B7A68B9681846FDF7E7FF00BF40
:103A300000BF1037BD4680BD80B584B000AF0346DF
:103A4000B9607A60FB73BB68DB78C3F38103DBB2D8
:103A5000022B14D0022B19DC002B02D0012B07D033
:103A600014E0FB7B7A68B9681846FDF7D4FF0DE0D7
:103A7000FB7B7A68B9681846FDF7DAFF06E0FB7B46
:103A80007A68B9681846FDF7E0FF00BF00BF10373D
:103A9000BD4680BD80B584B000AF0346B9607A6092
:103AA000FB73BB68DB78C3F38103DBB2022B14D05A
:103AB000022B19DC002B02D0012B07D014E0FB7B7A
:103AC0007A68B9681846FDF7CDFF0DE0FB7B7A6890
:103AD000B9681846FDF7D3FF06E0FB7B7A68B96842
:103AE0001846FDF7D9FF00BF00BF1037BD4680BDA7
:103AF00080B584B000AF0346B9607A60FB73BB68E1
:103B0000DB78C3F38103DBB2022B14D0022B19DC68
:103B1000002B02D0012B07D014E0FB7B7A68B96838
:103B20001846FDF7C6FF0DE0FB7B7A68B9681846BA
:103B3000FDF7CCFF06E0FB7B7A68B9681846FDF715
:103B4000D2FF00BF00BF1037BD4680BD80B584B036
:103B500000AF0346B9607A60FB73BB689B78C3F320
:103B60008303DBB2032B27D801A252F823F000BF56
:103B7000813B00088F3B00089D3B0008AB3B0008E1
:103B8000FB7B7A68B968184600F01AF814E0FB7BF2
:103B90007A68B968184600F041F80DE0FB7B7A6856
:103BA000B968184600F068F806E0FB7B7A68B968E7
:103BB000184600F08FF800BF00BF1037BD4680BD2B
:103BC00080B584B000AF0346B9607A60FB73BB6810
:103BD000DB78C3F38103DBB2022B14D0022B19DC98
:103BE000002B02D0012B07D014E0FB7B7A68B96868
:103BF000184600F00DFA0DE0FB7B7A68B9681846AC
:103C0000FDF77EFF06E0FB7B7A68B9681846FDF792
:103C100084FF00BF00BF1037BD4680BD80B584B0B3
:103C200000AF0346B9607A60FB73BB68DB78C3F30F
:103C30008103DBB2022B14D0022B19DC002B02D043
:103C4000012B07D014E0FB7B7A68B9681846FDF7B2
:103C500071FF0DE0FB7B7A68B9681846FDF777FFC6
:103C600006E0FB7B7A68B9681846FDF77DFF00BF68
:103C700000BF1037BD4680BD80B584B000AF03469D
:103C8000B9607A60FB73BB68DB78C3F38103DBB296
:103C9000022B14D0022B19DC002B02D0012B07D0F1
:103CA00014E0FB7B7A68B968184600F0F3FA0DE07F
:103CB000FB7B7A68B9681846FDF763FF06E0FB7B7B
:103CC0007A68B9681846FDF769FF00BF00BF103772
:103CD000BD4680BD80B584B000AF0346B9607A6050
:103CE000FB73BB68DB78C3F38103DBB2022B14D018
:103CF000022B19DC002B02D0012B07D014E0FB7B38
:103D00007A68B9681846FDF756FF0DE0FB7B7A68C4
:103D1000B9681846FDF75CFF06E0FB7B7A68B96876
:103D20001846FDF762FF00BF00BF1037BD4680BDDB
:103D300080B584B000AF0346B9607A60FB73BB689E
:103D40009B78C3F38303DBB2002B06D1FB7B7A683D
:103D5000B968184600F005F800BF00BF1037BD462F
:103D600080BD80B584B000AF0346B9607A60FB7354
:103D7000BB68DB78C3F38103DBB2022B14D0022BC8
:103D800019DC002B02D0012B07D014E0FB7B7A68F2
:103D9000B9681846FDF736FF0DE0FB7B7A68B96815
:103DA0001846FDF73CFF06E0FB7B7A68B9681846C9
:103DB000FDF742FF00BF00BF1037BD4680BD80B594
:103DC00084B000AF0346B9607A60FB73BB689B7830
:103DD000C3F38303DBB2002B06D1FB7B7A68B9689F
:103DE000184600F005F800BF00BF1037BD4680BD83
:103DF00080B584B000AF0346B9607A60FB73BB68DE
:103E0000DB78C3F38103DBB2022B14D0022B19DC65
:103E1000002B02D0012B07D014E0FB7B7A68B96835
:103E20001846FDF749FF0DE0FB7B7A68B968184634
:103E3000FDF74FFF06E0FB7B7A68B9681846FDF78F
:103E400055FF00BF00BF1037BD4680BD80B586B0AE
:103E500004AF0346FB710B46BB7113467B710A4BE3
:103E60005978094B9B787A790392BA7902920022A9
:103E70000192009300230A4600210020FDF7E9FE8D
:103E800000BF0837BD4680BD9400002080B586B0D5
:103E900004AF0346FB710C4B59780B4B9B780B4AD4
:103EA00002F5104292F8082D03920022029200229D
:103EB0000192009300230A4600210020FDF7ADFA8D
:103EC00000BF0837BD4680BD94000020E06F002091
:103ED00080B588B004AF0146C7E900230B46FB73E9
:103EE0000A4B5878094B9978D7E90023CDE902238A
:103EF0000023019300910023024600210020FDF7DA
:103F0000CCFA00BF1037BD4680BD00BF9400002032
:103F100080B586B004AF03460A46FB711346BB71F9
:103F20000A4B5978094B9B78BA7903920422029282
:103F300000220192009300230A4600210020FDF791
:103F400039FA00BF0837BD4680BD00BF940000208D
:103F5000F0B587B004AF03460A46FB711346BB8039
:103F60000F4B5D780E4B9C780E4BDB6B184609F0BF
:103F7000E8F803461E460B4B9B6B184609F0E1F828
:103F800003460393029600230193009400232A46DC
:103F900000210020FDF75DFE00BF0C37BD46F0BDDF
:103FA00094000020E06F002080B588B004AF034685
:103FB000B9607A60FB73144B5B78BA68D278C2F34D
:103FC0000312D2B293421AD10F4B9B78BA6852783F
:103FD000C2F30402D2B2934211D10C4807F0EAFCBA
:103FE000094B5A78084B9B78F87B002102910021FD
:103FF0000191009300230021FDF7C7FA00E000BF04
:104000001037BD4680BD00BF94000020E06F002047
:1040100080B586B000AF0346B9607A60FB73124B7F
:104020005B78BA68D278C2F30312D2B2934216D147
:104030000D4B9B78BA685278C2F30402D2B2934215
:104040000DD17B687B617B691A785B781B02134317
:104050007B827B8A1946054807F087FC00E000BF99
:104060001837BD4680BD00BF94000020E06F0020DF
:1040700080B58EB006AF0346B9607A60FB73264BFD
:104080005B78BA68D278C2F30312D2B293423ED1BF
:10409000214B9B78BA685278C2F30402D2B29342A1
:1040A00035D17B68FB61FB691B78FB76FB695A782D
:1040B0009B781B0213433B83FB69DA781B791B0255
:1040C0001343FB82FB695A799B791B021343BB8222
:1040D000F88A3A8BF97EBB8A009303460F4807F0B3
:1040E000B7FD0D4B59780C4B9B78F87BBA8A05923B
:1040F000FA8A04923A8B0392FA7E0292002201928B
:10410000009300230A460021FDF7E1F800E000BF1C
:104110002037BD4680BD00BF94000020E06F002026
:1041200090B58DB004AF0346B9607A60FB734FF071
:1041300000024FF00003C7E906231B4B5B78BA6807
:10414000D278C2F30312D2B2934229D1164B9B7894
:10415000BA685278C2F30402D2B2934220D17B688B
:104160007B6179690A684B68C7E906230F4B03F541
:104170001D431946D7E90623C1E900230A4B5C78A1
:10418000094B9978F87BD7E90623CDE90223002370
:1041900001930091002322460021FDF7ADF900E0D4
:1041A00000BF2437BD4690BD94000020E06F002082
:1041B00080B586B002AF0346B9607A60FB731D4BD1
:1041C0005B78BA68D278C2F30312D2B293422CD190
:1041D000184B9B78BA685278C2F30402D2B2934269
:1041E00023D1154B03F5104393F8C03C022B09D1A2
:1041F000114B03F51043D3F8983C0F4A02F51042D7
:10420000C2F8F03C0C4B03F51043032283F8C02C9A
:10421000084B5A78074B9B78F87B0021019100935B
:1042200000230021FDF7EEF900E000BF1037BD4686
:1042300080BD00BF94000020E06F002080B586B0F4
:1042400002AF0346B9607A60FB73114B5B78BA68C2
:10425000D278C2F30312D2B2934215D10C4B9B78A1
:10426000BA685278C2F30402D2B293420CD1084B1E
:104270005A78074B9B78F87B00210191009300232B
:104280000021FDF7BFF900E000BF1037BD4680BD3B
:104290009400002080B586B000AF0346B9607A6014
:1042A000FB731E4B5B78BA68D278C2F30312D2B2AA
:1042B00093422ED1194B9B78BA685278C2F304020C
:1042C000D2B2934225D17B683B613B699B78002B3E
:1042D00006D13B69DB789BB25B429BB2FB8202E07A
:1042E0003B69DB78FB820E4B03F51043012283F818
:1042F000202DB7F916300A4A02F51042C2F8243DC3
:1043000008F051FF0346064A02F51042C2F8283D64
:1043100000E000BF1837BD4680BD00BF94000020FC
:10432000E06F0020B0B58AB004AF0346B9607A6090
:10433000FB737B681B78002B02D0012B27D04EE04B
:104340007B6801337B61284B5C78BB681B79C3F3C6
:104350000303DBB21D46244B9A78BB6859784909A0
:10436000C9B29B7803F00303DB000B43DBB21946B1
:104370007B691B889BB2F87B039300230293019116
:1043800000922B4622460121FDF7DBF927E00023AE
:104390003B7401237B740623BB74134B5C78BB68AE
:1043A0001B79C3F30303DBB21D460F4B9A78BB683E
:1043B00059784909C9B29B7803F00303DB000B432A
:1043C000DBB219463B69F87B039301230293019109
:1043D00000922B4622460121FDF782F900BF00BF63
:1043E0001837BD46B0BD00BF9400002090B58BB01B
:1043F00004AF0346B9607A60FB73214B5B78BA68FF
:10440000D278C2F30312D2B2934235D11C4B9B78BF
:10441000BA685278C2F30402D2B293422CD14FF060
:1044200000024FF00003C7E90423164B03F51043C5
:1044300093F8C03C022B07D1124B03F51D43D3E97F
:104440000023C7E9042305E04FF000024FF000030A
:10445000C7E904230A4B5C78094B9978F87BD7E9C4
:104460000423CDE902230023019300910023224677
:104470000021FDF741F800E000BF1C37BD4690BDAC
:1044800094000020E06F002080B58AB004AF03469E
:10449000B9607A60FB730023FB75584B5B78BA6890
:1044A000D278C2F30312D2B2934240F0A280534BAF
:1044B0009B78BA685278C2F30402D2B2934240F0B9
:1044C00098807B683B613B691B78042B00F29280EB
:1044D00001A252F823F000BFED440008F5450008A2
:1044E000F5450008434500089B450008444B03F58B
:1044F000104393F8FC3C002B0BD1414B03F51043C8
:10450000002283F8082D3E4B03F51043012283F867
:10451000FC2C3B4B03F5104393F8083DFB75374BE0
:104520005978364B9B78F87BFA7D039200220292F1
:1045300000220192009300230A460021FCF76DFF40
:1045400058E02F4B03F5104393F8C03CFB75FB7DFF
:10455000022B02D10123FB750DE0FB7D002B02D164
:104560000223FB7507E0FB7D052B02D10223FB75BF
:1045700001E00023FB75214B5978204B9B78F87B99
:10458000FA7D0392032202920022019200930023FB
:104590000A460021FCF741FF2CE0194B03F51043BC
:1045A00093F8C03CFB75FB7D022B02D10123FB7508
:1045B0000DE0FB7D002B02D10223FB7507E0FB7DA4
:1045C000052B02D10223FB7501E00023FB750B4B89
:1045D00059780A4B9B78F87BFA7D03920422029269
:1045E00000220192009300230A460021FCF715FFE8
:1045F00000E000BF1837BD4680BD00BF940000201A
:10460000E06F002080B400AF054B5B69044A83F47F
:104610000043536100BFBD465DF8047B704700BF97
:104620000004024080B500AF034805F017FD0348C1
:1046300005F014FD00BF80BDB0590020A85900202E
:1046400080B500AF4FF4FA720549064808F0B2FD94
:1046500064220549054808F0ADFD00BF80BD00BFDC
:10466000343500200546000838350020254600086E
:1046700080B500AF00F080F800F01AF800F0D4F830
:1046800000F0A8F800F080F800F03EF800F054F8D0
:1046900005F03AFC03461A46034B1A70034805F02E
:1046A0002FFD00BF80BD00BF9037002041460008AD
:1046B00080B500AF06220121002005F0E3FB0122B6
:1046C0004FF480710E4805F07BFB01224FF400711E
:1046D0000C4805F075FB01224FF48071094805F084
:1046E0006FFB01228021074805F06AFB012240216F
:1046F000044805F065FB05F013FC00BF80BD00BF5A
:10470000000002400008024080B500AF0749084899
:1047100008F094FD064808F0A3FD054806F05EF891
:10472000044805F0EDFC00BF80BD00BF4C37002001
:10473000E8610020CFA7000880B500AF0A490B4808
:1047400008F07CFD4FF400420949084808F09EFD3E
:10475000064808F085FD054808F0BCFA054805F054
:10476000CFFC00BF80BD00BF08370020BC5900202F
:1047700000000240B5CF000880B400AF00BFBD46C6
:104780005DF8047B7047000080B582B002AF0A4B31
:10479000019300230093094B00220949094806F0C0
:1047A0003DFD094A0949074806F08CFD084805F017
:1047B000A7FC00BFBD4680BD70350020B835002085
:1047C00000360020E06F0020246A0020146A0020D8
:1047D000E9B2000880B584B004AF0123029300233E
:1047E0000193202300930C4B002200210B4808F07A
:1047F000E7FB012302930123019310230093064B4F
:1048000001220021064808F0DBFB064805F078FC91
:1048100000BFBD4680BD00BF00080240146A0020F2
:10482000246A002065D0000880B500AF044805F078
:10483000CBFB0349034805F0FFFB00BF80BD00BF71
:104840003C3500209437002080B584B002AF0023AF
:10485000FB7000F0B9FE00F069F800F0A3FA00F078
:1048600079FA00F0D7F800F071F900F0C7F900F01C
:1048700047FA00F01FF900F019FA00F001F9274893
:1048800002F0C7FC01224FF480412548FDF7A0FA51
:1048900001224FF400512248FDF7A8FDFFF7E8FE82
:1048A00005F032FB034601211846FDF763FA1D4867
:1048B000FDF72AFA1C4B5A781B4B9B78002101917B
:1048C0000093002300210020FCF7BAFC786808F070
:1048D00051FC0346B3F5FA7F16D3FB78002B04D1C5
:1048E00005F0F2FC0123FB700BE0FB78012B04D1F7
:1048F00005F03EFE0223FB7003E005F06FFD002390
:10490000FB7008F050FC786005F0DAFBFDF7B2FCB4
:10491000FDF75CFF014802F07CFCD7E7643500201E
:10492000000402403C3500209400002080B594B083
:1049300000AF07F11C0334220021184609F0AFF83C
:1049400007F1080300221A605A609A60DA601A615F
:1049500000237B602D4B1B6C2C4A43F08053136467
:104960002A4B1B6C03F080537B607B6800233B6009
:10497000274B1B68264A43F440431360244B1B68B3
:1049800003F440433B603B680923FB614FF48033F1
:104990003B6201233B6302237B634FF48003BB63D1
:1049A0000423FB63B4233B6402237B640223BB64C4
:1049B0000223FB6407F11C03184602F0D5FF0346EF
:1049C000002B01D000F08EFA02F034FC0346002BDD
:1049D00001D000F087FA0F23BB600223FB600023A5
:1049E0003B614FF4A0537B614FF48053BB6107F1EF
:1049F00008030521184602F06DFC0346002B01D088
:104A000000F070FA00BF5037BD4680BD003802404C
:104A10000070004080B500AF174B184A1A60164B63
:104A200005225A60144B00229A60134B0022DA6070
:104A3000114B4FF480221A610F4B4FF400125A6150
:104A40000D4B00221A760C4B01225A760A4B00229B
:104A50009A76094B0022DA76074B00221A77064B2A
:104A600000225A77044800F021FE0346002B01D0B3
:104A700000F038FA00BF80BD3C35002000640040E3
:104A800080B500AF094B0A4A1A60084B00225A60F1
:104A9000064B40F6FF729A60044802F078FB03462A
:104AA000002B01D000F01EFA00BF80BD643500204D
:104AB0000030004080B586B000AF07F10803002247
:104AC0001A605A609A60DA603B4600221A605A60A7
:104AD0001D4B4FF080421A601B4B00225A601A4B4C
:104AE00000229A60184B0022DA60174B00221A61EC
:104AF000154B00229A61144803F0D4F90346002BA9
:104B000001D000F0EFF94FF48053BB6007F10803C8
:104B100019460D4803F0ACFD0346002B01D000F010
:104B2000E1F900233B6000237B603B4619460648C1
:104B300004F058FA0346002B01D000F0D3F900BF6F
:104B40001837BD4680BD00BF7035002080B58AB0E3
:104B500000AF07F1200300221A605A603B1D0022BB
:104B60001A605A609A60DA601A615A619A61214B40
:104B7000214A1A601F4B00225A601E4B00229A6085
:104B80001C4BB322DA601B4B00221A61194B002226
:104B90009A61184803F0D5F90346002B01D000F0C4
:104BA000A1F900233B6200237B6207F12003194631
:104BB000104804F017FA0346002B01D000F092F9D8
:104BC00070237B600023BB600023FB6000237B61BC
:104BD0003B1D00221946074803F08CFC0346002BBE
:104BE00001D000F07FF9034800F0C8FA00BF283771
:104BF000BD4680BDB83500200004004080B58AB0B5
:104C000000AF07F1200300221A605A603B1D00220A
:104C10001A605A609A60DA601A615A619A61214B8F
:104C2000214A1A601F4B00225A601E4B00229A60D4
:104C30001C4BB322DA601B4B00221A61194B002275
:104C40009A61184803F07DF90346002B01D000F06B
:104C500049F900233B6200237B6207F120031946D8
:104C6000104804F0BFF90346002B01D000F03AF9D8
:104C700070237B600023BB600023FB6000237B610B
:104C80003B1D00221946074803F034FC0346002B65
:104C900001D000F027F9034800F070FA00BF283770
:104CA000BD4680BD003600200008004080B500AF42
:104CB000114B124A1A60104B4FF4E1325A600E4BFE
:104CC00000229A600C4B0022DA600B4B00221A6122
:104CD000094B0C225A61084B00229A61064B0022B4
:104CE000DA61054804F0FAF90346002B01D000F020
:104CF000F9F800BF80BD00BF083700200010014058
:104D000080B500AF114B124A1A60104B4FF4165287
:104D10005A600E4B00229A600C4B0022DA600B4B5B
:104D200000221A61094B0C225A61084B00229A6139
:104D3000064B0022DA61054804F0D0F90346002B47
:104D400001D000F0CFF800BF80BD00BF4C3700207D
:104D50000044004080B582B000AF00237B60104B60
:104D60001B6B0F4A43F4001313630D4B1B6B03F4CF
:104D700000137B607B68002200210B2001F009FCFE
:104D80000B2001F022FC002200210F2001F001FC89
:104D90000F2001F01AFC00BF0837BD4680BD00BFE0
:104DA0000038024080B58AB000AF07F1140300223A
:104DB0001A605A609A60DA601A6100233B61454BC1
:104DC0001B6B444A43F080031363424B1B6B03F09D
:104DD00080033B613B690023FB603E4B1B6B3D4AFC
:104DE00043F0010313633B4B1B6B03F00103FB60B8
:104DF000FB680023BB60374B1B6B364A43F0040350
:104E00001363344B1B6B03F00403BB60BB680023CC
:104E10007B60304B1B6B2F4A43F0020313632D4B17
:104E20001B6B03F002037B607B6801224FF460413F
:104E3000294802F093F900224FF40041274802F07C
:104E40008DF94FF47C737B610023BB610023FB6110
:104E500007F114031946224801F0D4FF03237B61B4
:104E60000023BB610023FB6107F1140319461A48B4
:104E700001F0C8FF4FF460437B610123BB61002355
:104E8000FB6100233B6207F114031946124801F04D
:104E9000B9FF4FF480737B610023BB610023FB618A
:104EA00007F1140319460D4801F0ACFF4FF400431D
:104EB0007B610123BB610023FB6103233B6207F19C
:104EC00014031946054801F09DFF00BF2837BD4671
:104ED00080BD00BF003802400004024000000240D4
:104EE0000008024080B400AF00BFBD465DF8047BFF
:104EF0007047000080B483B000AF00237B60104B8C
:104F00005B6C0F4A43F4804353640D4B5B6C03F4BA
:104F100080437B607B6800233B60094B1B6C084A25
:104F200043F080531364064B1B6C03F080533B60CB
:104F30003B6800BF0C37BD465DF8047B704700BF7F
:104F40000038024080B58AB000AF786007F11403E2
:104F500000221A605A609A60DA601A617B681B68E6
:104F6000214A93423CD100233B61204B1B6C1F4ADA
:104F700043F0007313641D4B1B6C03F000733B6123
:104F80003B690023FB60194B1B6B184A43F001037C
:104F90001363164B1B6B03F00103FB60FB684FF4BC
:104FA000C0537B610223BB610023FB6103233B628F
:104FB00009237B6207F1140319460D4801F022FF13
:104FC00000220321132001F0E4FA132001F0FDFA7E
:104FD00000220221142001F0DCFA142001F0F5FA7D
:104FE00000BF2837BD4680BD006400400038024045
:104FF0000000024080B485B000AF78607B681B6819
:10500000B3F1804F0DD10023FB60094B1B6C084AA4
:1050100043F001031364064B1B6C03F00103FB60B8
:10502000FB6800BF1437BD465DF8047B704700BFC6
:105030000038024080B584B000AF78607B681B68A0
:10504000474A934244D10023FB60464B1B6C454AC0
:1050500043F002031364434B1B6C03F00203FB6039
:10506000FB68414B414A1A603F4B4FF020625A6047
:105070003D4B40229A603C4B0022DA603A4B4FF4A1
:1050800080621A61384B4FF400625A61364B4FF41C
:1050900000529A61344B0022DA61334B00221A62CB
:1050A000314B00225A62304801F0AAFA0346002B25
:1050B00001D0FFF717FF7B682B4A5A622A4A7B68A8
:1050C00093637B68284A9A63274A7B68936342E02C
:1050D0007B681B68264A93423DD10023BB60214B6D
:1050E0001B6C204A43F0040313641E4B1B6C03F03B
:1050F0000403BB60BB681F4B1F4A1A601D4B4FF077
:1051000080625A601B4B40229A601A4B0022DA6080
:10511000184B4FF480621A61164B4FF400625A61CB
:10512000144B4FF400529A61124B0022DA61114B7A
:1051300000221A620F4B00225A620E4801F060FAF8
:105140000346002B01D0FFF7CDFE7B68094A5A6267
:10515000084A7B68936300BF1037BD4680BD00BF1F
:1051600000040040003802404836002070600240D1
:1051700000080040A83600201060024080B58AB0C8
:1051800000AF786007F1140300221A605A609A6039
:10519000DA601A617B681B68244A93421ED100239F
:1051A0003B61234B1B6B224A43F002031363204BEA
:1051B0001B6B03F002033B613B6910237B610223FD
:1051C000BB610223FB6100233B6202237B6207F188
:1051D00014031946174801F015FE22E07B681B688E
:1051E000154A93421DD10023FB60114B1B6B104AE3
:1051F00043F0020313630E4B1B6B03F00203FB60CF
:10520000FB6840237B610223BB610223FB61002317
:105210003B6202237B6207F114031946054801F043
:10522000F1FD00BF2837BD4680BD00BF000400402F
:1052300000380240000402400008004080B58CB0F5
:1052400000AF786007F11C0300221A605A609A6070
:10525000DA601A617B681B683A4A934235D10023B1
:10526000BB61394B5B6C384A43F010035364364BD7
:105270005B6C03F01003BB61BB6900237B61324BA5
:105280001B6B314A43F0010313632F4B1B6B03F07D
:1052900001037B617B694FF4C063FB6102233B62C6
:1052A00000237B620323BB620723FB6207F11C031D
:1052B0001946264801F0A6FD00220021252001F014
:1052C00068F9252001F081F938E07B681B68204AE5
:1052D000934233D100233B611B4B1B6C1A4A43F4AE
:1052E00000331364184B1B6C03F400333B613B69C0
:1052F0000023FB60144B1B6B134A43F00103136341
:10530000114B1B6B03F00103FB60FB680C23FB617B
:1053100002233B6200237B620323BB620723FB6201
:1053200007F11C031946094801F06CFD0022042115
:10533000262001F02EF9262001F047F900BF303772
:10534000BD4680BD00100140003802400000024010
:105350000044004080B400AF00BFBD465DF8047B50
:10536000704780B400AFFEE780B400AFFEE780B4C2
:1053700000AFFEE780B400AFFEE780B400AF00BF2F
:10538000BD465DF8047B704780B400AF00BFBD46EA
:105390005DF8047B704780B400AF00BFBD465DF888
:1053A000047B704780B500AF00F060F900BF80BD9E
:1053B00080B500AF024801F0BBFA00BF80BD00BF5E
:1053C000A836002080B500AF024801F0B1FA00BF56
:1053D00080BD00BF4836002080B500AF024800F015
:1053E000CDFD00BF80BD00BF3C35002080B500AFC3
:1053F000024800F0C3FD00BF80BD00BF3C35002067
:1054000080B500AF024803F02BFF00BF80BD00BF96
:105410000837002080B500AF024803F021FF00BF2D
:1054200080BD00BF4C37002080B400AF0123184678
:10543000BD465DF8047B704780B582B000AF7860F0
:10544000396008F0D7FB034616221A604FF0FF338D
:1054500018460837BD4680BD80B582B000AF786081
:105460004FF0FF317868FFF7E7FFFEE780B586B0C1
:1054700000AFF860B9607A6000237B610AE0AFF3A7
:1054800000800146BB685A1CBA60CAB21A707B69B8
:1054900001337B617A697B689A42F0DB7B6818464E
:1054A0001837BD4680BD80B586B000AFF860B960E2
:1054B0007A6000237B6109E0BB685A1CBA601B78E4
:1054C0001846AFF300807B6901337B617A697B68A2
:1054D0009A42F1DB7B6818461837BD4680BD80B420
:1054E00083B000AF78604FF0FF3318460C37BD46ED
:1054F0005DF8047B704780B483B000AF786039609A
:105500003B684FF400525A60002318460C37BD46E2
:105510005DF8047B704780B483B000AF78600123EE
:1055200018460C37BD465DF8047B704780B485B0E3
:1055300000AFF860B9607A60002318461437BD46A2
:105540005DF8047B7047000080B400AF084BD3F8CF
:105550008830074A43F47003C2F88830044B4FF098
:1055600000629A6000BFBD465DF8047B704700BFD3
:1055700000ED00E0DFF834D0002103E00C4B5B5875
:10558000435004310B480C4B42189A42F6D30B4A55
:1055900002E0002342F8043B094B9A42F9D3FFF79B
:1055A000D3FF08F02DFBFFF74FF9704700000220F2
:1055B0005CF100080000002074000020780000204A
:1055C000FC110120FEE7000080B500AF0E4B1B6808
:1055D0000D4A43F4007313600B4B1B680A4A43F4F3
:1055E00080631360084B1B68074A43F480731360A1
:1055F000032000F0C3FF002000F008F8FFF77AFC5A
:105600000023184680BD00BF003C024080B582B038
:1056100000AF7860124B1A68124B1B7819464FF492
:105620007A73B3FBF1F3B2FBF3F3184600F0DBFF40
:105630000346002B01D001230EE07B680F2B0AD814
:10564000002279684FF0FF3000F0A3FF064A7B6824
:105650001360002300E0012318460837BD4680BDD3
:1056600000000020080000200400002080B400AFEB
:10567000064B1B781A46064B1B681344044A1360FA
:1056800000BFBD465DF8047B704700BF08000020E6
:10569000846A002080B400AF034B1B681846BD46E7
:1056A0005DF8047B704700BF846A002080B584B039
:1056B00000AF78607B68002B01D10123EDE07B68AF
:1056C00093F82030DBB2002B02D17868FFF73AFC68
:1056D0007B681B681A687B681B6822F002021A60EC
:1056E000FFF7D8FFF86012E0FFF7D4FF0246FB682F
:1056F000D31A0A2B0BD97B685B6A43F400327B68B0
:105700005A627B68052283F820200123C5E07B686C
:105710001B685B6803F00203002BE5D17B681B6804
:105720001A687B681B6842F001021A60FFF7B2FF3B
:10573000F86012E0FFF7AEFF0246FB68D31A0A2BAF
:105740000BD97B685B6A43F400327B685A627B68E2
:10575000052283F8202001239FE07B681B685B689B
:1057600003F00103002BE5D07B681B7E012B08D1E1
:105770007B681B681A687B681B6842F080021A60AD
:1057800007E07B681B681A687B681B6822F0800250
:105790001A607B685B7E012B08D17B681B681A68E6
:1057A0007B681B6842F040021A6007E07B681B6858
:1057B0001A687B681B6822F040021A607B689B7E37
:1057C000012B08D17B681B681A687B681B6842F054
:1057D00020021A6007E07B681B681A687B681B68F8
:1057E00022F020021A607B68DB7E012B08D17B68E7
:1057F0001B681A687B681B6822F010021A6007E0B9
:105800007B681B681A687B681B6842F010021A608C
:105810007B681B7F012B08D17B681B681A687B683B
:105820001B6842F008021A6007E07B681B681A6870
:105830007B681B6822F008021A607B685B7F012B83
:1058400008D17B681B681A687B681B6842F00402F9
:105850001A6007E07B681B681A687B681B6822F087
:1058600004021A607B689A687B68DB681A437B686D
:105870001B691A437B685B6942EA03017B685B68CA
:105880005A1E7B681B680A43DA617B6800225A62F1
:105890007B68012283F82020002318461037BD467C
:1058A00080BD000080B487B000AF786039607B684D
:1058B0001B687B617B6893F82030FB74FB7C012BB9
:1058C00003D0FB7C022B40F0BE80654B7B617B6983
:1058D000D3F8003243F001027B69C3F800227B69F0
:1058E000D3F8003223F47C527B69C3F800227B6931
:1058F000D3F800223B685B6A1B021A437B69C3F83A
:1059000000223B685B6903F01F03012202FA03F3E4
:10591000FB607B69D3F81C22FB68DB431A407B6980
:10592000C3F81C223B68DB69002B23D17B69D3F8C9
:105930000C22FB68DB431A407B69C3F80C223B68EE
:10594000DB6819043B685B689BB23A68526919438B
:105950007B69483243F832103B689B6819043B6806
:105960001B689AB23B685B690A4379694833DB007C
:105970000B445A603B68DB69012B22D17B69D3F869
:105980000C22FB681A437B69C3F80C223B681B6836
:1059900019043B685B689BB23A68526919437B699A
:1059A000483243F832103B689B6819043B68DB6857
:1059B0009AB23B685B690A4379694833DB000B4460
:1059C0005A603B689B69002B09D17B69D3F804229C
:1059D000FB68DB431A407B69C3F8042207E07B695C
:1059E000D3F80422FB681A437B69C3F804223B689E
:1059F0001B69002B09D17B69D3F81422FB68DB43B8
:105A00001A407B69C3F8142207E07B69D3F814229B
:105A1000FB681A437B69C3F814223B681B6A012B9D
:105A200007D17B69D3F81C22FB681A437B69C3F852
:105A30001C227B69D3F8003223F001027B69C3F892
:105A40000022002306E07B685B6A43F480227B68C7
:105A50005A62012318461C37BD465DF8047B704727
:105A60000064004080B584B000AF78607B6893F834
:105A70002030DBB2012B2ED17B68022283F820205C
:105A80007B681B681A687B681B6822F001021A6039
:105A9000FFF700FEF86012E0FFF7FCFD0246FB682E
:105AA000D31A0A2B0BD97B685B6A43F400327B68FC
:105AB0005A627B68052283F82020012312E07B686C
:105AC0001B685B6803F00103002BE5D17B680022B3
:105AD0005A62002306E07B685B6A43F400227B681D
:105AE0005A62012318461037BD4680BD80B489B084
:105AF00000AFF860B9607A603B60FB6893F82030D3
:105B0000FB77FB681B689B68BB61FB7F012B03D0A5
:105B1000FB7F022B40F0B880BB6903F08063002B51
:105B20000AD1BB6903F00063002B05D1BB6903F008
:105B30008053002B00F0A080BB691B0E03F0030311
:105B40007B617B69022B07D9FB685B6A43F4000227
:105B5000FB685A6201239EE001227B699A403B6800
:105B60001A60BB689B68002B0DD1BB681B685A0587
:105B7000BB68DB68F96809681A437B6918331B0145
:105B80000B441A600FE0BB685B68DA00BB689B6877
:105B90001A43BB68DB68F96809681A437B691833E4
:105BA0001B010B441A60FB681968BB681A697B69A2
:105BB00018331B010B4404331A60BB681B7D012B97
:105BC00011D1FB681A687B6918331B011344043335
:105BD0001B68FA68116843F480727B6918331B01F3
:105BE0000B4404331A607B6807331B781A067B6802
:105BF00006331B781B041A437B6805331B781B0292
:105C000013437A68043212781046FA68116843EA3E
:105C100000027B691B010B4403F5C6731A607B68A5
:105C200003331B781A067B6802331B781B041A4364
:105C30007B6801331B781B0213437A681278104685
:105C4000FA68116843EA00027B691B010B4403F503
:105C5000C4731A60FB681A687B6918331B0113440C
:105C60001B68FA68116843F001027B6918331B0155
:105C70000B441A6000230EE0FB685B6A43F40012D9
:105C8000FB685A62012306E0FB685B6A43F48022EA
:105C9000FB685A62012318462437BD465DF8047B31
:105CA000704780B485B000AF78600023FB607B68EC
:105CB00093F82030FB72FB7A012B02D0FB7A022B87
:105CC0001DD17B681B689B6803F08063002B02D0AA
:105CD000FB680133FB607B681B689B6803F0006313
:105CE000002B02D0FB680133FB607B681B689B685C
:105CF00003F08053002B02D0FB680133FB60FB688C
:105D000018461437BD465DF8047B704780B487B0F1
:105D100000AFF860B9607A603B60FB6893F82030B0
:105D2000FB75FB7D012B03D0FB7D022B40F0F38044
:105D3000BB68002B0ED1FB681B68DB6803F0030314
:105D4000002B16D1FB685B6A43F40012FB685A62B1
:105D50000123E7E0FB681B681B6903F00303002BCA
:105D600007D1FB685B6A43F40012FB685A620123A7
:105D7000D8E0FB681A68BB681B331B0113441B681F
:105D800003F004027B689A607B689B68002B0CD14F
:105D9000FB681A68BB681B331B0113441B685B0D4F
:105DA000C3F30A027B681A600BE0FB681A68BB68E1
:105DB0001B331B0113441B68DB0823F060427B6824
:105DC0005A60FB681A68BB681B331B0113441B68CD
:105DD00003F002027B68DA60FB681A68BB681B3359
:105DE0001B01134404331B6803F00F027B681A6124
:105DF000FB681A68BB681B331B01134404331B6820
:105E00001B0ADAB27B689A61FB681A68BB681B33AD
:105E10001B01134404331B681B0C9AB27B685A6144
:105E2000FB681A68BB681B01134403F5DC731B682D
:105E3000DAB23B681A70FB681A68BB681B0113442E
:105E400003F5DC731B681A0A3B680133D2B21A707F
:105E5000FB681A68BB681B01134403F5DC731B68FD
:105E60001A0C3B680233D2B21A70FB681A68BB681E
:105E70001B01134403F5DC731B681A0E3B680333E4
:105E8000D2B21A70FB681A68BB681B01134403F591
:105E9000DE731A683B680433D2B21A70FB681A6862
:105EA000BB681B01134403F5DE731B681A0A3B68C9
:105EB0000533D2B21A70FB681A68BB681B01134421
:105EC00003F5DE731B681A0C3B680633D2B21A70F6
:105ED000FB681A68BB681B01134403F5DE731B687B
:105EE0001A0E3B680733D2B21A70BB68002B08D178
:105EF000FB681B68DA68FB681B6842F02002DA6006
:105F000007E0FB681B681A69FB681B6842F0200207
:105F10001A61002306E0FB685B6A43F48022FB6899
:105F20005A62012318461C37BD465DF8047B704752
:105F300080B485B000AF786039607B6893F820301A
:105F4000FB73FB7B012B02D0FB7B022B09D17B680F
:105F50001B6859697B681B683A680A435A610023C9
:105F600006E07B685B6A43F480227B685A62012307
:105F700018461437BD465DF8047B704780B58AB07B
:105F800000AF786000237B627B681B685B693B62C3
:105F90007B681B685B68FB617B681B689B68BB61F7
:105FA0007B681B68DB687B617B681B681B693B61E6
:105FB0007B681B689B69FB603B6A03F00103002B55
:105FC0007CD0BB6903F00103002B23D07B681B68E6
:105FD00001229A60BB6903F00203002B03D07868AA
:105FE00000F083F916E0BB6903F00403002B04D032
:105FF0007B6A43F400637B620CE0BB6903F0080337
:10600000002B04D07B6A43F480537B6202E0786803
:1060100000F089F9BB6903F48073002B24D07B68FE
:106020001B684FF480729A60BB6903F40073002B05
:1060300003D0786800F063F916E0BB6903F480636D
:10604000002B04D07B6A43F400537B620CE0BB69F5
:1060500003F40063002B04D07B6A43F480437B622B
:1060600002E0786800F069F9BB6903F48033002B23
:1060700024D07B681B684FF480329A60BB6903F4BC
:106080000033002B03D0786800F043F916E0BB69B9
:1060900003F48023002B04D07B6A43F400437B622B
:1060A0000CE0BB6903F40023002B04D07B6A43F4AB
:1060B00080337B6202E0786800F049F93B6A03F0C4
:1060C0000803002B0CD07B6903F01003002B07D0D2
:1060D0007B6A43F400737B627B681B681022DA6082
:1060E0003B6A03F00403002B0BD07B6903F0080329
:1060F000002B06D07B681B680822DA60786800F005
:1061000030F93B6A03F00203002B09D07B681B685F
:10611000DB6803F00303002B02D07868FCF71EF85D
:106120003B6A03F04003002B0CD03B6903F01003E3
:10613000002B07D07B6A43F480637B627B681B681B
:1061400010221A613B6A03F02003002B0BD03B693D
:1061500003F00803002B06D07B681B6808221A6135
:10616000786800F012F93B6A03F01003002B09D0A5
:106170007B681B681B6903F00303002B02D078685F
:1061800000F0F9F83B6A03F40033002B0BD0FB69F5
:1061900003F01003002B06D07B681B6810225A60A6
:1061A000786800F0FCF83B6A03F48033002B0BD0D6
:1061B000FB6903F00803002B06D07B681B680822EC
:1061C0005A60786800F0F5F83B6A03F40043002B4E
:1061D0007BD0FB6903F00403002B72D03B6A03F40D
:1061E0008073002B08D0FB6803F00103002B03D061
:1061F0007B6A43F001037B623B6A03F40073002B6C
:1062000008D0FB6803F00203002B03D07B6A43F045
:1062100002037B623B6A03F48063002B08D0FB68B7
:1062200003F00403002B03D07B6A43F004037B627A
:106230003B6A03F40063002B43D0FB6803F0700358
:10624000002B3ED0FB6803F07003602B2BD0602B3B
:106250002ED8502B22D0502B2AD8402B19D0402B8F
:1062600026D8302B10D0302B22D8102B02D0202B48
:1062700005D01DE07B6A43F008037B6219E07B6A6E
:1062800043F010037B6214E07B6A43F020037B62DF
:106290000FE07B6A43F040037B620AE07B6A43F0D5
:1062A00080037B6205E07B6A43F480737B6200E0DD
:1062B00000BF7B681B689A697B681B6822F07002CC
:1062C0009A617B681B6804225A607B6A002B08D0A5
:1062D0007B685A6A7B6A1A437B685A62786800F066
:1062E00072F800BF2837BD4680BD80B483B000AFD0
:1062F000786000BF0C37BD465DF8047B704780B402
:1063000083B000AF786000BF0C37BD465DF8047BFA
:10631000704780B483B000AF786000BF0C37BD46D3
:106320005DF8047B704780B483B000AF786000BF35
:106330000C37BD465DF8047B704780B483B000AF76
:10634000786000BF0C37BD465DF8047B704780B4B1
:1063500083B000AF786000BF0C37BD465DF8047BAA
:10636000704780B483B000AF786000BF0C37BD4683
:106370005DF8047B704780B483B000AF786000BFE5
:106380000C37BD465DF8047B704780B483B000AF26
:10639000786000BF0C37BD465DF8047B704780B461
:1063A00083B000AF786000BF0C37BD465DF8047B5A
:1063B000704780B483B000AF786000BF0C37BD4633
:1063C0005DF8047B704780B483B000AF786000BF95
:1063D0000C37BD465DF8047B7047000080B485B083
:1063E00000AF78607B6803F00703FB600C4BDB6851
:1063F000BB60BA684FF6FF031340BB60FB681A022C
:10640000BB68134343F0BF6343F40033BB60044AEB
:10641000BB68D36000BF1437BD465DF8047B70478E
:1064200000ED00E080B400AF044BDB681B0A03F012
:1064300007031846BD465DF8047B704700ED00E099
:1064400080B483B000AF0346FB7197F90730002B8F
:106450000BDBFB7903F01F02074997F907305B0953
:10646000012000FA02F241F8232000BF0C37BD469C
:106470005DF8047B704700BF00E100E080B483B0AA
:1064800000AF03463960FB7197F90730002B0ADB38
:106490003B68DAB20C4997F907301201D2B20B44CB
:1064A00083F800230AE03B68DAB20849FB7903F07D
:1064B0000F03043B1201D2B20B441A7600BF0C3713
:1064C000BD465DF8047B704700E100E000ED00E0B0
:1064D00080B489B000AFF860B9607A60FB6803F0FF
:1064E0000703FB61FB69C3F10703042B28BF0423E7
:1064F000BB61FB690433062B02D9FB69033B00E057
:1065000000237B614FF0FF32BB6902FA03F3DA43E9
:10651000BB681A407B699A404FF0FF317B6901FAF2
:1065200003F3D9437B680B40134318462437BD4619
:106530005DF8047B7047000080B582B000AF7860E2
:106540007B68013BB3F1807F01D301230FE00A4A4E
:106550007B68013B53600F214FF0FF30FFF78EFF48
:10656000054B00229A60044B07221A60002318464C
:106570000837BD4680BD00BF10E000E080B582B0A6
:1065800000AF78607868FFF729FF00BF0837BD4685
:1065900080BD80B586B000AF0346B9607A60FB73FA
:1065A00000237B61FFF73EFF78617A68B9687869FC
:1065B000FFF78EFF024697F90F3011461846FFF796
:1065C0005DFF00BF1837BD4680BD80B582B000AF0B
:1065D0000346FB7197F907301846FFF731FF00BFFC
:1065E0000837BD4680BD80B582B000AF786078685E
:1065F000FFF7A2FF034618460837BD4680BD0000DE
:1066000080B586B000AF786000237B61FFF742F869
:1066100038617B68002B01D1012399E07B6800225F
:1066200083F834207B68022283F835207B681B685E
:106630001A687B681B6822F001021A600FE0FFF7FE
:1066400029F802463B69D31A052B08D97B6820221A
:106650005A657B68032283F83520032378E07B6842
:106660001B681B6803F00103002BE8D17B681B68E3
:106670001B687B617A69384B13407B617B685A6881
:106680007B689B681A437B68DB681A437B681B69DD
:106690001A437B685B691A437B689B691A437B6872
:1066A000DB691A437B681B6A13437A6913437B6176
:1066B0007B685B6A042B07D17B68DA6A7B681B6B9B
:1066C00013437A6913437B617B681B687A691A609C
:1066D0007B681B685B697B617B6923F007037B61D7
:1066E0007B685B6A7A6913437B617B685B6A042B16
:1066F00017D17B689B6A7A6913437B617B68DB6A8D
:10670000002B0ED0786800F001FB0346002B08D068
:106710007B6840225A657B68012283F8352001237B
:1067200016E07B681B687A695A61786800F0B8FAED
:106730000346FB607B68DB6D3F229A40FB689A60F2
:106740007B6800225A657B68012283F8352000238C
:1067500018461837BD4680BD3F8010F080B586B022
:1067600000AFF860B9607A603B600023FB75FB689E
:106770009B6D3B61FB6893F83430012B01D1022300
:1067800040E0FB68012283F83420FB6893F8353041
:10679000DBB2012B2FD1FB68022283F83520FB6886
:1067A00000225A653B687A68B968F86800F04AFACE
:1067B000FB68DB6D3F229A403B699A60FB681B686F
:1067C0001A68FB681B6842F016021A60FB681B6CB3
:1067D000002B07D0FB681B681A68FB681B6842F037
:1067E00008021A60FB681B681A68FB681B6842F0A5
:1067F00001021A6005E0FB68002283F834200223BE
:10680000FB75FB7D18461837BD4680BD80B584B04A
:1068100000AF78607B689B6DFB60FEF73BFFB86064
:106820007B6893F83530DBB2022B08D07B6880227E
:106830005A657B68002283F83420012352E07B688C
:106840001B681A687B681B6822F016021A607B6856
:106850001B685A697B681B6822F080025A617B685A
:106860001B6C002B03D17B689B6C002B07D07B68D3
:106870001B681A687B681B6822F008021A607B6834
:106880001B681A687B681B6822F001021A6013E01B
:10689000FEF700FF0246BB68D31A052B0CD97B68B4
:1068A00020225A657B68002283F834207B6803220B
:1068B00083F83520032315E07B681B681B6803F011
:1068C0000103002BE4D17B68DB6D3F229A40FB681B
:1068D0009A607B68002283F834207B68012283F869
:1068E0003520002318461037BD4680BD80B483B0E4
:1068F00000AF78607B6893F83530DBB2022B04D0B0
:106900007B6880225A6501230CE07B68052283F8AE
:1069100035207B681B681A687B681B6822F00102BF
:106920001A60002318460C37BD465DF8047B70479B
:1069300080B586B000AF78600023BB608E4B1B68CB
:106940008E4AA2FB03239B0A7B617B689B6D3B61A4
:106950003B691B68FB607B68DB6D08229A40FB6823
:106960001340002B1AD07B681B681B6803F00403DC
:10697000002B13D07B681B681A687B681B6822F0A9
:1069800004021A607B68DB6D08229A403B699A60BA
:106990007B685B6D43F001027B685A657B68DB6D49
:1069A00001229A40FB681340002B12D07B681B68C1
:1069B0005B6903F08003002B0BD07B68DB6D012249
:1069C0009A403B699A607B685B6D43F002027B688A
:1069D0005A657B68DB6D04229A40FB681340002BEC
:1069E00012D07B681B681B6803F00203002B0BD0DE
:1069F0007B68DB6D04229A403B699A607B685B6D23
:106A000043F004027B685A657B68DB6D10229A4074
:106A1000FB681340002B43D07B681B681B6803F0A6
:106A20000803002B3CD07B68DB6D10229A403B6949
:106A30009A607B681B681B6803F48023002B18D0C6
:106A40007B681B681B6803F40023002B08D17B685C
:106A50001B6C002B24D07B681B6C786898471FE068
:106A60007B689B6C002B1BD07B689B6C786898477D
:106A700016E07B681B681B6803F48073002B07D14A
:106A80007B681B681A687B681B6822F008021A6022
:106A90007B681B6C002B03D07B681B6C7868984765
:106AA0007B68DB6D20229A40FB681340002B00F0CE
:106AB0008F807B681B681B6803F01003002B00F0BD
:106AC00087807B68DB6D20229A403B699A607B68F7
:106AD00093F83530DBB2052B36D17B681B681A681A
:106AE0007B681B6822F016021A607B681B685A6973
:106AF0007B681B6822F080025A617B681B6C002B4C
:106B000003D17B689B6C002B07D07B681B681A68DD
:106B10007B681B6822F008021A607B68DB6D3F22ED
:106B20009A403B699A607B68002283F834207B6836
:106B3000012283F835207B681B6D002B7ED07B689B
:106B40001B6D7868984779E07B681B681B6803F4C5
:106B50008023002B1DD07B681B681B6803F4002377
:106B6000002B0DD17B685B6C002B31D07B685B6C9C
:106B7000786898472CE000BF00000020B5814E1BCC
:106B80007B68DB6B002B23D07B68DB6B78689847D6
:106B90001EE07B681B681B6803F48073002B0FD119
:106BA0007B681B681A687B681B6822F010021A60F9
:106BB0007B68002283F834207B68012283F835202B
:106BC0007B68DB6B002B03D07B68DB6B78689847B6
:106BD0007B685B6D002B32D07B685B6D03F001033B
:106BE000002B22D07B68052283F835207B681B6848
:106BF0001A687B681B6822F001021A60BB680133C7
:106C0000BB607A699A4207D37B681B681B6803F0F4
:106C10000103002BF2D100E000BF7B68002283F863
:106C200034207B68012283F835207B68DB6C002BE5
:106C300005D07B68DB6C7868984700E000BF1837A8
:106C4000BD4680BD80B485B000AFF860B9607A60A1
:106C50003B60FB681B681A68FB681B6822F4802293
:106C60001A60FB681B683A685A60FB689B68402B97
:106C700008D1FB681B687A689A60FB681B68BA6871
:106C8000DA6007E0FB681B68BA689A60FB681B68FB
:106C90007A68DA6000BF1437BD465DF8047B704740
:106CA00080B485B000AF78607B681B68DBB2103BB6
:106CB000144AA2FB03231B09FB60134AFB6813441D
:106CC0001B781A467B68DA65FB68032B09D97B6859
:106CD0001B6823F47F7323F003031A1D7B689A65F6
:106CE00007E07B681B6823F47F7323F003037A6853
:106CF00093657B689B6D18461437BD465DF8047B31
:106D0000704700BFABAAAAAA60ED000880B485B0A6
:106D100000AF78600023FB737B689B6ABB607B6875
:106D20009B69002B1FD1BB68032B56D801A252F8D8
:106D300023F000BF456D0008576D0008456D000841
:106D4000DB6D00087B68DB6A03F08073002B46D0A4
:106D50000123FB7343E07B68DB6AB3F1C07F40D162
:106D60000123FB733DE07B689B69B3F5005F21D194
:106D7000BB68032B37D801A252F823F08D6D0008B1
:106D8000936D00088D6D0008A56D00080123FB734D
:106D900030E07B68DB6A03F08073002B25D0012391
:106DA000FB7322E07B68DB6AB3F1C07F1FD1012354
:106DB000FB731CE0BB68022B03D9BB68032B03D019
:106DC00018E00123FB7315E07B68DB6A03F0807336
:106DD000002B0ED00123FB730BE000BF0AE000BFC5
:106DE00008E000BF06E000BF04E000BF02E000BF13
:106DF00000E000BFFB7B18461437BD465DF8047BFE
:106E0000704700BF80B489B000AF7860396000235C
:106E10007B6100233B610023BB610023FB6165E1D3
:106E20000122FB6902FA03F37B613B681B687A6904
:106E300013403B613A697B699A4240F054813B6858
:106E40005B6803F00303012B05D03B685B6803F02C
:106E50000303022B30D17B689B68BB61FB695B003D
:106E6000032202FA03F3DB43BA691340BB613B68B8
:106E7000DA68FB695B0002FA03F3BA691343BB618A
:106E80007B68BA699A607B685B68BB610122FB69B9
:106E900002FA03F3DB43BA691340BB613B685B68EA
:106EA0001B0903F00102FB6902FA03F3BA691343F9
:106EB000BB617B68BA695A603B685B6803F0030397
:106EC000032B17D07B68DB68BB61FB695B00032287
:106ED00002FA03F3DB43BA691340BB613B689A686B
:106EE000FB695B0002FA03F3BA691343BB617B6879
:106EF000BA69DA603B685B6803F00303022B23D1B5
:106F0000FB69DA087B68083253F82230BB61FB6901
:106F100003F007039B000F2202FA03F3DB43BA6975
:106F20001340BB613B681A69FB6903F007039B00D0
:106F300002FA03F3BA691343BB61FB69DA087B68A1
:106F40000832B96943F822107B681B68BB61FB6992
:106F50005B00032202FA03F3DB43BA691340BB610F
:106F60003B685B6803F00302FB695B0002FA03F312
:106F7000BA691343BB617B68BA691A603B685B6896
:106F800003F08053002B00F0AE800023FB605D4BCC
:106F90005B6C5C4A43F4804353645A4B5B6C03F470
:106FA0008043FB60FB68584AFB699B08023352F838
:106FB0002330BB61FB6903F003039B000F2202FA3D
:106FC00003F3DB43BA691340BB617B684F4A9342CA
:106FD00025D07B684E4A93421FD07B684D4A93422E
:106FE00019D07B684C4A934213D07B684B4A93423A
:106FF0000DD07B684A4A934207D07B68494A934246
:1070000001D106230CE007230AE0052308E004234E
:1070100006E0032304E0022302E0012300E0002352
:10702000FA6902F0030292009340BA691343BB610C
:107030003549FB699B080233BA6941F823203A4B72
:107040001B68BB613B69DB43BA691340BB613B68AA
:107050005B6803F48033002B03D0BA693B691343A8
:10706000BB61314ABB6913602F4B5B68BB613B69F5
:10707000DB43BA691340BB613B685B6803F40033D0
:10708000002B03D0BA693B691343BB61264ABB6935
:107090005360254B9B68BB613B69DB43BA69134076
:1070A000BB613B685B6803F48013002B03D0BA69B3
:1070B0003B691343BB611C4ABB6993601A4BDB6895
:1070C000BB613B69DB43BA691340BB613B685B68EA
:1070D00003F40013002B03D0BA693B691343BB616F
:1070E000114ABB69D360FB690133FB61FB690F2B5C
:1070F0007FF696AE00BF00BF2437BD465DF8047B27
:10710000704700BF003802400038014000000240D4
:107110000004024000080240000C0240001002403F
:107120000014024000180240003C014080B485B0C9
:1071300000AF78600B467B807B681A697B881340C0
:10714000002B02D00123FB7301E00023FB73FB7BC8
:1071500018461437BD465DF8047B704780B483B091
:1071600000AF78600B467B8013467B707B78002BEA
:1071700003D07A887B689A6103E07B881A047B6875
:107180009A6100BF0C37BD465DF8047B704780B53F
:1071900084B000AF78607B68002B01D1012334E01C
:1071A0007B681B684CF6CC421A607B681B6845F212
:1071B00055521A607B681B687A6852685A607B680F
:1071C0001B687A6892689A60FEF764FAF8600FE0CC
:1071D000FEF760FA0246FB68D31A302B08D97B68A9
:1071E0001B68DB6803F00303002B01D003230CE0D2
:1071F0007B681B68DB6803F00303002BE8D17B6826
:107200001B684AF6AA221A60002318461037BD46AA
:1072100080BD80B483B000AF78607B681B684AF69D
:10722000AA221A60002318460C37BD465DF8047B7D
:107230007047000080B582B000AF00237B60002360
:107240003B60204B1B6C1F4A43F0805313641D4B63
:107250001B6C03F080533B603B681B4B01221A60A0
:10726000FEF718FA786009E0FEF714FA02467B6828
:10727000D31AB3F57A7F01D903231FE0134B5B6860
:1072800003F48033B3F5803FEED1114B01221A6035
:10729000FEF700FA786009E0FEF7FCF902467B6829
:1072A000D31AB3F57A7F01D9032307E0074B5B6854
:1072B00003F40033B3F5003FEED10023184608373E
:1072C000BD4680BD0038024040000E4200700040C4
:1072D00044000E4280B584B000AF786039607B68AE
:1072E000002B01D10123CCE0684B1B6803F00F0396
:1072F0003A689A420CD9654B3A68D2B21A70634B1D
:107300001B6803F00F033A689A4201D00123B8E0EA
:107310007B681B6803F00203002B20D07B681B688E
:1073200003F00403002B05D0594B9B68584A43F4E3
:10733000E05393607B681B6803F00803002B05D0C3
:10734000534B9B68524A43F460439360504B9B6895
:1073500023F0F0027B689B684D4913438B607B6888
:107360001B6803F00103002B44D07B685B68012B92
:1073700007D1474B1B6803F40033002B19D10123BD
:107380007FE07B685B68022B03D07B685B68032B24
:1073900007D13F4B1B6803F00073002B09D1012379
:1073A0006FE03B4B1B6803F00203002B01D101236C
:1073B00067E0374B9B6823F003027B685B683449C6
:1073C00013438B60FEF766F9F8600AE0FEF762F996
:1073D0000246FB68D31A41F28832934201D9032353
:1073E0004FE02B4B9B6803F00C027B685B689B00B3
:1073F0009A42EBD1254B1B6803F00F033A689A427F
:107400000CD2224B3A68D2B21A70204B1B6803F0A0
:107410000F033A689A4201D0012332E07B681B686F
:1074200003F00403002B08D0194B9B6823F4E052AF
:107430007B68DB68164913438B607B681B6803F02D
:107440000803002B09D0124B9B6823F460427B6831
:107450001B69DB000E4913438B6000F055F80246B0
:107460000B4B9B681B0903F00F030A49CB5C22FA04
:1074700003F3094A1360094B1B681846FEF7C6F868
:10748000002318461037BD4680BD00BF003C0240B7
:107490000038024048ED00080000002004000020F1
:1074A00080B400AF034B1B681846BD465DF8047BF3
:1074B000704700BF0000002080B500AFFFF7F0FF6D
:1074C0000246054B9B689B0A03F007030349CB5C0C
:1074D00022FA03F3184680BD0038024058ED000838
:1074E00080B500AFFFF7DCFF0246054B9B685B0BE6
:1074F00003F007030349CB5C22FA03F3184680BD6F
:107500000038024058ED00082DE9B04FAEB000AF92
:107510000023C7F8AC300023C7F8B4300023C7F805
:10752000A8300023C7F8A4300023C7F8B030CB4BF5
:107530009B6803F00C030C2B00F2068201A252F8A8
:1075400023F000BF797500084979000849790008DF
:1075500049790008817500084979000849790008CF
:1075600049790008897500084979000849790008B7
:107570004979000879770008B94BC7F8B030E7E1DE
:10758000B84BC7F8B030E3E1B44B5B6803F03F039E
:10759000C7F8AC30B14B5B6803F48003002B71D0AB
:1075A000AE4B5B689B090022C7F89830C7F89C2057
:1075B000D7F89830C3F30803C7F890300023C7F812
:1075C0009430D7E9244522462B464FF000004FF077
:1075D0000001590141EAD261500102460B462146A1
:1075E000511A3964294663EB01037B644FF00002B2
:1075F0004FF00003D7E9108949468B01414643EA21
:10760000916341468A014146511AB963494663EB89
:107610000103FB634FF000024FF00003D7E90E892E
:107620004946CB00414643EA51734146CA001046E1
:107630001946034622469B183B632B460A4642EBFB
:1076400003037B634FF000024FF00003D7E90C45C2
:1076500029464B02214643EAD15321464A021046AD
:107660001946D7F8AC300022C7F88830C7F88C200C
:10767000D7E92223F9F7BAFA02460B461346C7F8B0
:10768000B43067E0754B5B689B090022C7F8803017
:10769000C7F88420D7F88030C3F30803BB67002302
:1076A000FB67D7E91E4522462B464FF000004FF0FE
:1076B0000001590141EAD261500102460B462146C0
:1076C000511AB962294663EB0103FB624FF00002D5
:1076D0004FF00003D7E90A8949468B01414643EA46
:1076E000916341468A014146B2EB010A494663EB88
:1076F000010B4FF000024FF000034FEACB0343EAC7
:107700005A734FEACA0292469B4623461AEB03037A
:107710003B622B464BEB03037B624FF000024FF0C2
:107720000003D7E9084529468B02214643EA9153D5
:1077300021468A0210461946D7F8AC3000223B6732
:107740007A67D7E91C23F9F751FA02460B4613462C
:10775000C7F8B430414B5B681B0C03F003030133E3
:107760005B00C7F8A830D7F8B420D7F8A830B2FB30
:10777000F3F3C7F8B030EBE0384B5B6803F03F033E
:10778000C7F8AC30354B5B6803F48003002B6BD03B
:10779000324B5B689B090022BB66FA66BB6EC3F383
:1077A00008033B6600237B66D7E9184522462B4633
:1077B0004FF000004FF00001590141EAD261500141
:1077C00002460B462146511AB961294663EB010373
:1077D000FB614FF000024FF00003D7E906AB5946BA
:1077E0008B01514643EA916351468A015146B2EBFF
:1077F0000108594663EB01094FF000024FF0000306
:107800004FEAC90343EA58734FEAC80290469946C3
:10781000234618EB03033B612B4649EB03037B61D3
:107820004FF000024FF00003D7E9044529464B0210
:10783000214643EAD15321464A0210461946D7F859
:10784000AC300022BB65FA65D7E91623F9F7CEF90B
:1078500002460B461346C7F8B43065E000380240D4
:107860000024F40000127A003D4B5B689B09002263
:1078700018461146C0F308033B6500237B65D7E932
:10788000148942464B464FF000004FF00001590169
:1078900041EAD261500102460B464146511AB96095
:1078A000494663EB0103FB604FF000024FF0000319
:1078B000D7E902AB59468B01514643EA91635146E1
:1078C0008A015146541A594663EB01054FF00002F4
:1078D0004FF00003EB0043EA5473E20014461D46E8
:1078E0004346E3183B604B4645EB03037B604FF098
:1078F00000024FF00003D7E9004529468B022146DC
:1079000043EA915321468A0210461946D7F8AC3013
:107910000022BB64FA64D7E91223F9F767F902463B
:107920000B461346C7F8B4300D4B5B681B0F03F0D2
:107930000703C7F8A430D7F8B420D7F8A430B2FBB7
:10794000F3F3C7F8B03003E0064BC7F8B03000BF20
:10795000D7F8B0301846B837BD46BDE8B08F00BF85
:10796000003802400024F40080B586B000AF786093
:107970007B68002B01D101238DE27B681B6803F03B
:107980000103002B00F08380944B9B6803F00C03F1
:10799000042B19D0914B9B6803F00C03082B06D1E4
:1079A0008E4B5B6803F48003B3F5800F0CD08B4BD8
:1079B0009B6803F00C030C2B12D1884B5B6803F41B
:1079C0008003B3F5800F0BD1844B1B6803F40033A5
:1079D000002B5BD07B685B68002B57D101235AE2F8
:1079E0007B685B68B3F5803F06D17C4B1B687B4AA4
:1079F00043F4803313601DE07B685B68B3F5A02F10
:107A00000CD1764B1B68754A43F480231360734B8B
:107A10001B68724A43F4803313600BE06F4B1B68A2
:107A20006E4A23F4803313606C4B1B686B4A23F45B
:107A3000802313607B685B68002B13D0FDF72AFE60
:107A4000386108E0FDF726FE02463B69D31A642B35
:107A500001D903231FE2614B1B6803F40033002BA1
:107A6000F0D014E0FDF716FE386108E0FDF712FED5
:107A700002463B69D31A642B01D903230BE2574B0F
:107A80001B6803F40033002BF0D100E000BF7B68DB
:107A90001B6803F00203002B6FD0504B9B6803F070
:107AA0000C03002B17D04D4B9B6803F00C03082BE5
:107AB00005D14A4B5B6803F48003002B0BD0474B86
:107AC0009B6803F00C030C2B1CD1444B5B6803F444
:107AD0008003002B16D1414B1B6803F00203002BDF
:107AE00005D07B68DB68012B01D00123D3E13B4B40
:107AF0001B6823F0F8027B681B69DB0037491343DE
:107B00000B603AE07B68DB68002B20D0344B01220D
:107B10001A60FDF7BFFD386108E0FDF7BBFD0246C6
:107B20003B69D31A022B01D90323B4E12B4B1B6809
:107B300003F00203002BF0D0284B1B6823F0F8025F
:107B40007B681B69DB00254913430B6015E0244B60
:107B500000221A60FDF79EFD386108E0FDF79AFDEE
:107B600002463B69D31A022B01D9032393E11B4B35
:107B70001B6803F00203002BF0D17B681B6803F045
:107B80000803002B36D07B685B69002B16D0154BA1
:107B900001221A60FDF77EFD386108E0FDF77AFDED
:107BA00002463B69D31A022B01D9032373E10B4B25
:107BB0005B6F03F00203002BF0D01BE0094B0022A7
:107BC0001A60FDF767FD38610EE0FDF763FD0246C0
:107BD0003B69D31A022B07D903235CE1003802402A
:107BE00000004742800E47428A4B5B6F03F002035E
:107BF000002BEAD17B681B6803F00403002B00F024
:107C000097800023FB75834B1B6C03F08053002B84
:107C10000FD10023BB607F4B1B6C7E4A43F0805327
:107C200013647C4B1B6C03F08053BB60BB68012367
:107C3000FB75794B1B6803F48073002B18D1764BCE
:107C40001B68754A43F480731360FDF723FD3861A8
:107C500008E0FDF71FFD02463B69D31A022B01D94C
:107C6000032318E16C4B1B6803F48073002BF0D0E6
:107C70007B689B68012B06D1664B1B6F654A43F0FE
:107C8000010313671CE07B689B68052B0CD1614BDB
:107C90001B6F604A43F0040313675E4B1B6F5D4A22
:107CA00043F0010313670BE05A4B1B6F594A23F053
:107CB00001031367574B1B6F564A23F004031367E6
:107CC0007B689B68002B15D0FDF7E4FC38610AE067
:107CD000FDF7E0FC02463B69D31A41F28832934239
:107CE00001D90323D7E04B4B1B6F03F00203002B9A
:107CF000EED014E0FDF7CEFC38610AE0FDF7CAFCD7
:107D000002463B69D31A41F28832934201D90323D8
:107D1000C1E0404B1B6F03F00203002BEED1FB7D53
:107D2000012B05D13B4B1B6C3A4A23F08053136463
:107D30007B689B69002B00F0AD80364B9B6803F09D
:107D40000C03082B60D07B689B69022B45D1334B19
:107D500000221A60FDF79EFC386108E0FDF79AFCEE
:107D600002463B69D31A022B01D9032393E0294B26
:107D70001B6803F00073002BF0D17B68DA697B6825
:107D80001B6A1A437B685B6A9B011A437B689B6A88
:107D90005B08013B1B041A437B68DB6A1B061A4322
:107DA0007B681B6B1B071B4913434B601B4B01225A
:107DB0001A60FDF76FFC386108E0FDF76BFC0246C6
:107DC0003B69D31A022B01D9032364E0114B1B68D2
:107DD00003F00073002BF0D05CE0104B00221A601F
:107DE000FDF758FC386108E0FDF754FC02463B699A
:107DF000D31A022B01D903234DE0064B1B6803F075
:107E00000073002BF0D145E07B689B69012B07D103
:107E1000012340E00038024000700040600047420B
:107E20001F4B5B68FB607B689B69012B30D0FB6854
:107E300003F480027B68DB699A4229D1FB6803F076
:107E40003F027B681B6A9A4222D1FA6847F6C073E8
:107E500013407A68526A9201934219D1FB6803F485
:107E600040327B689B6A5B08013B1B049A420FD13E
:107E7000FB6803F070627B68DB6A1B069A4207D1DD
:107E8000FB6803F0E0427B681B6B1B079A4201D042
:107E9000012300E0002318461837BD4680BD00BF0F
:107EA0000038024080B582B000AF78607B68002B5C
:107EB00001D1012341E07B6893F83D30DBB2002B18
:107EC00006D17B68002283F83C207868FDF792F8A1
:107ED0007B68022283F83D207B681A687B68043344
:107EE0001946104600F06EFD7B68012283F846209B
:107EF0007B68012283F83E207B68012283F83F20C3
:107F00007B68012283F840207B68012283F84120AE
:107F10007B68012283F842207B68012283F843209A
:107F20007B68012283F844207B68012283F8452086
:107F30007B68012283F83D20002318460837BD46A0
:107F400080BD80B582B000AF78607B68002B01D126
:107F5000012341E07B6893F83D30DBB2002B06D172
:107F60007B68002283F83C207868FDF763F87B6823
:107F7000022283F83D207B681A687B680433194627
:107F8000104600F01FFD7B68012283F846207B68C5
:107F9000012283F83E207B68012283F83F207B6822
:107FA000012283F840207B68012283F841207B680E
:107FB000012283F842207B68012283F843207B68FA
:107FC000012283F844207B68012283F845207B68E6
:107FD000012283F83D20002318460837BD4680BDA6
:107FE00080B586B000AFF860B9607A607B80BB680E
:107FF000002B09D1FB6893F83E30DBB2022B0CBF9B
:1080000001230023DBB222E0BB68042B09D1FB680B
:1080100093F83F30DBB2022B0CBF01230023DBB20D
:1080200015E0BB68082B09D1FB6893F84030DBB240
:10803000022B0CBF01230023DBB208E0FB6893F89E
:108040004130DBB2022B0CBF01230023DBB2002B3B
:1080500001D002236CE1BB68002B09D1FB6893F8C7
:108060003E30DBB2012B0CBF01230023DBB222E048
:10807000BB68042B09D1FB6893F83F30DBB2012BBE
:108080000CBF01230023DBB215E0BB68082B09D12C
:10809000FB6893F84030DBB2012B0CBF01230023B7
:1080A000DBB208E0FB6893F84130DBB2012B0CBF78
:1080B00001230023DBB2002B24D07B68002B04D1EA
:1080C0007B88002B01D0012332E1BB68002B04D157
:1080D000FB68022283F83E2016E0BB68042B04D123
:1080E000FB68022283F83F200EE0BB68082B04D116
:1080F000FB68022283F8402006E0FB68022283F836
:10810000412001E0012313E1BB680C2B00F2AE809B
:1081100001A252F823F000BF4D8100086D820008D3
:108120006D8200086D820008958100086D8200084C
:108130006D8200086D820008DD8100086D820008F4
:108140006D8200086D82000825820008FB685B6A6A
:10815000794ADA63FB685B6A784A1A64FB685B6A8F
:10816000774ADA64FB68586A7968FB681B683433BD
:108170001A467B88FEF7F2FA0346002B01D0012352
:10818000D6E0FB681B68DA68FB681B6842F4007283
:10819000DA606CE0FB689B6A674ADA63FB689B6A9B
:1081A000664A1A64FB689B6A654ADA64FB68986AE7
:1081B0007968FB681B6838331A467B88FEF7CEFA6D
:1081C0000346002B01D00123B2E0FB681B68DA688C
:1081D000FB681B6842F48062DA6048E0FB68DB6A97
:1081E000554ADA63FB68DB6A544A1A64FB68DB6A47
:1081F000534ADA64FB68D86A7968FB681B683C33C9
:108200001A467B88FEF7AAFA0346002B01D0012309
:108210008EE0FB681B68DA68FB681B6842F400624A
:10822000DA6024E0FB681B6B434ADA63FB681B6B74
:10823000424A1A64FB681B6B414ADA64FB68186B9C
:108240007968FB681B6840331A467B88FEF786FA1C
:108250000346002B01D001236AE0FB681B68DA6843
:10826000FB681B6842F48052DA6000E000BFFB68E4
:108270001B680122B968184600F08EFEFB681B6877
:10828000304A934204D0FB681B682F4A934201D1C5
:10829000012300E00023002B07D0FB681B685A6C09
:1082A000FB681B6842F400425A64FB681B68254A5D
:1082B000934222D0FB681B68B3F1804F1DD0FB684E
:1082C0001B68224A934218D0FB681B68204A9342DD
:1082D00013D0FB681B681F4A93420ED0FB681B68D3
:1082E000194A934209D0FB681B681B4A934204D089
:1082F000FB681B68194A934211D1FB681B689B6895
:1083000003F007037B617B69062B10D0FB681B68B9
:108310001A68FB681B6842F001021A6007E0FB68FC
:108320001B681A68FB681B6842F001021A60002390
:1083300018461837BD4680BDB38800085B89000821
:1083400021880008000001400004014000040040B2
:1083500000080040000C00400040014000180040B0
:1083600080B582B000AF786039603B680C2B55D87F
:1083700001A252F823F000BFAD8300081D8400085D
:108380001D8400081D840008C98300081D8400089E
:108390001D8400081D840008E58300081D84000872
:1083A0001D8400081D840008018400087B681B6888
:1083B000DA687B681B6822F40072DA607B685B6AAB
:1083C0001846FEF793FA2AE07B681B68DA687B6838
:1083D0001B6822F48062DA607B689B6A1846FEF7AD
:1083E00085FA1CE07B681B68DA687B681B6822F4EE
:1083F0000062DA607B68DB6A1846FEF777FA0EE007
:108400007B681B68DA687B681B6822F48052DA603C
:108410007B681B6B1846FEF769FA00E000BF7B68BB
:108420001B6800223968184600F0B6FD7B681B689F
:108430002E4A934204D07B681B682D4A934201D197
:10844000012300E00023002B17D07B681B681A6A09
:1084500041F211131340002B0FD17B681B681A6A7D
:1084600040F244431340002B07D17B681B685A6CD1
:108470007B681B6822F400425A647B681B681A6A96
:1084800041F211131340002B0FD17B681B681A6A4D
:1084900040F244431340002B07D17B681B681A68E5
:1084A0007B681B6822F001021A603B68002B04D134
:1084B0007B68012283F83E2013E03B68042B04D143
:1084C0007B68012283F83F200BE03B68082B04D136
:1084D0007B68012283F8402003E07B68012283F857
:1084E0004120002318460837BD4680BD00000140EA
:1084F0000004014080B584B000AFF860B9607A60D4
:10850000FB6893F83C30012B01D10223ACE0FB68FF
:10851000012283F83C207B680C2B00F29F8001A293
:1085200052F823F0598500085D8600085D86000832
:108530005D860008998500085D8600085D86000854
:108540005D860008DB8500085D8600085D86000802
:108550005D8600081B860008FB681B68B968184622
:1085600000F0D0FAFB681B689A69FB681B6842F050
:1085700008029A61FB681B689A69FB681B6822F015
:1085800004029A61FB681B689969BB681A69FB68F9
:108590001B680A439A6162E0FB681B68B968184669
:1085A00000F020FBFB681B689A69FB681B6842F4BB
:1085B00000629A61FB681B689A69FB681B6822F479
:1085C00080629A61FB681B689969BB681B691A0223
:1085D000FB681B680A439A6141E0FB681B68B96845
:1085E000184600F075FBFB681B68DA69FB681B68BE
:1085F00042F00802DA61FB681B68DA69FB681B68F5
:1086000022F00402DA61FB681B68D969BB681A6949
:10861000FB681B680A43DA6121E0FB681B68B968E4
:10862000184600F0C9FBFB681B68DA69FB681B6829
:1086300042F40062DA61FB681B68DA69FB681B6858
:1086400022F48062DA61FB681B68D969BB681B6928
:108650001A02FB681B680A43DA6100E000BFFB688E
:10866000002283F83C20002318461037BD4680BD09
:1086700080B584B000AF786039607B6893F83C3097
:10868000012B01D10223B3E07B68012283F83C2057
:108690007B68022283F83D207B681B689B68FB6037
:1086A000FB6823F07703FB60FB6823F47F43FB60E8
:1086B0007B681B68FA689A603B681B68B3F5005FCB
:1086C0003ED0B3F5005F00F28780B3F5805F00F025
:1086D0008580B3F5805F7FD8702B1AD0702B7BD844
:1086E000602B50D0602B77D8502B3CD0502B73D8B8
:1086F000402B58D0402B6FD8302B64D0302B6BD808
:10870000202B60D0202B67D8002B5CD0102B5AD0A8
:1087100062E07B6818683B6899683B685A683B6808
:10872000DB6800F019FC7B681B689B68FB60FB68DA
:1087300043F07703FB607B681B68FA689A604EE041
:108740007B6818683B6899683B685A683B68DB68D7
:1087500000F002FC7B681B689A687B681B6842F427
:1087600080429A603BE07B6818683B6859683B68C8
:10877000DB681A4600F076FB7B681B6850211846C0
:1087800000F0CFFB2BE07B6818683B6859683B68BA
:10879000DB681A4600F095FB7B681B686021184671
:1087A00000F0BFFB1BE07B6818683B6859683B68BA
:1087B000DB681A4600F056FB7B681B6840211846B0
:1087C00000F0AFFB0BE07B681A683B681B6819463A
:1087D000104600F0A6FB02E000BF00E000BF7B688F
:1087E000012283F83D207B68002283F83C2000238F
:1087F00018461037BD4680BD80B483B000AF7860A6
:1088000000BF0C37BD465DF8047B704780B483B071
:1088100000AF786000BF0C37BD465DF8047B704741
:1088200080B584B000AF78607B689B6BFB60FB68B1
:108830005B6A7A689A4207D1FB6801221A77FB6863
:10884000012283F83E202AE0FB689B6A7A689A42FC
:1088500007D1FB6802221A77FB68012283F83F20C8
:108860001DE0FB68DB6A7A689A4207D1FB68042244
:108870001A77FB68012283F8402010E0FB681B6B2D
:108880007A689A4207D1FB6808221A77FB680122AE
:1088900083F8412003E0FB68012283F83D20F8685B
:1088A000FFF7B4FFFB6800221A7700BF1037BD4600
:1088B00080BD80B584B000AF78607B689B6BFB6047
:1088C000FB685B6A7A689A420BD1FB6801221A77CF
:1088D0007B68DB69002B36D1FB68012283F83E20E0
:1088E00031E0FB689B6A7A689A420BD1FB680222EE
:1088F0001A777B68DB69002B25D1FB68012283F89E
:108900003F2020E0FB68DB6A7A689A420BD1FB6863
:1089100004221A777B68DB69002B14D1FB680122E3
:1089200083F840200FE0FB681B6B7A689A420AD1FB
:10893000FB6808221A777B68DB69002B03D1FB6890
:10894000012283F84120F86804F084F9FB680022D2
:108950001A7700BF1037BD4680BD80B584B000AF28
:1089600078607B689B6BFB60FB685B6A7A689A4205
:1089700003D1FB6801221A7719E0FB689B6A7A68C9
:108980009A4203D1FB6802221A7710E0FB68DB6A87
:108990007A689A4203D1FB6804221A7707E0FB68E1
:1089A0001B6B7A689A4202D1FB6808221A77F86832
:1089B000FFF722FFFB6800221A7700BF1037BD4681
:1089C00080BD000080B485B000AF786039607B68FE
:1089D0001B68FB607B68404A934213D07B68B3F10D
:1089E000804F0FD07B683D4A93420BD07B683C4A56
:1089F000934207D07B683B4A934203D07B683A4A54
:108A0000934208D1FB6823F07003FB603B685B680E
:108A1000FA681343FB607B682F4A93422BD07B6834
:108A2000B3F1804F27D07B682C4A934223D07B68D8
:108A30002B4A93421FD07B682A4A93421BD07B6803
:108A4000294A934217D07B68284A934213D07B6807
:108A5000274A93420FD07B68264A93420BD07B680B
:108A6000254A934207D07B68244A934203D07B680F
:108A7000234A934208D1FB6823F44073FB603B68B0
:108A8000DB68FA681343FB60FB6823F080023B68F5
:108A90005B691343FB607B68FA681A603B689A68FD
:108AA0007B68DA623B681A687B689A627B680A4A6C
:108AB000934203D07B680C4A934203D13B681A6906
:108AC0007B681A637B6801225A6100BF1437BD4678
:108AD0005DF8047B704700BF0000014000040040C7
:108AE00000080040000C004000040140004001402C
:108AF000004401400048014000180040001C0040B4
:108B00000020004080B487B000AF786039607B6897
:108B10001B6A23F001027B681A627B681B6A7B6117
:108B20007B685B683B617B689B69FB60FB6823F04B
:108B30007003FB60FB6823F00303FB603B681B686A
:108B4000FA681343FB607B6923F002037B613B6897
:108B50009B687A6913437B617B68204A934203D008
:108B60007B681F4A93420CD17B6923F008037B6129
:108B70003B68DB687A6913437B617B6923F00403FC
:108B80007B617B68154A934203D07B68144A934209
:108B900011D13B6923F480733B613B6923F400737B
:108BA0003B613B685B693A6913433B613B689B6986
:108BB0003A6913433B617B683A695A607B68FA689B
:108BC0009A613B685A687B685A637B687A691A6263
:108BD00000BF1C37BD465DF8047B704700000140B4
:108BE0000004014080B487B000AF786039607B68D2
:108BF0001B6A23F010027B681A627B681B6A7B6128
:108C00007B685B683B617B689B69FB60FB6823F466
:108C1000E043FB60FB6823F44073FB603B681B6828
:108C20001B02FA681343FB607B6923F020037B611E
:108C30003B689B681B017A6913437B617B68224A0E
:108C4000934203D07B68214A93420DD17B6923F084
:108C500080037B613B68DB681B017A6913437B619E
:108C60007B6923F040037B617B68174A934203D002
:108C70007B68164A934213D13B6923F480633B61BE
:108C80003B6923F400633B613B685B699B003A6985
:108C900013433B613B689B699B003A6913433B610B
:108CA0007B683A695A607B68FA689A613B685A68DF
:108CB0007B689A637B687A691A6200BF1C37BD467D
:108CC0005DF8047B704700BF0000014000040140D4
:108CD00080B487B000AF786039607B681B6A23F48A
:108CE00080727B681A627B681B6A7B617B685B6849
:108CF0003B617B68DB69FB60FB6823F07003FB6012
:108D0000FB6823F00303FB603B681B68FA681343AE
:108D1000FB607B6923F400737B613B689B681B02EB
:108D20007A6913437B617B68214A934203D07B6855
:108D3000204A93420DD17B6923F400637B613B6839
:108D4000DB681B027A6913437B617B6923F48063D0
:108D50007B617B68164A934203D07B68154A934235
:108D600013D13B6923F480533B613B6923F40053E7
:108D70003B613B685B691B013A6913433B613B689C
:108D80009B691B013A6913433B617B683A695A60EE
:108D90007B68FA68DA613B685A687B68DA637B68EB
:108DA0007A691A6200BF1C37BD465DF8047B7047C4
:108DB000000001400004014080B487B000AF78603B
:108DC00039607B681B6A23F480527B681A627B6877
:108DD0001B6A3B617B685B687B617B68DB69FB606E
:108DE000FB6823F4E043FB60FB6823F44073FB6003
:108DF0003B681B681B02FA681343FB603B6923F462
:108E000000533B613B689B681B033A6913433B611A
:108E10007B68124A934203D07B68114A934209D17E
:108E20007B6923F480437B613B685B699B017A69C2
:108E300013437B617B687A695A607B68FA68DA6100
:108E40003B685A687B681A647B683A691A6200BF9B
:108E50001C37BD465DF8047B704700BF0000014031
:108E60000004014080B487B000AFF860B9607A6058
:108E7000FB681B6A7B61FB681B6A23F00102FB68CD
:108E80001A62FB689B693B613B6923F0F0033B611D
:108E90007B681B013A6913433B617B6923F00A033A
:108EA0007B617A69BB6813437B61FB683A699A61AD
:108EB000FB687A691A6200BF1C37BD465DF8047B07
:108EC000704780B487B000AFF860B9607A60FB6823
:108ED0001B6A23F01002FB681A62FB689B697B61C6
:108EE000FB681B6A3B617B6923F470437B617B6891
:108EF0001B037A6913437B613B6923F0A0033B6149
:108F0000BB681B013A6913433B61FB687A699A614C
:108F1000FB683A691A6200BF1C37BD465DF8047BE6
:108F2000704780B485B000AF786039607B689B681B
:108F3000FB60FB6823F07003FB603A68FB68134337
:108F400043F00703FB607B68FA689A6000BF143740
:108F5000BD465DF8047B704780B487B000AFF86011
:108F6000B9607A603B60FB689B687B617B6923F436
:108F70007F437B613B681A027B681A43BB681343DB
:108F80007A6913437B61FB687A699A6000BF1C377A
:108F9000BD465DF8047B704780B487B000AFF860D1
:108FA000B9607A60BB6803F01F03012202FA03F381
:108FB0007B61FB681A6A7B69DB431A40FB681A62B3
:108FC000FB681A6ABB6803F01F03796801FA03F3B0
:108FD0001A43FB681A6200BF1C37BD465DF8047B6C
:108FE0007047000080B485B000AF786039607B685E
:108FF00093F83C30012B01D102235AE07B68012217
:1090000083F83C207B68022283F83D207B681B6844
:109010005B68FB607B681B689B68BB60FB6823F038
:109020007003FB603B681B68FA681343FB607B6856
:109030001B68FA685A607B681B68214A934222D0F9
:109040007B681B68B3F1804F1DD07B681B681D4A8D
:10905000934218D07B681B681B4A934213D07B68ED
:109060001B681A4A93420ED07B681B68184A9342C9
:1090700009D07B681B68174A934204D07B681B6841
:10908000154A93420CD1BB6823F08003BB603B6858
:109090005B68BA681343BB607B681B68BA689A60F8
:1090A0007B68012283F83D207B68002283F83C2006
:1090B000002318461437BD465DF8047B704700BF97
:1090C000000001400004004000080040000C004087
:1090D00000040140004001400018004080B582B00B
:1090E00000AF78607B68002B01D101233FE07B68F3
:1090F00093F83D30DBB2002B06D17B68002283F869
:109100003C207868FCF79AF87B68242283F83D209D
:109110007B681B68DA687B681B6822F40052DA609F
:10912000786800F0D9FB7B681B681A697B681B684C
:1091300022F490421A617B681B685A697B681B683D
:1091400022F02A025A617B681B68DA687B681B6818
:1091500042F40052DA607B6800221A647B682022A5
:1091600083F83D207B68202283F83E2000231846A8
:109170000837BD4680BD80B485B000AFF860B960E7
:109180001346FB80FB6893F83D30DBB2202B30D1D7
:10919000BB68002B02D0FB88002B01D1012329E002
:1091A000FB6893F83C30012B01D1022322E0FB68DD
:1091B000012283F83C20FB68BA681A62FB68FA88CF
:1091C0009A84FB68FA88DA84FB6800221A64FB68D8
:1091D000212283F83D20FB68002283F83C20FB68B5
:1091E0001B68DA68FB681B6842F08002DA600023C3
:1091F00000E0022318461437BD465DF8047B704733
:1092000080B584B000AFF860B9601346FB80FB689E
:1092100093F83E30DBB2202B1DD1BB68002B02D06F
:10922000FB88002B01D1012316E0FB6893F83C304A
:10923000012B01D102230FE0FB68012283F83C20BF
:10924000FB6800221A63FB881A46B968F86800F0C8
:10925000C9F9034600E0022318461037BD4680BD19
:1092600080B58AB000AF78607B681B681B687B6242
:109270007B681B68DB683B627B681B685B69FB6122
:109280000023BB6100237B617B6A03F00F03BB619A
:10929000BB69002B0DD17B6A03F02003002B08D0A3
:1092A0003B6A03F02003002B03D0786800F07DFABE
:1092B0007CE1BB69002B00F0B180FB6903F0010386
:1092C000002B05D13B6A03F49073002B00F0A680BD
:1092D0007B6A03F00103002B0AD03B6A03F480731E
:1092E000002B05D07B681B6C43F001027B681A647D
:1092F0007B6A03F00403002B0AD0FB6903F001032F
:10930000002B05D07B681B6C43F002027B681A645B
:109310007B6A03F00203002B0AD0FB6903F0010310
:10932000002B05D07B681B6C43F004027B681A6439
:109330007B6A03F00803002B0FD03B6A03F0200385
:10934000002B04D1FB6903F00103002B05D07B68DF
:109350001B6C43F008027B681A647B681B6C002B53
:1093600000F01F817B6A03F02003002B07D03B6ACB
:1093700003F02003002B02D0786800F016FA7B6817
:109380001B685B6903F04003402B0CBF01230023E3
:10939000DBB27B617B681B6C03F00803002B02D1FE
:1093A0007B69002B31D0786800F056F97B681B6828
:1093B0005B6903F04003402B23D17B681B685A692B
:1093C0007B681B6822F040025A617B689B6B002B14
:1093D00013D07B689B6B774A1A657B689B6B18463A
:1093E000FDF784FA0346002B16D07B689B6B1B6D40
:1093F0007A68926B104698470EE0786800F0DCF8C7
:109400000AE0786800F0D8F806E0786800F0D4F850
:109410007B6800221A64C4E000BFC2E07B681B6B5B
:10942000012B40F0A2807B6A03F01003002B00F0B8
:109430009C803B6A03F01003002B00F09680002311
:10944000FB607B681B681B68FB607B681B685B6854
:10945000FB60FB687B681B685B6903F04003402B83
:109460004FD17B689B6B1B685B683B823B8A002B00
:1094700000F099807B689B8D3A8A9A4280F09380B5
:109480007B683A8ADA857B689B6BDB69B3F5807F02
:109490002BD07B681B68DA687B681B6822F48072BB
:1094A000DA607B681B685A697B681B6822F00102DE
:1094B0005A617B681B685A697B681B6822F040020E
:1094C0005A617B68202283F83E207B6800221A6361
:1094D0007B681B68DA687B681B6822F01002DA6020
:1094E0007B689B6B1846FDF791F97B689A8D7B68CA
:1094F000DB8D9BB2D31A9BB21946786800F066F8F0
:1095000051E07B689A8D7B68DB8D9BB2D31A7B829E
:109510007B68DB8D9BB2002B47D07B8A002B44D02D
:109520007B681B68DA687B681B6822F49072DA60DB
:109530007B681B685A697B681B6822F001025A61CC
:109540007B68202283F83E207B6800221A637B68B8
:109550001B68DA687B681B6822F01002DA607B8A7D
:109560001946786800F032F81FE07B6A03F0800348
:10957000002B08D03B6A03F08003002B03D07868EF
:1095800000F0ABF812E07B6A03F04003002B0DD033
:109590003B6A03F04003002B08D0786800F0EDF838
:1095A00004E000BF02E000BF00E000BF2837BD4676
:1095B00080BD00BFB396000880B483B000AF786070
:1095C00000BF0C37BD465DF8047B704780B483B0A4
:1095D00000AF78600B467B8000BF0C37BD465DF85E
:1095E000047B704780B485B000AFF860B960134663
:1095F000FB80FB68BA689A62FB68FA889A85FB6808
:10960000FA88DA85FB6800221A64FB68222283F854
:109610003E20FB68002283F83C20FB681B68DA6868
:10962000FB681B6842F48072DA60FB681B685A6949
:10963000FB681B6842F001025A61FB681B68DA682C
:10964000FB681B6842F02002DA60002318461437DA
:10965000BD465DF8047B704780B483B000AF78608E
:109660007B681B68DA687B681B6822F49072DA609A
:109670007B681B685A697B681B6822F001025A618B
:109680007B681B6B012B07D17B681B68DA687B68E2
:109690001B6822F01002DA607B68202283F83E20EB
:1096A0007B6800221A6300BF0C37BD465DF8047B5F
:1096B000704780B584B000AF78607B689B6BFB60BF
:1096C000FB680022DA85FB680022DA84F868FFF77D
:1096D00073FF00BF1037BD4680BD80B485B000AFBA
:1096E00078607B6893F83D30DBB2212B3ED17B68FC
:1096F0009B68B3F5805F14D17B681B69002B10D188
:109700007B681B6AFB60FB681B881A467B681B68CA
:10971000C2F308025A607B681B6A9A1C7B681A6253
:1097200008E07B681B6A591C7A6811621A787B68AA
:109730001B685A607B68DB8C9BB2013B9BB27A68EA
:109740001946D184002B0FD17B681B68DA687B68CF
:109750001B6822F08002DA607B681B68DA687B682D
:109760001B6842F04002DA60002300E00223184642
:109770001437BD465DF8047B704780B582B000AFFA
:1097800078607B681B68DA687B681B6822F040029F
:10979000DA607B68202283F83D20786803F000FFC0
:1097A000002318460837BD4680BD80B584B000AFA1
:1097B00078607B6893F83E30DBB2222B40F08780E4
:1097C0007B689B68B3F5805F17D17B681B69002BB2
:1097D00013D10023FB607B689B6ABB607B681B68BE
:1097E0005B689BB2C3F308039AB2BB681A807B68BC
:1097F0009B6A9A1C7B689A6226E07B689B6AFB6086
:109800000023BB607B689B68B3F5805F07D07B68F3
:109810009B68002B0AD17B681B69002B06D17B68F3
:109820001B685B68DAB2FB681A7008E07B681B682B
:109830005B68DBB203F07F03DAB2FB681A707B6807
:109840009B6A5A1C7B689A627B68DB8D9BB2013BEA
:109850009BB27A681946D185002B36D17B681B688C
:10986000DA687B681B6822F02002DA607B681B687C
:10987000DA687B681B6822F48072DA607B681B6898
:109880005A697B681B6822F001025A617B682022BA
:1098900083F83E207B681B6B012B0ED17B681B6815
:1098A000DA687B681B6822F01002DA607B689B8DA7
:1098B00019467868FFF78AFE02E0786803F0C6FE72
:1098C0007B6800221A63002302E0002300E00223E9
:1098D00018461037BD4680BD2DE9B04FC0B000AF6F
:1098E000C7F8F400D7F8F4301B681B6923F4405024
:1098F000D7F8F430D968D7F8F4301A6840EA010391
:109900001361D7F8F4309A68D7F8F4301B691A431A
:10991000D7F8F4305B691A43D7F8F430DB691343A6
:10992000C7F8F830D7F8F4301B68DB6823F4164129
:1099300021F00C01D7F8F4301A68D7F8F8300B434F
:10994000D360D7F8F4301B685B6923F44070D7F814
:10995000F4309969D7F8F4301A6840EA010353618A
:10996000D7F8F4301A688F4B9A4205D0D7F8F43004
:109970001A688D4B9A4204D1FDF7B2FDC7F8FC007E
:1099800003E0FDF799FDC7F8FC00D7F8F430DB6978
:10999000B3F5004F40F00C81D7F8FC300022C7F837
:1099A000E830C7F8EC20D7E93A4522462B46911813
:1099B000B9655B41FB65D7E91623214612EB010827
:1099C000294643EB01094FF000024FF000034FEA34
:1099D000C90343EA58734FEAC802904699462346A2
:1099E00018EB0303C7F8E0302B4649EB0303C7F835
:1099F000E430D7F8F4305B680022C7F8D830C7F8F5
:109A0000DC20D7E936120B46DB183B65134642EBE8
:109A100003037B65D7E91423D7E93801F7F7E6F8A4
:109A200002460B46614BA3FB02235B091C01D7F8DE
:109A3000FC300022C7F8D030C7F8D420D7E93489E9
:109A400042464B469118B9645B41FB64D7E9122347
:109A5000414612EB010A494643EB010B4FF000026D
:109A60004FF000034FEACB0343EA5A734FEACA02AE
:109A700092469B4643461AEB0303C7F8C8304B4651
:109A80004BEB0303C7F8CC30D7F8F4305B68002207
:109A9000C7F8C030C7F8C420D7E930120B46DB182E
:109AA0003B64134642EB03037B64D7E91023D7E9F9
:109AB0003201F7F79BF802460B4611463B4BA3FBDE
:109AC00001235B09642202FB03F3CB1ADB0003F1E1
:109AD0003202364BA3FB02235B095B0003F4F873ED
:109AE0001C44D7F8FC300022C7F8B830C7F8BC20B7
:109AF000D7E92E8942464B469118B9635B41FB6317
:109B0000D7E90E2341465118396349464B417B63DF
:109B10004FF000024FF00003D7E90CAB5946CB00E1
:109B2000514643EA51735146CA001046194603464E
:109B300042469B18C7F8B0304B460A4642EB030337
:109B4000C7F8B430D7F8F4305B680022C7F8A83003
:109B5000C7F8AC20D7E92A120B46DB18BB621346C4
:109B600042EB0303FB62D7E90A23D7E92C01F7F79D
:109B70003DF802460B460D4BA3FB02135B09642123
:109B800001FB03F3D31ADB003233084AA2FB0323A1
:109B90005B0903F00702D7F8F4301B6822449A608F
:109BA00006E100BF00100140001401401F85EB5189
:109BB000D7F8FC300022C7F8A030C7F8A420D7E9B6
:109BC000288942464B46911839625B417B62D7E94E
:109BD000082341465418494643EB01054FF0000263
:109BE0004FF00003EB0043EA5473E20014461D46B5
:109BF0004346E318C7F898304B4645EB0303C7F8D4
:109C00009C30D7F8F4305B680022C7F89030C7F872
:109C100094204FF000024FF00003D7E92445294675
:109C20008B00214643EA917321468A00D7E9260139
:109C3000F6F7DCFF02460B46604BA3FB02235B09F1
:109C40001C01D7F8FC300022C7F88830C7F88C20F8
:109C5000D7E9228942464B469118B9615B41FB61C5
:109C6000D7E9062341465118396149464B417B618A
:109C70004FF000024FF00003D7E904AB5946CB0088
:109C8000514643EA51735146CA00104619460346ED
:109C900042469B18C7F880304B460A4642EB030306
:109CA000C7F88430D7F8F4305B680022BB67FA67E6
:109CB0004FF000024FF00003D7E91E8949468B00A0
:109CC000414643EA917341468A00D7E92001F6F7FD
:109CD0008DFF02460B461146384BA3FB01235B095F
:109CE000642202FB03F3CB1A1B013233334AA2FB7B
:109CF00003235B0903F0F0031C44D7F8FC30002277
:109D00003B677A67D7E91C8942464B469118B96090
:109D10005B41FB60D7E9022341465118396049464F
:109D20004B417B604FF000024FF00003D7E900ABDE
:109D30005946CB00514643EA51735146CA0010467A
:109D40001946034642469B18BB664B460A4642EB01
:109D50000303FB66D7F8F4305B6800223B667A6643
:109D60004FF000024FF00003D7E9188949468B00F5
:109D7000414643EA917341468A00D7E91A01F6F752
:109D800035FF02460B460D4BA3FB02135B09642112
:109D900001FB03F3D31A1B013233084AA2FB03234E
:109DA0005B0903F00F02D7F8F4301B6822449A6075
:109DB00000BF07F58077BD46BDE8B08F1F85EB512A
:109DC00080B483B000AF78600B467B8013467B7015
:109DD0002B4B93F83D30042B4BD8294B93F83D3057
:109DE0001946274A0B465B000B449B001344012293
:109DF0001A70234B93F83D301946214A0B465B00FD
:109E00000B449B00134404337A681A601C4B93F88C
:109E10003D3019461A4A0B465B000B449B00134425
:109E200008337A881A80164B93F83D301946144A45
:109E30000B465B000B449B0013440A337A781A707C
:109E40000F4B93F83D3019460D4B93F83D000C4AEB
:109E50000B465B000B449B0013440B3302461A7005
:109E6000074B93F83D300133DAB2054B83F83D20C0
:109E700000E000BF0C37BD465DF8047B704700BFB3
:109E8000886A002080B483B000AF0346FB710B46A4
:109E9000BB7113467B71094AFB7982F84030074A4F
:109EA000BB7982F84130054A7B7982F8423000BFA5
:109EB0000C37BD465DF8047B704700BF886A002000
:109EC00080B582B000AF78607B681B78012B01D031
:109ED000002315E07B685A687B681B891946104689
:109EE000FDF724F903461A467B689B7A9A4206D10D
:109EF0007B68DB7A1A4601239340DBB200E0002343
:109F000018460837BD4680BD80B400AF034B93F8B8
:109F10003C301846BD465DF8047B7047886A0020D7
:109F200080B582B000AF0023FB710023BB7100231A
:109F3000BB7111E0BA7913465B0013449B000C4AD5
:109F400013441846FFF7BCFF03461A46FB79134338
:109F5000FB71BB790133BB71BB79042BEAD9044A8D
:109F6000FB7982F83C3000BF0837BD4680BD00BF9A
:109F7000886A002080B582B000AF78603960114BEC
:109F800093F8283019460F4A3B6842F831300D4BA0
:109F900093F828300B4ADB0013447A685A60094B67
:109FA00093F828300133DAB2064B83F82820054BAA
:109FB00093F82830042B01D9FAF794FF00BF083733
:109FC000BD4680BDCC6A002080B58CB000AF786003
:109FD0000023FB6100233B6201237B620023BB6003
:109FE0000023FB6000233B6100237B610023BB61F6
:109FF0000123BB620E23FB6207F108031946786850
:10A00000FBF750FC0346002B01D0FAF76BFF786892
:10A01000FBF728FD0346002B01D0FAF763FF02216E
:10A020007868FBF785FF0346002B01D0FAF75AFF4B
:10A0300000BF3037BD4680BD80B582B000AF7860CC
:10A0400039607B683A681A603B681B681946786813
:10A05000FFF790FF00BF0837BD4680BD80B483B0D6
:10A0600000AF78607B681B78012B23D17B685B781D
:10A07000002B1FD17B685B78002B0DD17B68D3F858
:10A0800002305A697B68DB889BB219467B68D3F83B
:10A0900002300A435A610DE07B68D3F802305A69F6
:10A0A0007B68DB889BB2DB4319467B68D3F80230C0
:10A0B0000A405A6100BF0C37BD465DF8047B70470B
:10A0C00080B500AF0D4B1B6D002B14D00B4B5B6D9F
:10A0D0000A4A52F823309847084B5B6D0133074A10
:10A0E0005365064B5A6D054B1B6D9A4204D3034BC7
:10A0F00000225A6500E000BF80BD00BFF86A002062
:10A1000080B582B000AF78600A4B1B6D09497A6850
:10A1100041F82320074B1B6D0133064A1365054B9D
:10A120001B6D132B01D9FAF7DDFE00BF0837BD46C2
:10A1300080BD00BFF86A002080B485B000AF7860B1
:10A140000023FB737B681B78092B3AD801A252F8D5
:10A1500023F000BFC3A10008C3A100087DA100082F
:10A16000C3A10008C3A10008C3A10008C3A100083F
:10A17000C3A10008C3A1000899A100087B685B780F
:10A18000012B02D00D2B03D01BE00523FB7302E053
:10A190000B23FB7300BF14E07B685B780B2B0CD0A8
:10A1A0000B2B0DDC002B02D0042B03D008E0032383
:10A1B000FB7305E00123FB7302E00123FB7300BF87
:10A1C00000BFFB7B18461437BD465DF8047B704723
:10A1D00080B485B000AF78607B68FB60FB680333B8
:10A1E000BB60FB689B7803F00F03DBB2022B58D1F6
:10A1F000FB689B7823F00F03DBB2102B53D1BB68B5
:10A200001B79002B51D12E4B01221A71BB681B68A0
:10A210002B4AC2F806302A4B5B79002B47D0284BDB
:10A220001A68284B03F51043D3F8983C9A4240D162
:10A23000244B03F5104393F8A53C002B3AD1214B56
:10A2400003F5104393F8C03C022B33D11D4B03F5AB
:10A250001043D3F8982C1B4B03F51043D3F89C3CC8
:10A260009A4227D1164BD3F80620164B03F510431C
:10A27000D3F8D43CD31A124AC2F80A30104BD3F8A0
:10A280000A30104A02F51042C2F89C3C0D4B03F50F
:10A290001043D3F89C3C0B4A02F51042C2F8983C9C
:10A2A00008E000BF06E000BF04E000BF02E000BF1E
:10A2B00000E000BF1437BD465DF8047B704700BF67
:10A2C000506B0020E06F002080B582B000AF144BCF
:10A2D00003F5104393F8A53C002B1DD1104B03F55B
:10A2E0001043D3F8982C0E4B03F51043D3F89C3C45
:10A2F0009A4211D102233B7001237B70094BC7F8AE
:10A3000002303B46184600F0D9F9054B03F51043DF
:10A31000D3F8983C044A136000BF0837BD4680BD9F
:10A32000E06F0020D1A10008506B002080B485B000
:10A3300000AF78607B68FB60FB680333BB60FB6841
:10A340009B7803F00F03DBB2022B38D1FB689B78BC
:10A3500023F00F03DBB2D02B33D1BB689B7A002BE9
:10A3600031D11C4B00225A76BB681B889AB2194B1C
:10A37000DA81BB685B889AB2164B1A82BB681B797C
:10A380001A46BB685B791B021A43BB689B791B04A6
:10A3900013431A460F4BC3F81220BB68B3F80730BB
:10A3A0009BB21AB20B4BDA82BB689A7A094B1A76C7
:10A3B000094B03F51043012283F8FD2C04E000BF94
:10A3C00002E000BF00E000BF1437BD465DF8047B2B
:10A3D000704700BF506B0020E06F002080B582B056
:10A3E00000AF02233B700D237B70054BC7F8023092
:10A3F0003B46184600F062F900BF0837BD4680BDF5
:10A400002DA3000880B586B000AF0346B9607A601E
:10A41000FB737B6801331149184603F049FB7861EF
:10A420007B69002B15D0786903F096F90346DAB200
:10A430000B4B1A700949002003F03AFB78617B69E5
:10A44000002B06D0786903F087F90346DAB2054B92
:10A450001A7000BF1837BD4680BD00BF3CED000834
:10A46000726B0020736B002080B58EB004AF7860F3
:10A470007B687B627B6A03333B627B6A9B7803F079
:10A480000F03DBB2092B5ED17B6A9B7823F00F03AD
:10A49000DBB2002B59D13B6A9B78002B57D13B6A2A
:10A4A0009A782E4B1A772D4B1B7F002B02D12B4B0A
:10A4B00000225A770023FB6007F1100300221A6084
:10A4C0005A609A60DA603B6A1A78244B9A763B6A43
:10A4D0005A78224BDA763B6A1B78002B0AD13B6A0A
:10A4E0005B78002B06D11E4B00221A701D4B0022F8
:10A4F0001A702FE03B6A1A78194B1B789A4205D1E3
:10A500003B6A5A78174B1B789A4222D0134B9B7E9A
:10A510001A46124BDB7E07F10C00134903F05CFA7C
:10A52000124B5978114B9B7807F10C0203920222CF
:10A5300002921F22019200930F230A46002100205D
:10A54000F6F7FFFD06E000BF04E000BF02E000BF39
:10A5500000E000BF2837BD4680BD00BF506B002023
:10A56000726B0020736B002040ED00089400002007
:10A5700080B582B000AF09233B7000237B70054B90
:10A58000C7F802303B46184600F098F800BF08377D
:10A59000BD4680BD69A4000880B485B000AF786076
:10A5A0007B68FB60FB680333BB60FB689B7803F050
:10A5B0000F03DBB2092B16D1FB689B7823F00F0346
:10A5C000DBB2402B11D1BB681B78002B0FD1BB68CD
:10A5D0001A780A4B9A77094B9B7F002B08D1074BBF
:10A5E0000022DA7704E000BF02E000BF00E000BF15
:10A5F0001437BD465DF8047B704700BF506B0020E8
:10A6000080B582B000AF09233B7004237B70054BFB
:10A61000C7F802303B46184600F050F800BF083734
:10A62000BD4680BD99A5000880B485B000AF7860B4
:10A630007B68FB60FB680333BB60FB689B7803F0BF
:10A640000F03DBB2092B19D1FB689B7823F00F03B2
:10A65000DBB2B02B14D1BB681B78002B12D1BB68C6
:10A660001A780B4B83F82020094B93F82030002BED
:10A6700009D1074B002283F8212004E000BF02E04B
:10A6800000BF00E000BF1437BD465DF8047B704793
:10A69000506B002080B582B000AF09233B700B23C4
:10A6A0007B70054BC7F802303B46184600F006F8B1
:10A6B00000BF0837BD4680BD29A6000880B483B01E
:10A6C00000AF7860214BD3F8E0227B6818781F49EF
:10A6D00013465B0013445B000B4403F53A730246D8
:10A6E0001A701A4BD3F8E0227B6858781749134642
:10A6F0005B0013445B000B4403F2E92302461A702B
:10A70000124BD3F8E0227B68D3F802100F481346AF
:10A710005B0013445B00034403F53A73C3F8021073
:10A720000A4BD3F8E0320133084AC2F8E032074B53
:10A73000D3F8E0321D2B03D9044B0022C3F8E022EA
:10A7400000BF0C37BD465DF8047B7047746B00207A
:10A7500080B500AF154BD3F8E022144BD3F8E432A8
:10A760009A4221D0114BD3F8E42213465B001344E4
:10A770005B0003F53A730D4A134419460B4800F089
:10A7800057FB0346022B0FD0084BD3F8E4320133BA
:10A79000064AC2F8E432054BD3F8E4321D2B03D944
:10A7A000024B0022C3F8E42200BF80BD746B00207E
:10A7B00080B584B000AF0346B9607A60FB73FFF7E1
:10A7C00069FFFFF71DFF00BF1037BD4680BD80B594
:10A7D00000AFFFF7BDFF00BF80BD000080B483B0B5
:10A7E00000AF7860044A7B68136000BF0C37BD4639
:10A7F0005DF8047B704700BF746B002080B483B0A9
:10A8000000AF78607B681A687B681B68D2F80C24FC
:10A81000C3F8102400BF0C37BD465DF8047B7047B9
:10A8200080B584B000AFF860B9607A603B60244BBB
:10A830001B78012B0AD1234B00221A60204B0022E7
:10A840001A7002F0B0FC03461F4A13601E4B1B68CF
:10A85000184602F08FFC02463B68934207D8184B1B
:10A8600001221A70174B00221A60032324E0FB68B0
:10A870001A68FB6804331946104602F02AFF0346A3
:10A88000012B18D10F4B1B68BA681344FA68127970
:10A890001A700C4B1B6801330A4A1360094B1B6882
:10A8A0007A689A4207D8074B00221A60044B0122AB
:10A8B0001A70002300E0022318461037BD4680BD01
:10A8C00009000020D86F0020DC6F002080B485B024
:10A8D00000AF78600B46FB700023FB730023BB6066
:10A8E00008E0BB685A1CBA607A6813441A78FB7B8C
:10A8F0001344FB73FB785A1EFA70002BF1D1FB7BDB
:10A9000018461437BD465DF8047B704780B487B0A5
:10A9100000AF78600B46FB700023FB750023FB73D0
:10A9200000233B6108E03B695A1C3A617A68134492
:10A930001A78FB7D1344FB75FB785A1EFA70002BC6
:10A94000F1D1FB7DDB43FB73FB7B0133FB73FB7BB3
:10A9500018461C37BD465DF8047B704790B585B03E
:10A9600000AF7860084611461A460346FB700B4656
:10A97000BB7013467B707B6803F51F73FB6097F811
:10A9800024300333BB60FB6897F824201A70FB68FF
:10A99000FA785A707B7803F00F03D9B2FA6893788B
:10A9A00061F307139370BB7803F00F03D9B2FA6811
:10A9B000937861F30303937097F82430002B07D04A
:10A9C000FB68033397F82420396A184603F03EF9F0
:10A9D000FB68BA68D2B297F8244011461846FFF7D0
:10A9E00095FF03461A46FB682344DA707B681868B3
:10A9F0007B6803F51F71BB6801331A4602F079FDCD
:10AA000000BF1437BD4690BD80B483B000AF7860FE
:10AA10007B68D3F85D345A1C7B68C3F85D247B687F
:10AA2000D3F85D34022B03D97B68012283F86124BB
:10AA300000BF0C37BD465DF8047B704780B582B01F
:10AA400000AF78607868FFF7D9FE7B681B68052146
:10AA5000184602F03CFD7B68012283F8172202238E
:10AA600018460837BD4680BD80B584B000AF786019
:10AA70000223FB737B6803F506714FF49673012282
:10AA80007868FFF7CDFE0346032B42D801A252F8A7
:10AA900023F000BFA5AA0008DBAA0008F1AA00085D
:10AAA000F7AA00087B6893F81832042B06D17B685C
:10AAB000022283F817220223FB732AE07B6800221C
:10AAC00083F817227B68012283F858247B680122CF
:10AAD00083F861240123FB731BE07B68002283F869
:10AAE00017227B68012283F858240123FB7310E0AE
:10AAF0000223FB730DE07868FFF786FF7B68002276
:10AB000083F817227B68012283F858240123FB7302
:10AB100000BFFB7B18461037BD4680BD80B586B0B0
:10AB200002AF786039600023FB737868FFF766FE38
:10AB30003B681A783B6859780023019307F10F03AB
:10AB400000930B4601217868FFF708FF7B6803221A
:10AB500083F81722022318461037BD4680BD000037
:10AB600080B584B000AF78600223FB737B6803F587
:10AB700006714FF4967301227868FFF751FE034681
:10AB8000032B3ED801A252F823F000BF9DAB000872
:10AB9000CBAB0008E1AB0008E7AB00087B6893F89B
:10ABA0001832062B06D17B68042283F81722022371
:10ABB000FB7326E07B68002283F817227B68012262
:10ABC00083F858240123FB731BE07B68002283F881
:10ABD00017227B68012283F858240123FB7310E0BD
:10ABE0000223FB730DE07868FFF70EFF7B680022FD
:10ABF00083F817227B68012283F858240123FB7312
:10AC000000BFFB7B18461037BD4680BD80B584B0C1
:10AC100000AF78600223FB737B6803F506714FF485
:10AC2000967301227868FFF7FBFD0346032B3ED89D
:10AC300001A252F823F000BF49AC000877AC00082D
:10AC40008DAC000893AC00087B6893F81832052B94
:10AC500006D17B68052283F817220223FB7326E0C6
:10AC60007B68002283F817227B68012283F858242E
:10AC70000123FB731BE07B68002283F817227B68AB
:10AC8000012283F858240123FB7310E00223FB7395
:10AC90000DE07868FFF7B8FE7B68002283F8172282
:10ACA0007B68012283F858240123FB7300BFFB7BE0
:10ACB00018461037BD4680BD80B582B000AF7860C1
:10ACC0007868FFF79BFD7B681B680421184602F03B
:10ACD000FEFB7B68062283F81722022318460837FA
:10ACE000BD4680BD90B585B000AF78607B6803F548
:10ACF0000673BB600223FB737B6803F506747B68F5
:10AD0000D3F8E42213465B0013445B0003F53A7367
:10AD10007A6813441846FFF70FFA03461A1D4FF4DA
:10AD2000967321467868FFF77BFD0346032B60D8B6
:10AD300001A252F823F000BF49AD0008C1AD0008E0
:10AD4000F3AD0008D7AD00087B6803F50672BB6859
:10AD50001B780433DBB219461046FFF7B7FD0346F4
:10AD6000002B1CD17B68D3F8E422796813465B0082
:10AD700013445B000B4403F53A73D3F802307A684E
:10AD800002F50672104698477B68072283F817225F
:10AD90007B68002283F858240223FB7329E07B6838
:10ADA0001B681521184602F092FB7B68002283F88D
:10ADB00017227B68012283F858240123FB7318E0D3
:10ADC0007B68002283F817227B68012283F85824CD
:10ADD0000123FB730DE07868FFF716FE7B68002205
:10ADE00083F817227B68012283F858240123FB7320
:10ADF00000BFFB7B18461437BD4690BD80B582B0BE
:10AE000000AF78607868FFF7F9FC7B681B68062163
:10AE1000184602F05CFB7B68002283F817227B68EF
:10AE2000002283F85824002318460837BD4680BD09
:10AE300080B584B000AF786039600223FB737B6813
:10AE4000D3F85934184602F095F90346B3F5FA7F62
:10AE500009D302F0A8F902467B68C3F859247B683D
:10AE6000002283F858247B6893F85834002B58D17B
:10AE70007B6893F81732072B53D801A252F823F0BE
:10AE8000A1AE0008ADAE0008B9AE0008C7AE00081C
:10AE9000D3AE0008DFAE0008EBAE0008F7AE000846
:10AEA0007868FFF7CBFD0346FB733AE07868FFF75D
:10AEB000DBFD0346FB7334E039687868FFF72EFE4C
:10AEC0000346FB732DE07868FFF74AFE0346FB73E9
:10AED00027E07868FFF79AFE0346FB7321E0786865
:10AEE000FFF7EAFE0346FB731BE07868FFF7FAFE04
:10AEF0000346FB7315E07868FFF780FF0346FB739A
:10AF00007B68002283F861247B68D3F85D34002BD2
:10AF100006D07B68D3F85D345A1E7B68C3F85D2485
:10AF200000BFFB7B18461037BD4680BD80B584B09E
:10AF300000AF87ED030AC7ED020A87ED011AC7EDDE
:10AF4000001A134B1B78012B1ED1114B41F2883292
:10AF50001A620F4B14225A620D4B1A6A0C4B5B6A31
:10AF600092FBF3F30A4A9362094B0022DA62D7EDAF
:10AF7000001A97ED011AD7ED020A97ED030A00F0C7
:10AF800033F8034B00221A7000BF1037BD4680BD56
:10AF9000546A002080B400AF124B01221A70114B8A
:10AFA0004FF000025A600F4B4FF000029A600D4BB9
:10AFB0004FF00002DA600B4B4FF000021A61094BB0
:10AFC0004FF000025A61074B4FF000029A61054BA7
:10AFD0000022DA61034B0022DA6200BFBD465DF851
:10AFE000047B7047546A002080B48BB000AF87EDBB
:10AFF000030AC7ED020A87ED011AC7ED001A4FF0E8
:10B0000000037B623A4B1B6A07EE903AF8EEE77A50
:10B01000C7ED087AD7ED027AFDEEE77A17EE902AAF
:10B02000334BDA61324A7B6A5361314AFB68936180
:10B0300097ED087AD7ED097A77EE677AC7ED077A48
:10B0400097ED027AD7ED037A77EE677AC7ED067A45
:10B05000274B4FF000025A60254A7B689360244BCF
:10B0600093ED027AD7ED007A37EE277AD7ED077A9B
:10B0700027EE277AD7ED067A77EEA77A77EE677A0A
:10B08000C7ED057AD7ED077A27EEA77AD7ED077ACD
:10B0900027EE277AD7ED056AC6EE877A144BC3ED03
:10B0A000047A134BD3ED027A97ED007A37EE677A84
:10B0B0000F4BD3ED047AF0EE086A67EEA66AD7ED7F
:10B0C000077A66EEA76AD7ED077A66EEA77A77EE7B
:10B0D000676AD7ED077A37EEA77AC6EE877A044B10
:10B0E000C3ED037A00BF2C37BD465DF8047B704783
:10B0F000546A002080B487B000AF384BDB6A07EE9B
:10B10000903AF8EEE77AC7ED047AD7ED047A67EE65
:10B11000A77AC7ED037A97ED037AD7ED047A67EE45
:10B12000277AC7ED027A2D4B5B687B602B4B93ED42
:10B13000027AD7ED047A67EE277A97ED017A77EEF7
:10B14000277AC7ED017A254B93ED037AD7ED037A81
:10B1500067EE277A97ED017A77EE277AC7ED017AC5
:10B160001E4B93ED047AD7ED027A67EE277A97EDBE
:10B17000017A77EE277AC7ED017A184BD3ED067A7C
:10B1800097ED017A77EE277AC7ED017AD7ED017A4C
:10B19000FDEEE77A17EE903A7B61104BDA6A0F4BBF
:10B1A0001B6A9A4210DA0D4BDB6A07EE903AF8EE12
:10B1B000E77AB3EE047A77EE877AFDEEE77A17EE58
:10B1C000902A064BDA6202E0044BDB697B617B6903
:10B1D00018461C37BD465DF8047B7047546A002052
:10B1E00080B487B000AFF8600B467A607B810023A3
:10B1F0007B6107E07B695A1C7A615B00FA68134443
:10B200007A891A807B685A1E7A60002BF2D100BFBF
:10B2100000BF1C37BD465DF8047B704780B584B025
:10B2200000AFF860B9607A603B60244B1A78FB6825
:10B2300003F5104383F8A02C204B1B780133DAB2BE
:10B240001E4B1A70FB68BA681A60FB683A68DA61CC
:10B25000FB68FA691A64FB687A685A60FB68BA6925
:10B260001A62FB68164A9A60FB68154A5A62FB68C4
:10B27000443342F215725B211846FFF7B1FFFB68B9
:10B2800003F59C436E3342F215725B211846FFF7BB
:10B29000A7FFFB681A68FB685B6819461046FDF754
:10B2A0005FF8FB68DA69FB681B6A19461046FDF710
:10B2B00057F800BF1037BD4680BD00BF100D0120FC
:10B2C0002FE33E3280B485B000AFF860B9607A6099
:10B2D000FB68BA689A63FB687A68DA6300BF143760
:10B2E000BD465DF8047B704780B500AF084801F0AB
:10B2F0003BF9074801F07AFB054801F039FC0448A6
:10B3000000F008F8024800F08DF800BF80BD00BFD3
:10B31000E06F0020B0B582B000AF78607B6803F5C5
:10B32000104393F8C03C052B2AD17B6803F51043EA
:10B33000D3F8D03C184601F01DFF0346B3F5FA7F61
:10B340001ED301F030FF02467B6803F51043C3F8BB
:10B35000D02C7B6803F5104393F8A04C7B689B6B63
:10B36000184601F0EEFE03461D467B68DB6B18466F
:10B3700001F0E7FE03461A4629462046F8F766FD27
:10B380007B6803F5104393F8C03C022B06D07B6822
:10B3900003F5104393F8C03C032B3ED17B689B6BB5
:10B3A000184601F0CEFE0346012B07D07B68DB6B0D
:10B3B000184601F0C6FE0346012B2ED17B689B6B1D
:10B3C0009B7B012B04D07B68DB6B9B7B012B24D107
:10B3D0007B689B6B00229A737B68DB6B00229A73FD
:10B3E0007B6803F51043052283F8C02C7B6803F5C6
:10B3F000104393F8A04C7B689B6B184601F0A1FEAC
:10B4000003461D467B68DB6B184601F09AFE034637
:10B410001A4629462046F8F719FD00BF0837BD46F1
:10B42000B0BD000080B582B000AF78607B6803F5E6
:10B43000104393F8FC3C012B40F08880454B1B687F
:10B44000184601F097FE0346B3F5FA7F18D37B68E0
:10B4500003F5104393F8FE3C0133DAB27B6803F541
:10B46000104383F8FE2C7B6803F51043002283F819
:10B47000FD2CFEF7B3FF01F096FE0346354A13603C
:10B480007B6803F5104393F8FD3C012B3DD1324B13
:10B490001B8A9BB2002B1ED07B6803F5104302224F
:10B4A00083F8082D7B6803F51043002283F8FE2CF7
:10B4B0007B6803F51043002283F8FC2CFFF7EAF8C1
:10B4C000FFF79EF87B6803F5104393F8A03C1846FD
:10B4D000F8F7DCFC19E07B6803F51043012283F8E0
:10B4E000082D7B6803F51043002283F8FE2C7B684F
:10B4F00003F51043002283F8FC2C7B6803F510430E
:10B5000093F8A03C1846F8F7C1FC7B6803F510439C
:10B5100093F8FE3C042B19D97B6803F510430322F2
:10B5200083F8082D7B6803F51043002283F8FE2C76
:10B530007B6803F51043002283F8FC2C7B6803F53D
:10B54000104393F8A03C1846F8F7A0FC00BF08375A
:10B55000BD4680BD140D0120506B0020000000008E
:10B5600080B58AB000AF786000237B622AA3D3E95C
:10B570000023C7E906237B6803F51043B3F8BA3C00
:10B580001846F4F7D7FF4FF00002214BF5F776F994
:10B5900002460B46C7E90423D7E90423D7E906018D
:10B5A000F5F742F802460B46C7E902237B6803F52C
:10B5B0001043B3F8BE3C1846F4F7BCFF02460B46F6
:10B5C000D7E90201F5F730F802460B46C7E9022336
:10B5D0004FF000020F4BD7E90201F4F76FFE02466D
:10B5E0000B4643EC172BB0EE470AF0EE670A03F068
:10B5F0000BFB53EC102B10461946F5F7D7FA034610
:10B600007B627B6A18462837BD4680BDAFF3008059
:10B61000000059400000E03F721CC7711CC73B404E
:10B6200080B586B000AF786039603B6807EE903A2D
:10B63000B8EEE77ADFED1D6AC7EE267AC7ED057A28
:10B640007B6803F51043D3F81C3D07EE903AF8EE03
:10B65000E77A97ED057A67EE277AC7ED047A3869BD
:10B66000F4F78AFF4FF00002114BF4F727FE024671
:10B670000B4643EC172BB0EE470AF0EE670A03F0D7
:10B68000C3FA53EC102B10461946F5F767FA034638
:10B69000FB607B6803F51043D3F8103DFA68134450
:10B6A000FB60FB6818461837BD4680BD00F07F453B
:10B6B0000000E03F80B483B000AF78607B6842F266
:10B6C0000F72934202D942F2107300E07B68184671
:10B6D0000C37BD465DF8047B7047000080B582B032
:10B6E00000AF786039607B6803F51043D3F8AC3C59
:10B6F00044F62062B2FBF3F307EE903AF8EE677A75
:10B700003B68C3ED037A3B6893ED037ADFED296A6A
:10B71000C7EE267A3B68C3ED037A3B68D3ED036A34
:10B720003B6893ED027AC6EE877A3B68C3ED047AF4
:10B730003B681B691846F4F71FFF4FF000021E4BD1
:10B74000F4F7BCFD02460B4643EC172BB0EE470A5C
:10B75000F0EE670A03F058FA53EC102B1046194626
:10B76000F5F724FA02463B685A613B685B694FF67D
:10B77000205293420DD93B681B681B6809229A62CC
:10B780003B685B690D4AA2FB0323DA083B685A61F8
:10B7900004E03B681B681B6800229A623B685A6998
:10B7A0003B681B681B68013ADA6200BF0837BD4678
:10B7B00080BD00BF002474490000E03FCDCCCCCC5C
:10B7C00080B582B000AF78607B6803F51043D3F892
:10B7D000982C7B6803F51043D3F89C3C9A4210D117
:10B7E0007B681B681B6800225A627B68DB691B68E8
:10B7F00000225A627B6803F51043002283F8A52CCF
:10B80000B0E07B6803F51043D3F8982C7B6803F510
:10B810001043D3F89C3C9A4253DD7B6803F51043F8
:10B82000D3F8982C7B6803F51043D3F89C3CD31ACB
:10B830001A467B6803F51043C3F8A82C7B6803F510
:10B840001043012283F8A42C7B6803F51043D3F83E
:10B85000A83C1846FFF72EFF02467B6803F510430D
:10B86000C3F8AC2C7B681C3319467868FFF736FFA9
:10B870007B6803F51043012283F8A52C7B68D86907
:10B880007B68196A7B6803F59C426E327B6803F51E
:10B890001043D3F8AC3C9BB2FCF7A2FB7B6803F5EA
:10B8A0001043D3F8983C1A467B6803F51043D3F84D
:10B8B000AC3CD31A1A467B6803F51043C3F8982CA6
:10B8C00050E07B6803F51043D3F89C2C7B6803F5AC
:10B8D0001043D3F8983CD31A1A467B6803F51043FB
:10B8E000C3F8A82C7B6803F51043002283F8A42C2E
:10B8F0007B6803F51043D3F8A83C1846FFF7DAFE3F
:10B9000002467B6803F51043C3F8AC2C7B681946EC
:10B910007868FFF7E3FE7B6803F51043012283F8A4
:10B92000A52C7B6818687B6859687B6803F1440222
:10B930007B6803F51043D3F8AC3C9BB2FCF750FB9B
:10B940007B6803F51043D3F8983C1A467B6803F5EF
:10B950001043D3F8AC3C13441A467B6803F51043FC
:10B96000C3F8982C0837BD4680BD80B582B000AFC3
:10B97000786039607B6803F5104393F8C03C022B74
:10B9800014D139687868FFF74BFE02467B6803F5EF
:10B990001043C3F89C2C7B6803F5104393F8A53C37
:10B9A000002B04D17868FFF70BFF00E000BF0837D9
:10B9B000BD4680BD80B483B000AF78607B6803F57E
:10B9C0001043012283F8C02C0E4B03F510431A4696
:10B9D0000023C2F8D43C7B6803F510431A460023C9
:10B9E000C2F8F83C7B6803F51043002283F8F42C7E
:10B9F000054B00225A7100BF0C37BD465DF8047B31
:10BA0000704700BFE06F0020506B00200000000076
:10BA1000B0B592B000AF7860894B1B8A9BB2002B07
:10BA200001D0002303E1864B1B7E002B01D00023B5
:10BA3000FDE0834BD3F81230002B01D10023F6E058
:10BA40007B6803F51D43D3E90023134301D1002391
:10BA5000EDE000237B647B6803F5104393F8B83C6A
:10BA6000002B2AD17B6803F51D43D3E900237548D9
:10BA70000021841A61EB0305C7E90E45D7E90E01E1
:10BA8000F4F7A4FD4FF040426F4BF4F7F7FE024687
:10BA90000B461046194668A3D3E90023F4F7C4FD0A
:10BAA00002460B46C7E90C23D7E90C01F5F7B6F8B7
:10BAB00002460B46C7E90E232BE07B6803F51043D3
:10BAC00093F8B83C012B24D17B6803F51D43D3E9DF
:10BAD0000023C7E90E23D7E90E01F4F777FD4FF0F5
:10BAE0004042594BF4F7CAFE02460B46104619462F
:10BAF00051A3D3E90023F4F797FD02460B46C7E9AB
:10BB00000C23D7E90C01F5F789F802460B46C7E983
:10BB10000E234FF000024FF00003C7E90A23484B01
:10BB2000D3F812301846F4F705FD02460B46C7E974
:10BB30000823434BB3F916301BB21846F4F70AFD3D
:10BB400002460B46C7E906234FF000024FF0000300
:10BB5000C7E904234FF000024FF00003C7E90223B6
:10BB600035A3D3E90023D7E90601F4F75DFD0246CA
:10BB70000B46C7E90623D7E90823C7E90A232EA302
:10BB8000D3E90023D7E90A01F4F74EFD02460B463C
:10BB9000C7E90A234FF040422B4BD7E90A01F4F7DB
:10BBA0006DFE02460B46C7E90A23D7E90A23C7E917
:10BBB00008237B6803F51D43D3E90023104619468B
:10BBC000F4F704FD02460B46C7E904231AA3D3E9A0
:10BBD0000023D7E90401F4F727FD02460B46C7E925
:10BBE00004234FF04042184BD7E90401F4F746FE16
:10BBF00002460B46C7E90423D7E90423C7E9022319
:10BC0000D7E90823D7E90601F4F758FB02460B46AB
:10BC100010461946D7E90223F4F74EFB02460B46BD
:10BC200010461946F4F79AFF03467B647B6C18466E
:10BC30004837BD46B0BD00BF000000000088C340CB
:10BC4000506B0020FFFF7F00FFFF5F4100000000FE
:10BC5000B0B58EB000AFF860084611461A460346EC
:10BC6000FB720B463B811346FB80002387F837307D
:10BC7000914B00225A71FB6803F51043012283F8AF
:10BC8000F42CFB6803F510431A460023C2F8F83C75
:10BC9000FB6803F510431A460023C2F8D43CFB6846
:10BCA00003F5104303F6D8434FF000021A60FB6817
:10BCB00003F5104303F6DC434FF000021A60FB6803
:10BCC00003F510431A46FB7A82F8B83CFB6803F58B
:10BCD00010431A463B89A2F8BA3CFB6803F51043AF
:10BCE0001A46FB88A2F8BC3CFB6803F510431A46D1
:10BCF000B7F84830A2F8BE3CFB6803F51043B3F830
:10BD0000BE3C07EE903AB8EEE77A6C4BD3ED007A82
:10BD100067EE277AFB6803F5104303F6D843C3EDBB
:10BD2000007AFB6803F5104303F6D84393ED007ADD
:10BD3000DFED636AC7EE267AFB6803F5104303F66E
:10BD4000DC43C3ED007AFB6803F5104303F6DC43E4
:10BD5000D3ED007AB7EE007AF4EEC77AF1EE10FA7E
:10BD600007D5FB6803F5104303F6DC434FF07E5222
:10BD70001A604FF000024FF00003C7E90A23FB6886
:10BD800003F51043B3F8BA3C1846F4F7D3FB44A3C9
:10BD9000D3E90023F4F772FD02460B46C7E90A23F4
:10BDA000FB6803F51043B3F8BE3C1846F4F7C2FB3A
:10BDB00002460B46D7E90A01F4F736FC02460B4669
:10BDC000C7E90A2338A3D3E90023D7E90A01F4F726
:10BDD0002BFC02460B46C7E90A23FB881846F4F7FA
:10BDE000B9FB02460B46D7E90A01F4F71DFC0246EF
:10BDF0000B46C7E90A232EA3D3E90023D7E90A019A
:10BE0000F4F73CFD02460B46C7E90A23BC6AFB6A0D
:10BE100083F0004520462946F4F7A0FE0246FB6861
:10BE200003F51043C3F8EC2CFB6803F51043D3F87B
:10BE3000EC3CFA6802F51042C2F8F83CFB6803F5E6
:10BE4000104393F8B83C012B1AD1FB6803F510435B
:10BE500003F6DC43D3ED007AF1EE677AFB6803F575
:10BE6000104303F6DC43C3ED007AFB6803F510438F
:10BE7000D3F8EC3C5B42FA6802F51042C2F8EC3CA5
:10BE8000F868FFF7C5FD7862FB6803F51D43D3E949
:10BE90000023134316D197F8373002E1AFF3008047
:10BEA000000000000094E140000000000088C34052
:10BEB0000000000000FEAF40506B00200C0000208E
:10BEC00000007A44FB6803F510431A467B6AC2F807
:10BED000983CFB6803F510431A467B6AC2F89C3C09
:10BEE000FB6803F5104393F8B83C002B64D1FB6862
:10BEF00003F510431A460023C2F8143DF868FFF713
:10BF00002FFB03465B421A46FB6803F51043C3F858
:10BF1000182DFB6803F51043D3F8183DFA6802F5B5
:10BF20001042C2F81C3DFB6803F51043022283F85F
:10BF3000C02C786AF4F70EFB5DA3D3E90023F4F775
:10BF400073FB02460B46C7E90423FB6803F5104365
:10BF5000D3F81C3D1846F4F7FDFA02460B46D7E924
:10BF60000401F4F78BFC02460B46C7E904234FF0AB
:10BF70000002514BD7E90401F4F7A0F902460B4641
:10BF800043EC172BB0EE470AF0EE670A02F03CFED6
:10BF900053EC102B10461946F4F7E0FD0246FB68FF
:10BFA00003F51043C3F8E42CFB6803F510431A466D
:10BFB0007B6AC2F8F03C69E0FB6803F5104393F834
:10BFC000B83C012B62D1FB6803F510431A460023ED
:10BFD000C2F8183DF868FFF7C3FA03461A46FB6833
:10BFE00003F51043C3F8142DFB6803F51043D3F891
:10BFF000143DFA6802F51042C2F81C3DFB6803F5D7
:10C000001043022283F8C02C786AF4F7A3FA28A31D
:10C01000D3E90023F4F708FB02460B46C7E90623E1
:10C02000FB6803F51043D3F81C3D1846F4F792FA69
:10C0300002460B46D7E90601F4F720FC02460B4600
:10C04000C7E906234FF000021B4BD7E90601F4F7BE
:10C0500035F902460B4643EC172BB0EE470AF0EEDB
:10C06000670A02F0D1FD53EC102B10461946F4F785
:10C0700075FD0246FB6803F51043C3F8E42CFB682A
:10C0800003F510431A467B6AC2F8F03C012387F897
:10C090003730FB6803F51043022283F8C02C97F871
:10C0A000373018463837BD46B0BD00BFAFF300800B
:10C0B0000000000000FEAF400000E03F80B584B00B
:10C0C00000AFF860B9607A60FB6803F51043D3F8FD
:10C0D000E03C184601F04EF80346002B22D001F058
:10C0E00062F80246FB6803F51043C3F8E02CFB68D6
:10C0F00003F51043D3F89C3C1946BB687A6802FBF1
:10C1000003F30B441A46FB6803F51043C3F89C2C59
:10C11000FB6803F5104393F8A53C002B02D1F868A7
:10C12000FFF74EFB00BF1037BD4680BD80B584B021
:10C1300000AF786039600023FB737B6803F5104320
:10C1400093F8B83C002B0BD17B6803F51043D3F870
:10C150009C3C3A689A420FDB0123FB73FB7B31E086
:10C160007B6803F51043D3F89C3C3A689A4203DCA1
:10C170000123FB73FB7B25E07B6803F51043D3F8B9
:10C180009C3C07EE903AB8EEE77A7B6803F51043E3
:10C1900003F6DC43D3ED007A77EE677AFDEEE77ABB
:10C1A00017EE902A7B6803F51043C3F89C2C7B683C
:10C1B00003F5104393F8A53C002B02D17868FFF7F4
:10C1C000FFFAFB7B18461037BD4680BD80B582B0B4
:10C1D00000AF78603960344B1B78012B07D1324BAC
:10C1E00000221A7000F0DFFF0346304A13602F4B25
:10C1F0001B68184600F0BEFF034640F6B832934273
:10C2000001D802234CE02A4B1B78012B0FD1284B7D
:10C2100000221A70274B00221A71264B00225A71F5
:10C22000FEF752F800F0BFFF0346234A1360224B8B
:10C230001B68184600F09EFF02463B68934207D8F1
:10C240001B4B01221A70184B01221A70032327E09E
:10C250001A4B1B68184600F08DFF0346B3F57A7F32
:10C2600006D3FEF731F800F09EFF0346134A136031
:10C27000104B1B79012B12D10E4B01225A710D4B21
:10C28000D3F806307A6802F51042C2F8D43C084B65
:10C2900001221A70044B01221A70002300E00223CD
:10C2A00018460837BD4680BD10000020180D01203B
:10C2B00011000020506B00201C0D0120200D0120DA
:10C2C00080B582B000AF78603960464B1B78012B97
:10C2D00007D1444B00221A7000F065FF0346424A22
:10C2E0001360414B1B68184600F044FF034640F6BC
:10C2F000B832934201D802236FE03C4B1B78012BEC
:10C300000FD13A4B00221A70394B00221A71384B68
:10C3100000225A71FDF7D8FF00F045FF0346354A69
:10C320001360344B1B68184600F024FF02463B683C
:10C33000934207D82D4B01221A702A4B01221A7002
:10C3400003234AE02C4B1B68184600F013FF0346FA
:10C35000B3F57A7F06D3FDF7B7FF00F024FF03465D
:10C36000254A1360224B1B79012B35D1204B01222A
:10C370005A717B6803F5104393F8B83C002B0ED13B
:10C380001B4BD3F806207B6803F51043D3F8F83C29
:10C39000D31A7A6802F51042C2F8D43C14E07B68E4
:10C3A00003F5104393F8B83C012B0DD1104BD3F893
:10C3B00006207B6803F51043D3F8F83C13447A68F1
:10C3C00002F51042C2F8D43C084B01221A70054B0A
:10C3D00001221A70002300E0022318460837BD46E8
:10C3E00080BD00BF12000020240D0120130000209A
:10C3F000506B0020280D01202C0D0120B0B582B01B
:10C4000000AF78603960534B1B78012B18D1514B2A
:10C4100000221A70504B00221A70504B012283F8F0
:10C4200021204E4B01225A76FEF734F900F0BBFE74
:10C4300003464B4A136000F0B6FE0346494A1360B8
:10C44000474B1B68184600F095FE02463B68934236
:10C4500007D8404B01221A703F4B00221A70032369
:10C4600073E03D4B1B78022B3ED0022B6CDC002B83
:10C4700002D0012B25D067E0384B93F82130002BF8
:10C480000AD1FDF7ABFF344B01221A7000F08BFE8E
:10C490000346344A136057E0324B1B68184600F0DD
:10C4A00069FE0346B3F5167F49D32C4B012283F86E
:10C4B0002120FEF7EFF800F076FE0346294A1360CC
:10C4C0003DE0284B1B68184600F054FE034640F63A
:10C4D000B732934235D9204B02221A7000F063FE26
:10C4E0000346204A13602CE01C4B5B7E002B12D1CC
:10C4F0001A4BD3F8123000221C4615467B6803F510
:10C500001D43C3E90045134B01221A70124B002250
:10C510001A70002319E0134B1B68184600F02AFE1E
:10C520000346B3F5167F0ED30C4B01225A76FDF766
:10C5300055FF00F038FE03460A4A136003E000BFCF
:10C5400002E000BF00E000BF022318460837BD46E6
:10C55000B0BD00BF14000020300D0120506B002042
:10C56000340D0120380D012080B584B000AF786013
:10C570000223FB737B6803F5104393F8C03C012B47
:10C5800040F02D827B6803F5104393F8C13C012BEA
:10C5900040F01B817B6803F51043D3F8C43C184678
:10C5A00000F0E8FD034640F6B732934240F21982AC
:10C5B0007B6803F51043D3F8CC3C184600F0DAFD55
:10C5C0000346002B00F00D8200F0EDFD02467B6873
:10C5D00003F51043C3F8CC2C7B6803F51043D3F864
:10C5E000C83C19467868FFF7A1FD0346012B40F0CF
:10C5F000F881B84B1B78002B08D141F65831786888
:10C60000FFF7E4FD03461A46B34B1A70B24B1B7892
:10C61000002B03D0B04B1B78032B09D1AD4B01226B
:10C620001A7042F210717868FFF7E8FE0346FB7358
:10C63000FB7B002B03D0FB7B032B40F0D281FB7BE9
:10C64000032B09D17B6803F51D4319464FF0000207
:10C650004FF00003C1E900239E4B00221A709E4B4D
:10C6600002221A707B6803F51043002283F8C12C64
:10C670007B6803F510431A460023C2F8C83C7B6868
:10C6800003F5104393F8B83C002B4BD17B6803F5BE
:10C6900010431A460023C2F8983C7B6803F5104308
:10C6A0001A460023C2F89C3C7B6803F510431A46E7
:10C6B0000023C2F8143D7868FEF752FF03465B4240
:10C6C0001A467B6803F51043C3F8182D7B6803F501
:10C6D0001043D3F8183D7A6802F51042C2F81C3DA9
:10C6E0007B6803F51043022283F8C02C7B6803F5B6
:10C6F00010431A460023C2F8E43C7B6803F510435C
:10C700001A460023C2F8F03C7B6803F5104393F807
:10C71000A01C7B6803F51D43D3E900230846F7F707
:10C72000D7FB5EE17B6803F5104393F8B83C012B1F
:10C7300040F057817B6803F510431A460023C2F886
:10C74000983C7B6803F510431A460023C2F89C3CD2
:10C750007B6803F510431A460023C2F8183D786839
:10C76000FEF7FEFE03461A467B6803F51043C3F846
:10C77000142D7B6803F51043D3F8143D7A6802F555
:10C780001042C2F81C3D7B6803F51043022283F877
:10C79000C02C7B6803F510431A460023C2F8E43C22
:10C7A0007B6803F510431A460023C2F8F03C7B680F
:10C7B00003F5104393F8A01C7B6803F51D43D3E9F0
:10C7C00000230846F7F784FB0BE17B6803F5104371
:10C7D00093F8B83C002B40F081807B68DB6B1846F7
:10C7E00000F0AFFC0346012B64D17B6803F51043D6
:10C7F0001A460023C2F8983C7B6803F510431A469A
:10C800000023C2F89C3C7B6803F510431A460023C2
:10C81000C2F8143D7868FEF7A3FE03465B421A4651
:10C820007B6803F51043C3F8182D7B6803F51043AC
:10C83000D3F8183D7A6802F51042C2F81C3D7B68B7
:10C8400003F51043012283F8C12C7B6803F51043E4
:10C8500003F6D843D3ED007AF1EE677AB1EE047AAD
:10C8600067EE877AFDEEE77A17EE902A7B6803F58C
:10C870001043C3F8C82C00F096FC02467B6803F511
:10C880001043C3F8CC2C00F08EFC02467B6803F505
:10C890001043C3F8C42C7B6803F510431A460023E9
:10C8A000C2F8E43C7B6803F510431A460023C2F843
:10C8B000F03C97E07B6803F5104303F6DC43D3EDCF
:10C8C000007AFDEEE77A012217EE901A7868FFF7FA
:10C8D000F5FB87E03C0D0120150000207B6803F587
:10C8E000104393F8B83C012B7CD17B68DB6B184676
:10C8F00000F027FC0346012B61D17B6803F5104350
:10C900001A460023C2F8983C7B6803F510431A4688
:10C910000023C2F89C3C7B6803F510431A460023B1
:10C92000C2F8183D7868FEF71BFE03461A467B687E
:10C9300003F51043C3F8142D7B6803F51043D3F8B7
:10C94000143D7A6802F51042C2F81C3D7B6803F57D
:10C950001043012283F8C12C7B6803F5104303F6D2
:10C96000D843D3ED007AB1EE047A67EE877AFDEE14
:10C97000E77A17EE902A7B6803F51043C3F8C82CBA
:10C9800000F011FC02467B6803F51043C3F8CC2C81
:10C9900000F009FC02467B6803F51043C3F8C42C81
:10C9A0007B6803F510431A460023C2F8E43C7B6819
:10C9B00003F510431A460023C2F8F03C12E07B68EE
:10C9C00003F5104303F6DC43D3ED007AFDEEE77A7E
:10C9D000012217EE901A7868FFF770FB02E000BFA3
:10C9E00000E000BF1037BD4680BD00BF80B582B0FB
:10C9F00000AF78607B6803F5104393F8C03C032BCD
:10CA000040F0AD80574B1B78012B21D1FEF7C2FAC5
:10CA10007B6803F51043D3F8F03C07EE903AF8EE4C
:10CA2000E77A7B6803F51043D3F8EC3C07EE103A45
:10CA3000B8EEC77ADFED4C1A9FED4B1AF0EE470ABD
:10CA4000B0EE670AFEF772FA464B00221A7086E0D3
:10CA50007B6803F51043002283F8082D7B6803F5FB
:10CA60001043D3F8EC2C7B6803F51043D3F8F03C6B
:10CA70009A422FD07B6803F51043D3F8E83C184660
:10CA800000F078FB0346132B69D97B6803F510434C
:10CA900093F8A53C002B14D1FEF72CFB02467B68D3
:10CAA00003F51043C3F89C2C7B6803F51043D3F8BF
:10CAB0009C3C7A6802F51042C2F8F03C7868FEF7B8
:10CAC0007FFE00F070FB02467B6803F51043C3F85D
:10CAD000E82C44E07B6803F5104393F8F43C012B09
:10CAE00022D141F658317868FFF7EAFB03461A462F
:10CAF0001E4B1A701D4B1B78022B30D01B4B022291
:10CB00001A707B6803F51043022283F8C02C7B68FF
:10CB100003F5104393F8A03C02211846F7F7F8F903
:10CB2000104B01221A701AE07B6803F510430022B3
:10CB300083F8F42C0D4B02221A707B6803F5104326
:10CB4000022283F8C02C7B6803F5104393F8A03CC5
:10CB500002211846F7F7DCF9024B01221A70083758
:10CB6000BD4680BD16000020000000001700002018
:10CB700080B582B000AF78607B6803F5104393F80E
:10CB8000203D012B5FD17B6803F51043D3F8283D8E
:10CB9000184600F0EFFA0346C72B0DD97B6803F562
:10CBA0001043002283F8202D7B6803F510431A46BA
:10CBB0000023C2F8243D49E07B6803F51043D3F815
:10CBC000243D002B12DD7B6803F51043D3F8982C2D
:10CBD0007B6803F51043D3F8243D1A447B6803F5C2
:10CBE0001043D3F89C3C9A4212DA2FE07B6803F59D
:10CBF0001043D3F8982C7B6803F51043D3F8243DF9
:10CC00001A447B6803F51043D3F89C3C9A421CDC21
:10CC10007B6803F51043D3F89C2C7B6803F5104325
:10CC2000D3F8243D13447A6802F51042C2F89C3CC4
:10CC30007B6803F5104393F8A53C002B06D1786878
:10CC4000FEF7BEFD02E000BF00E000BF0837BD46B2
:10CC500080BD000080B582B000AF786000217868A8
:10CC6000FBF77EFB0348FEF7ABFD00BF0837BD4670
:10CC700080BD00BFE06F002080B485B000AF786059
:10CC800039600023FB810023BB6016E0FB891B0297
:10CC90001AB2FB891B0A9BB218467B68591C796043
:10CCA0001B784340DBB20A4931F813301BB25340C2
:10CCB0001BB2FB81BB680133BB60BA683B689A4218
:10CCC000E4D3FB8918461437BD465DF8047B7047F2
:10CCD00068ED000880B483B000AF7860044A7B68D8
:10CCE000136000BF0C37BD465DF8047B704700BF82
:10CCF000400D012080B582B000AF03460A46FB71AB
:10CD00001346BB71FB791846F5F724F800BF0837C6
:10CD1000BD4680BD80B400AF064B00225A81002280
:10CD20009A81044B002283F8172200BFBD465DF8AC
:10CD3000047B7047400D012080B500AFFFF7EAFF8C
:10CD40000D4B1B795B2B14D10B4BD3F80A300A4ADD
:10CD50001179094A13440A4683F81822064BD3F87E
:10CD60000A300133044AC2F80A30034B012283F827
:10CD7000172200BF80BD00BF400D012080B400AF6E
:10CD80000C4BD3F80A300B4A11790A4A13440A466D
:10CD900083F81822074BD3F80A300133054AC2F84A
:10CDA0000A30044B022283F8172200BFBD465DF80B
:10CDB000047B7047400D012080B400AF0F4BD3F8C7
:10CDC0000A300E4A11790D4A13440A4683F8182294
:10CDD0000A4BD3F80A300133084AC2F80A30074B2D
:10CDE0000022DA8100221A82044B032283F81722E0
:10CDF00000BFBD465DF8047B704700BF400D0120B9
:10CE000080B400AF154BD3F80A30144A1179134A95
:10CE100013440A4683F81822104BD3F80A30013322
:10CE20000E4AC2F80A300D4BD3F80E3001330B4ACC
:10CE3000C2F80E30094BD3F80E30012B08D9074B3E
:10CE40000022DA8100221A82044B042283F817227E
:10CE500000BFBD465DF8047B704700BF400D012058
:10CE600080B400AF154BD3F80A30144A1179134A35
:10CE700013440A4683F81822104BD3F80A300133C2
:10CE80000E4AC2F80A300D4BD3F80E3001330B4A6C
:10CE9000C2F80E30094BD3F80E30012B08D9074BDE
:10CEA0000022DA8100221A82044B052283F817221D
:10CEB00000BFBD465DF8047B704700BF400D0120F8
:10CEC00080B586B000AF1D4B1B795D2B30D11B4B5D
:10CED000D3F80A30194A1179184A13440A4683F8DC
:10CEE0001822174B7B617B6901333B613B6902333D
:10CEF000FB60FB680233BB60BB6802337B600521CB
:10CF00000F48FFF7B9FE03467B80BB681B889BB2C6
:10CF10007A889A420CD13B691B78492B08D1FB686F
:10CF20001A78FB685B7819461046FFF7E3FE00BFEE
:10CF3000FFF7F0FE00BF1837BD4680BD400D012051
:10CF4000580F012080B500AF184B1B6818491846D0
:10CF500000F0BFFB0346012B26D1144B93F8173288
:10CF6000052B21D801A252F823F000BF85CF00087D
:10CF70008BCF000891CF000897CF00089DCF000805
:10CF8000A3CF0008FFF7D8FE0EE0FFF7F7FE0BE097
:10CF9000FFF712FF08E0FFF733FF05E0FFF760FF40
:10CFA00002E0FFF78DFF00BF00BF80BD400D0120F4
:10CFB000440D012080B500AFFFF7C4FF00BF80BD66
:10CFC00080B584B000AFF8607B600B46FB721346FF
:10CFD000BB72FB687A681A60FB683A8B9A80FB7AAE
:10CFE00003F07F03D9B2FA68937A61F3470393722F
:10CFF000BB7A03F00103D9B2FA68937A61F30003B4
:10D000009372FB683A7F1A72FB6897F820205A7275
:10D01000F86800F005F800BF1037BD4680BD00007D
:10D0200080B582B000AF78600D4B93F82830194678
:10D030000B4A7B6842F82130094B93F828300133C2
:10D04000DAB2074B83F82820054B93F82830092BD8
:10D0500001D9F7F747FF00BF0837BD4680BD00BFC5
:10D060002C10012080B582B000AF154B93F828300A
:10D07000FB710023BB710023BB7116E0BB79DBB2EF
:10D080001A460F4B53F82230184600F01BF8BB79B4
:10D09000DBB21A460A4B53F82230184600F02FF83C
:10D0A000BB79DBB20133DBB2BB71BB79DBB2FA799E
:10D0B0009A42E3D800BF00BF0837BD4680BD00BF1D
:10D0C0002C10012080B582B000AF78607B681A68B0
:10D0D0007B689B8819461046FAF728F803461A46DB
:10D0E0007B685B7A9A4203D17B680122DA7202E0A4
:10D0F0007B680022DA7200BF0837BD4680BD80B56C
:10D1000082B000AF78607B68DA7A7B681A737B68DC
:10D110001A7B7B685B7B9A420FD07B681A7B7B68AB
:10D120005A737B6801229A737B689A7A7B681B7BAF
:10D130009BB219461046F6F70BFF00BF0837BD46F5
:10D1400080BD80B582B000AF78607B681A687B686C
:10D150009B8819461046F9F7E9FF03461A467B6893
:10D160005B7A9A4201D1012300E000231846083778
:10D17000BD4680BD80B582B000AF7860F8F78AFA0E
:10D1800002467B68934205D8F8F784FA02467B682A
:10D19000D31A04E0F8F77EFA02467B68D31A1846E1
:10D1A0000837BD4680BD80B500AFF8F773FA034677
:10D1B000184680BD80B584B000AFF860B9607A6071
:10D1C000BB681B681846FFF7D5FF02467B68934291
:10D1D00006D8FB689847F8F75DFA0246BB681A6004
:10D1E00000BF1037BD4680BD80B582B000AF78600B
:10D1F0003960114B93F8503019460F4A3B6842F89A
:10D2000031300D4B93F850300B4ADB0013447A68F1
:10D210005A60094B93F850300133DAB2064B83F869
:10D220005020054B93F85030092B01D9F7F75AFEDF
:10D2300000BF0837BD4680BD5810012080B582B0C0
:10D2400000AF786039607B683A681A603B681B6899
:10D2500019467868FFF7C8FF00BF0837BD4680BD94
:10D2600080B582B000AF786000BF7B6818687B68CB
:10D2700003F6140301221946FBF7C2FF0346002BF5
:10D28000F3D100BF00BF0837BD4680BD80B584B074
:10D2900000AFF860B9601346FB80FB68012283F899
:10D2A0001528FB68BA68C3F81628FB68FA88A3F843
:10D2B0001A28F86800F021F800BF1037BD4680BD7D
:10D2C00080B483B000AF78607B6893F81538012B89
:10D2D0000DD17B68D3F816385A697B68B3F81A38D1
:10D2E0009BB219467B68D3F816380A435A6100BFCF
:10D2F0000C37BD465DF8047B704780B483B000AF47
:10D3000078607B6893F81538012B0ED17B68D3F8D1
:10D3100016385A697B68B3F81A389BB2DB43194652
:10D320007B68D3F816380A405A6100BF0C37BD46F7
:10D330005DF8047B704780B483B000AF78607B6891
:10D340001B78012B1FD17B685B78002B0ED17B688B
:10D35000D3F802305A697B68DB889BB2DB431946FD
:10D360007B68D3F802300A405A610CE07B68D3F83E
:10D3700002305A697B68DB889BB219467B68D3F818
:10D3800002300A435A6100BF0C37BD465DF8047B8A
:10D39000704780B483B000AF78607B681B78012B46
:10D3A00023D17B685B78002B1FD17B685B78002BD7
:10D3B0000DD17B68D3F802305A697B68DB889BB259
:10D3C00019467B68D3F802300A435A610DE07B6846
:10D3D000D3F802305A697B68DB889BB2DB4319467D
:10D3E0007B68D3F802300A405A6100BF0C37BD4653
:10D3F0005DF8047B704780B584B000AF786000238F
:10D40000FB607B685A687B689B689A4209D17868A0
:10D41000FFF773FF7B6803F61C031846FFF7B9FF9D
:10D420002DE07B685A687B689B689A4206D97B68C6
:10D430005A687B689B68D31AFB600AE07B685A686D
:10D440007B689B689A4204D27B689B68C3F58063C3
:10D45000FB607868FFF734FF7B6803F61C0318460F
:10D46000FFF769FF7B6818687B689B6808337A68F8
:10D4700013440433FA6892B21946FBF77CFE103766
:10D48000BD4680BD80B483B000AF78600B46FB70B2
:10D490007B685B687A681344FA781A737B685B6808
:10D4A0005A1C7B685A607B685B68B3F5806F08D351
:10D4B0007B6800221A7100225A7100229A710022A0
:10D4C000DA7100BF0C37BD465DF8047B704780B54C
:10D4D00082B000AF78600B46FB70FB781946786825
:10D4E000FFF7D0FF7868FFF786FF00BF0837BD461B
:10D4F00080BD80B586B000AFF860B9607A60002367
:10D500007B610AE07B695A1C7A611A46BB68134446
:10D510001B781946F868FFF7B5FF7B685A1E7A60DA
:10D52000002BEFD1F868FFF766FF00BF1837BD4644
:10D5300080BD000080B485B000AF78600023FB6040
:10D54000164B93F85030FB720023BB720023BB7262
:10D5500017E0BB7ADBB21A46104B53F832301A464A
:10D560007B68934208D1BB7ADBB20C4ADB001344E0
:10D570005B68FB60FB680AE0BB7ADBB20133DBB2BD
:10D58000BB72BB7ADBB2FA7A9A42E2D8FB681846E1
:10D590001437BD465DF8047B704700BF581001206A
:10D5A00080B584B000AF78607B681B681846FFF7D1
:10D5B000C1FFB8600023FB60BB68002B42D0BB6892
:10D5C0009B68BA681268928C1A44BB689A60BB6800
:10D5D0009B68B3F5806F05D3BB689B68A3F5806239
:10D5E000BB689A60BB685A68BB689B689A421FD048
:10D5F000BB685A68BB689B689A4206D9BB685A6880
:10D60000BB689B68D31AFB6004E0BB689B68C3F5EA
:10D610008063FB60BB681868BB689B680833BA68A6
:10D6200013440433FA6892B21946FBF7A4FD0AE0EA
:10D63000B868FFF762FEBB6803F61C031846FFF7E5
:10D64000A8FE00E000BF1037BD4680BD80B584B0A5
:10D6500000AF78607B681B681846FFF76BFFF860C7
:10D66000FB68002B31D0FB68D3F80C34FA6892F8D1
:10D670001418FA6813440A4683F81424FB68D3F894
:10D680000C345A1CFB68C3F80C24FB68D3F80C3428
:10D69000B3F5806F0CD3FB68002283F80C240022C2
:10D6A00083F80D24002283F80E24002283F80F242F
:10D6B00000BFFB6803F61403012219467868FBF7E4
:10D6C0009FFD0346002BF4D100E000BF1037BD469C
:10D6D00080BD80B582B000AF786039607B68D3F8D8
:10D6E0000C247B68D3F810349A422AD07B68D3F894
:10D6F00010347A68134493F814243B681A707B68DA
:10D70000D3F810345A1C7B68C3F810247B68D3F814
:10D710001034B3F5806F0CD37B68002283F810249B
:10D72000002283F81124002283F81224002283F8B7
:10D7300013247B6803F624031846FFF7FCFD01233E
:10D7400006E07B6803F624031846FFF722FE002359
:10D7500018460837BD4680BD0A22002100F082B875
:10D76000012B2DE9F04701D0242B06D900F042FA15
:10D77000162303600020BDE8F087DFF8E4C00D4603
:10D780002E4615F8014B1CF8047017F00807F7D166
:10D790002D2C32D12C780127B51C002B5BD0102BFF
:10D7A00009D1302C07D12C7804F0DF04582C4DD14E
:10D7B0006C781023023507F1004808F1FF384FF06C
:10D7C000000EB8FBF3F9764603FB198AA4F1300C7E
:10D7D000BCF1090F16D86446A34224DDBEF1FF3F19
:10D7E00008D0B1451CD301D1A24519DB06FB034685
:10D7F0004FF0010E15F8014BE8E72B2C04BF2C78F5
:10D80000B51CCAE7A4F1410CBCF1190F01D8373C93
:10D81000E2E7A4F1610CBCF1190F04D8573CDBE737
:10D820004FF0FF3EE6E7BEF1FF3F05D12223036044
:10D83000464642B930469EE707B17642002AF9D003
:10D84000BEF1000F00D0691E1160F3E73024002BF9
:10D85000B1D10823AFE7302CA5D00A23ABE700BF36
:10D8600069EF000813460A46014602480068FFF7C0
:10D8700077BF00BF70000020002310B50446C0E948
:10D880000033C0E90433836081814366C2818361D0
:10D89000194608225C3000F002F9054B6362054B23
:10D8A000A362054BE362054B2462236310BD00BFF6
:10D8B00019DA00083BDA000873DA000897DA000882
:10D8C000024A0349034800F069B800BF180000206D
:10D8D00081E500082400002041680C4B994210B5F6
:10D8E000044601D000F04CFEA168094B994202D0D9
:10D8F000204600F045FEE168064B994204D02046E0
:10D90000BDE8104000F03CBE10BD00BFAC100120CF
:10D91000141101207C11012010B50B4B0B4C0C4A4B
:10D920001A60204600220421FFF7A6FF04F16800D8
:10D9300001220921FFF7A0FF04F1D0000222BDE877
:10D9400010401221FFF798BFE4110120AC10012014
:10D95000C1D80008014800F077B900BFED110120DF
:10D96000014800F072B900BFED11012010B5044666
:10D97000FFF7F0FF236A1BB1BDE81040FFF7F0BFCF
:10D98000044B2362044B1B68002BF5D1FFF7C4FF47
:10D99000F2E700BFD9D80008E41101202DE9F843CF
:10D9A0000746884614460026D4E90195B9F10109D5
:10D9B00005D52468002CF7D13046BDE8F883AB8943
:10D9C000012B07D9B5F90E30013303D0294638466B
:10D9D000C04706436835E9E70EB400B59CB01DABFF
:10D9E000029006906FF0004109480791049109499F
:10D9F00053F8042B05910068019302A900F0ACFADA
:10DA0000029B00221A701CB05DF804EB03B0704753
:10DA1000700000200802FFFF10B50C46B1F90E108F
:10DA200000F0C4F80028ABBF636DA3891B1823F472
:10DA30008053ACBF6365A38110BD2DE9F0411F4643
:10DA40008B89DB0505460C46164605D5B1F90E1047
:10DA50000223002200F098F8A389B4F90E1023F4F1
:10DA60008053A38132463B462846BDE8F04100F092
:10DA7000AFB810B50C46B1F90E1000F085F8431C94
:10DA8000A38915BF606523F4805343F48053A381B9
:10DA900018BFA38110BDB1F90E1000F065B80244A3
:10DAA0000346934200D1704703F8011BF9E70000D9
:10DAB000164B73B51E68746C0546FCB95020019175
:10DAC00000F03CF901997064024620B9104B1148EE
:10DAD0005B2100F0C9F8C0E90044C0E90244C0E994
:10DAE0000444C0E90A44C0E90C44C0E90E44C0E95A
:10DAF0001044C0E91244846104774462726C0123CB
:10DB0000284602B0BDE8704000F006B87000002062
:10DB100069F0000880F00008F0B508B9106888B115
:10DB20000446204614F8015B0F4617F8016B1EB936
:10DB300065B91560284605E0B542F6D1002BF0D155
:10DB400014600370F0BD1C460CE015B914F8013BDD
:10DB50000E4616F8015BAB42F7D1002BF3D0002341
:10DB600004F8013C1460EDE738B5064D0023044687
:10DB700008462B60F7F7B3FC431C02D12B6803B1B6
:10DB8000236038BDE811012038B5074D044608462A
:10DB9000114600222A601A46F7F7C8FC431C02D13E
:10DBA0002B6803B1236038BDE811012038B5074D5B
:10DBB00004460846114600222A601A46F7F756FC2A
:10DBC000431C02D12B6803B1236038BDE81101204A
:10DBD00038B5074D04460846114600222A601A4609
:10DBE000F7F761FC431C02D12B6803B1236038BDF9
:10DBF000E8110120014B1868704700BF7000002039
:10DC000070B50D4D0D4C641BA4100026A64209D121
:10DC10000B4D0C4C01F086F8641BA4100026A642A4
:10DC200005D170BD55F8043B98470136EEE755F82D
:10DC3000043B98470136F2E754F1000854F100081C
:10DC400054F1000858F10008704770470A449142A7
:10DC500000F1FF3300D1704710B511F8014B03F804
:10DC6000014F9142F9D110BD1FB514461A46094B18
:10DC70001B680546D8684CB1074B0091CDE90134CB
:10DC800006492B4600F0A4FC00F0DEFC044B1C46C9
:10DC9000F3E700BF70000020DAF00008E7F00008AA
:10DCA00015F1000837B5002944D051F8043C019023
:10DCB000002BA1F10404B8BFE41800F0E7F81E4AF5
:10DCC0000198136833B96360146003B0BDE8304055
:10DCD00000F0E2B8A34208D9256861198B4201BF60
:10DCE00019685B6849192160EDE71A465B680BB15A
:10DCF000A342FAD911685518A5420BD124682144D2
:10DD00005418A3421160E0D11C685B6853600C4456
:10DD10001460DAE702D90C230360D6E7256861199D
:10DD20008B4204BF19685B68636004BF49192160B6
:10DD30005460CAE703B030BDF0110120024B014628
:10DD4000186800F023B800BF7000002070B50E4EB8
:10DD50000C463168054611B900F066FC306021467A
:10DD6000284600F061FC431C0AD0C41C24F00304C4
:10DD7000A04207D0211A284600F056FC013001D1FC
:10DD80004FF0FF34204670BDF41101202DE9F84317
:10DD9000CD1C25F0030508350C2D38BF0C25002DB2
:10DDA000074601DBA94205D90C233B60002630461B
:10DDB000BDE8F883DFF8D08000F068F8D8F80030CC
:10DDC0001C465CBB29463846FFF7C0FF431C04468F
:10DDD00055D1D8F800402646002E45D1002C48D019
:10DDE00023683146384604EB030900F01DFC8145E9
:10DDF0003FD121686D1A29463846FFF7A7FF013049
:10DE000037D023682B442360D8F80030002B38D05B
:10DE10005A68A2422BD100225A600FE02268521B9E
:10DE20001FD40B2A17D96119A342256018BF596066
:10DE3000636808BFC8F8001062514B60384604F1AF
:10DE40000B0600F029F826F00706231DF21AAED0C3
:10DE50009B1BA350ABE7A3426268DDD1C8F800204A
:10DE6000ECE723466468ACE734467668B4E71346CB
:10DE7000CCE70C233B60384600F00EF897E72560AE
:10DE8000DCE75B60FFDE00BFF01101200148FFF717
:10DE9000DBBE00BFEC1101200148FFF7D6BE00BF7A
:10DEA000EC1101202DE9F0478E681F46BE420B6839
:10DEB00082460C4690462CD88A8912F4906F26D060
:10DEC0006569096905EB4505A3EB010905EBD57506
:10DED0007B1C4B446D109D4238BF1D46530527D512
:10DEE0002946FFF753FF064660B321694A46FFF70C
:10DEF000ADFEA38923F4906343F08003A3812661E0
:10DF000065614E44A5EB09052660A5603E46BE420C
:10DF100000D93E4620683246414600F06BFBA368BC
:10DF20009B1BA3602368334423600020BDE8F08777
:10DF30002A4600F090FB06460028E0D121695046B1
:10DF4000FFF7B0FE0C23CAF80030A38943F040036A
:10DF5000A3814FF0FF30E9E72DE9F04F98468B8918
:10DF60001B069DB007460D4614460ED50B6963B9D6
:10DF70004021FFF70BFF2860286120B90C233B608C
:10DF80004FF0FF30D0E040236B6100230993202342
:10DF90008DF82930CDF80C803023DFF8A4818DF87E
:10DFA0002A304FF0010923469A4613F8012B0AB193
:10DFB000252AF9D1BAEB040B0BD05B462246294641
:10DFC0003846FFF76FFF013000F0A980099A5A44E4
:10DFD00009929AF80030002B00F0A18000234FF046
:10DFE000FF32CDE905230AF1010A049307938DF866
:10DFF00053301A935446052214F8011B5048F2F787
:10E0000007F9049AD8B9D00644BF20238DF85330BD
:10E01000110744BF2B238DF853309AF800302A2B78
:10E0200015D0079A544600204FF00A0C214611F8EB
:10E03000013B303B092B4DD9B0B1079214E0A0EB66
:10E04000080309FA03F313430493A246D2E7039BA0
:10E05000191D1B680391002BBBBF5B4242F00202FB
:10E0600007930793B8BF049223782E2B0CD16378C3
:10E070002A2B34D1039B1A1D1B680392002BB8BFB7
:10E080004FF0FF3302340593DFF8C4A02178032258
:10E090005046F2F7BDF838B1049BA0EB0A004022CD
:10E0A000824013430134049314F8011B25488DF872
:10E0B00028100622F2F7ACF8002838D0224B1BBB00
:10E0C000039B073323F0070308330393099B33446F
:10E0D000099368E70CFB02320C460120A6E70023F7
:10E0E0000134059319464FF00A0C204610F8012B15
:10E0F000303A092A03D9002BC6D00591C4E70CFB9E
:10E10000012104460123F0E703AB00932A460F4B9D
:10E1100004A93846AFF30080421C0646D6D1AB892D
:10E120005B063FF52DAF09981DB0BDE8F08F03AB3E
:10E1300000932A46054B04A9384600F079F8EBE72E
:10E1400016F1000820F1000800000000A5DE00081C
:10E150001CF100082DE9F047164699468A680B69BC
:10E16000DDF820809342B8BF1346336091F8432016
:10E1700007460C460AB1013333602368990642BF53
:10E18000336802333360256815F0060506D104F1C3
:10E19000190AE36832689B1AAB4226DC94F84320E4
:10E1A000131E226818BF012392062BD404F14302E8
:10E1B00049463846C04701301ED02368226903F023
:10E1C0000603042B02BFE5683368ED1AA3680CBF91
:10E1D00025EAE57500259342C4BF9B1AED18002679
:10E1E0001A34B5421AD1002008E0012352464946AC
:10E1F0003846C047013003D14FF0FF30BDE8F0870B
:10E200000135C6E7E1185A1C302081F8430022444A
:10E2100094F8451082F843100233C7E701232246E1
:10E2200049463846C0470130E6D00136D9E70000FC
:10E230002DE9FF470F7E0C9D782F914680460C46B6
:10E240009A4601F1430207D8622F0AD8002F00F046
:10E25000D480582F00F0C08004F1420584F8427049
:10E260003AE0A7F16303152BF6D801A151F823F08A
:10E27000C9E20008DDE2000859E2000859E200089E
:10E2800059E2000859E20008DDE2000859E20008FE
:10E2900059E2000859E2000859E20008E1E30008E9
:10E2A00009E300089BE3000859E2000859E200086E
:10E2B00003E4000859E2000809E3000859E20008F5
:10E2C00059E20008A3E300082B681A1D1B682A60A6
:10E2D00004F1420584F8423001239FE020682B6856
:10E2E000070603F10401296001D51E6803E0460614
:10E2F000FBD5B3F90060002E03DA2D23764284F8B3
:10E3000043305A480A2312E02B682068191D2960FF
:10E31000050601D51E6802E04106FBD51E8853485C
:10E320006F2F0CBF08230A23002184F8431065686F
:10E33000A560002DA2BF216821F0040121600EB963
:10E34000002D4BD01546B6FBF3F103FB1167C75DFB
:10E3500005F8017D3746BB420E46F4D9082B0BD198
:10E360002368DE0708D5236961689942DEBF302340
:10E3700005F8013C05F1FF35521B2261CDF800A0E4
:10E380004B4603AA21464046FFF7E4FE01304AD13E
:10E390004FF0FF3004B0BDE8F087236843F020035E
:10E3A00023603348782784F84570236829681F065E
:10E3B00051F8046B02D45F0648BFB6B2DF0748BF0E
:10E3C00043F02003296048BF23601EB9236823F06F
:10E3D000200323601023A7E72448E4E71546BDE7A0
:10E3E0002B6826686169181D286035061B6801D5F1
:10E3F000196002E07006FBD51980002323611546E1
:10E40000BCE72B681A1D2A601D6862680021284637
:10E41000F1F7FEFE08B1401B6060636823610023D2
:10E4200084F84330AAE723692A4649464046D04744
:10E430000130ADD023689B0713D4E068039B98425A
:10E44000B8BF1846A6E70123324649464046D047A2
:10E4500001309DD00135E36803995B1AAB42F2DCD1
:10E46000EBE7002504F11906F5E700BF27F10008E6
:10E4700038F100088A892DE9F041054610070C465D
:10E4800058D44B68002B05DC0B6C002B02DC002001
:10E49000BDE8F081E66A002EF9D0002312F4805224
:10E4A0002F68216A2B6032D0606DA3895A0705D589
:10E4B0006368C01A636B0BB1236CC01A0023024659
:10E4C000E66A216A2846B047431CA38906D1296819
:10E4D0001D292BD8294A0A41D60727D40022626079
:10E4E000D9042269226004D5421C01D12B6803B9EA
:10E4F0006065616B2F600029C9D004F14403994223
:10E5000002D02846FFF7CEFB00206063C0E701235E
:10E510002846B047411CC8D12B68002BC5D01D2B05
:10E5200001D0162B01D12F60B1E7A38943F040033E
:10E53000A381ADE70F69002FA9D093070E6808BF2C
:10E540004B690F6018BF0023A6EB07088B60B8F17A
:10E55000000F9CDD216AA66A43463A462846B0472A
:10E56000002806DCA38943F04003A3814FF0FF306D
:10E570008EE70744A8EB0008E9E700BFFEFFBFDF16
:10E5800038B50B6905460C4613B90025284638BD39
:10E5900018B1036A0BB9FFF7E9F9B4F90C30002B95
:10E5A000F3D0626ED00704D4990502D4A06DFFF7B2
:10E5B0004BFB28462146FFF75DFF636EDA070546F1
:10E5C000E4D4A3899B05E1D4A06DFFF73EFBDDE712
:10E5D0000EB403B5014603AB054853F8042B00689D
:10E5E000019300F091F802B05DF804EB03B07047BE
:10E5F00070000020884210B501EB020402D9844269
:10E60000234607D8431EA14208D011F8012B03F876
:10E61000012FF8E7024401468A4200D110BD13F8E9
:10E62000014D02F8014DF7E738B5064D00230446C9
:10E6300008462B6000F068FB431C02D12B6803B135
:10E64000236038BDE811012008B5062000F034FA37
:10E650000120F6F701FF2DE9F041804614460E46F1
:10E6600021B9BDE8F0411146FFF790BB2AB9FFF789
:10E6700019FB25462846BDE8F08100F039FA8442AE
:10E68000074602D8B4EB500F12D821464046FFF798
:10E690007DFB05460028EDD0BC422246314628BF0E
:10E6A0003A46FFF7D3FA31464046FFF7FBFAE1E777
:10E6B0003546DFE79368013B002B10B4936008DA1E
:10E6C0009469A34201DB0A2903D15DF8044B00F0F1
:10E6D00035B91368581C1060197008465DF8044B72
:10E6E0007047F8B506460F461446D518AC4201D11E
:10E6F000002007E014F8011B3A463046FFF7DAFF26
:10E70000431CF3D1F8BD00002DE9F04F0D469DB03C
:10E7100014469846064618B1036A0BB9FFF726F966
:10E720006B6ED90705D4AB899A0502D4A86DFFF7A3
:10E730008BFAAB891B0701D52B699BB9294630465B
:10E7400000F03AF970B16B6EDC0704D54FF0FF3082
:10E750001DB0BDE8F08FAB899805F7D4A86DFFF721
:10E7600074FAF3E70023099320238DF82930CDF8BC
:10E770000C803023DFF8B0818DF82A304FF001098A
:10E7800023469A4613F8012B0AB1252AF9D1BAEB90
:10E79000040B0BD05B46224629463046FFF7A1FF0B
:10E7A000013000F0A980099A5A4409929AF8003081
:10E7B000002B00F0A18000234FF0FF32CDE90523AC
:10E7C0000AF1010A049307938DF853301A935446C3
:10E7D000052214F8011B5448F1F71AFD049AD8B920
:10E7E000D10644BF20238DF85330130744BF2B2399
:10E7F0008DF853309AF800302A2B15D0079A5446DA
:10E8000000204FF00A0C214611F8013B303B092B48
:10E810004DD9B0B1079214E0A0EB080309FA03F355
:10E8200013430493A246D2E7039B191D1B6803916F
:10E83000002BBBBF5B4242F0020207930793B8BFB5
:10E84000049223782E2B0CD163782A2B34D1039B8E
:10E850001A1D1B680392002BB8BF4FF0FF33023420
:10E860000593DFF8D4A0217803225046F1F7D0FCBD
:10E8700038B1049BA0EB0A004022824013430134CC
:10E88000049314F8011B29488DF828100622F1F78B
:10E89000BFFC00283FD0264B1BBB039B073323F054
:10E8A000070308330393099B3B44099368E70CFB78
:10E8B00002320C460120A6E70023013405931946D5
:10E8C0004FF00A0C204610F8012B303A092A03D9E0
:10E8D000002BC6D00591C4E70CFB0121044601239F
:10E8E000F0E703AB00932A46124B04A93046AFF37E
:10E8F00000800746781CD6D16B6ED90705D4AB894A
:10E900009A0502D4A86DFFF7A0F9AB895B063FF525
:10E910001DAF09981CE703AB00932A46054B04A9D9
:10E920003046FFF785FCE4E716F1000820F1000807
:10E9300000000000E3E600081CF10008F8B50E46F0
:10E940001446054618B1036A0BB9FFF70FF8A3691F
:10E95000A360A3891A0725D523691BB323682269FD
:10E96000981A6369F6B28342374604DC214628468A
:10E97000FFF706FEE0B9A368013BA36023685A1CB9
:10E9800022601E706269431C9A4204D0A389DB078F
:10E9900006D50A2E04D121462846FFF7F1FD38B9E5
:10E9A0003846F8BD2146284600F006F80028D5D0A4
:10E9B0004FF0FF37F4E7000038B52A4B05461868DA
:10E9C0000C4618B1036A0BB9FEF7D0FFA389B4F95E
:10E9D0000C20180722D4D90607D409232B6042F053
:10E9E0004003A3814FF0FF3034E0580712D5616B2C
:10E9F00041B104F14403994202D02846FFF752F98D
:10EA000000236363A38923F02403A38100236360AD
:10EA100023692360A38943F00803A38123694BB9C9
:10EA2000A38903F42073B3F5007F03D02146284661
:10EA300000F08CF8A089B4F90C2010F001030AD082
:10EA40000023A36063695B42A361236943B910F0AB
:10EA50008000C4D138BD810758BF6369A360F4E763
:10EA60000020F7E7700000201F2938B504460D4646
:10EA700004D9162303604FF0FF3038BDC26B12B1CA
:10EA800052F821304BB9204600F030F82A460146B2
:10EA90002046BDE8384000F017B8012B0AD0591CB9
:10EAA00003D1162303600120E7E7002442F8254044
:10EAB000284698470020E0E7024B01461868FFF718
:10EAC000D3BF00BF7000002038B5074D00230446B7
:10EAD000084611462B60F6F7AFFC431C02D12B68A9
:10EAE00003B1236038BD00BFE8110120F6F79CBCDC
:10EAF00051F8043C181F002BBCBF0B58C0187047BE
:10EB000070B50C46B1F90E10002996B015461E4698
:10EB10000DDAA38913F0800F4FF000010CBF4FF402
:10EB200080634023002031602B6016B070BD6A46C0
:10EB300000F048F80028ECDB019901F47041A1F5E0
:10EB40000053594259414FF48063EBE78B8973B509
:10EB50009D0706460C4607D504F147032360236151
:10EB60000123636102B070BD01AB6A46FFF7C8FFC5
:10EB7000009905463046FFF709F948B9B4F90C3059
:10EB80009A05EFD423F0030343F00203A381E3E7E4
:10EB9000A389206043F08003A381009B6361019BF4
:10EBA00020615BB1B4F90E10304600F01DF828B1B9
:10EBB000A38923F0030343F00103A381A3891D4329
:10EBC000A581CFE738B5074D002304460846114616
:10EBD0002B60F6F790FC431C02D12B6803B1236035
:10EBE00038BD00BFE811012038B5064D00230446AA
:10EBF00008462B60F6F78FFC431C02D12B6803B14B
:10EC0000236038BDE811012051EC100BC1F30A5309
:10EC10002DE9F041A3F2FF36132E10EE105A10EE3C
:10EC2000108A0C4631DC002E14DA33A3D3E900231A
:10EC3000F1F744FB00220023F1F786FF38B1002CE6
:10EC400053DA24F00044254352D02D4C00252146B0
:10EC5000284624E02B4F374101EA070303431ED027
:10EC600025A3D3E90023F1F729FB00220023F1F7C4
:10EC70006BFF0028EBD0002CBEBF4FF48013334154
:10EC8000E41824EA07040025E1E7332E0BDDB6F58E
:10EC9000806F04D110EE102A0B46F1F70FFB41EC08
:10ECA000100BBDE8F081A3F213434FF0FF37DF40B4
:10ECB0003842F4D010A3D3E90023F1F7FFFA002281
:10ECC0000023F1F741FF0028C1D0002C0ADA142EEE
:10ECD00001D1013406E0C6F134060123B3401D44DE
:10ECE000A845F6D825EA0705B1E700252C46AEE78A
:10ECF0004FF00044ABE700BF9C7500883CE4377ED2
:10ED00000000F0BFFFFF0F00044A1168034609B975
:10ED1000034911601068034413607047F811012023
:10ED200000120120F8B500BFF8BC08BC9E46704731
:0CED3000F8B500BFF8BC08BC9E46704758
:10ED3C002E00000025642E25640000000000000059
:10ED4C00000000000102030406070809000000008F
:10ED5C000102030400061016000610160000211014
:10ED6C00422063308440A550C660E7700881299129
:10ED7C004AA16BB18CC1ADD1CEE1EFF131121002D1
:10ED8C0073325222B5529442F772D6623993188379
:10ED9C007BB35AA3BDD39CC3FFF3DEE3622443349D
:10EDAC0020040114E664C774A44485546AA54BB5C9
:10EDBC0028850995EEE5CFF5ACC58DD55336722671
:10EDCC0011163006D776F6669556B4465BB77AA719
:10EDDC0019973887DFF7FEE79DD7BCC7C448E558BD
:10EDEC008668A7784008611802282338CCC9EDD969
:10EDFC008EE9AFF9488969990AA92BB9F55AD44A11
:10EE0C00B77A966A711A500A333A122AFDDBDCCBB8
:10EE1C00BFFB9EEB799B588B3BBB1AABA66C877CDC
:10EE2C00E44CC55C222C033C600C411CAEED8FFD08
:10EE3C00ECCDCDDD2AAD0BBD688D499D977EB66EB0
:10EE4C00D55EF44E133E322E511E700E9FFFBEEF58
:10EE5C00DDDFFCCF1BBF3AAF599F788F8891A9811A
:10EE6C00CAB1EBA10CD12DC14EF16FE18010A10004
:10EE7C00C230E3200450254046706760B9839893F4
:10EE8C00FBA3DAB33DC31CD37FE35EF3B102901254
:10EE9C00F322D2323542145277625672EAB5CBA5C0
:10EEAC00A89589856EF54FE52CD50DC5E234C324A4
:10EEBC00A01481046674476424540544DBA7FAB794
:10EECC009987B8975FE77EF71DC73CD7D326F236F4
:10EEDC009106B01657667676154634564CD96DC9E0
:10EEEC000EF92FE9C899E9898AB9ABA94458654844
:10EEFC0006782768C018E1088238A3287DCB5CDB34
:10EF0C003FEB1EFBF98BD89BBBAB9ABB754A545A93
:10EF1C00376A167AF10AD01AB32A923A2EFD0FEDFF
:10EF2C006CDD4DCDAABD8BADE89DC98D267C076CE3
:10EF3C00645C454CA23C832CE01CC10C1FEF3EFFD3
:10EF4C005DCF7CDF9BAFBABFD98FF89F176E367E33
:10EF5C00554E745E932EB23ED10EF01E0020202032
:10EF6C00202020202020282828282820202020206D
:10EF7C00202020202020202020202020208810103D
:10EF8C001010101010101010101010101004040499
:10EF9C000404040404040410101010101010414157
:10EFAC004141414101010101010101010101010145
:10EFBC000101010101010101101010101010424259
:10EFCC004242424202020202020202020202020215
:10EFDC0002020202020202021010101020000000B5
:10EFEC000000000000000000000000000000000015
:10EFFC000000000000000000000000000000000005
:10F00C0000000000000000000000000000000000F4
:10F01C0000000000000000000000000000000000E4
:10F02C0000000000000000000000000000000000D4
:10F03C0000000000000000000000000000000000C4
:10F04C0000000000000000000000000000000000B4
:10F05C0000000000000000000000000000524545C8
:10F06C004E54206D616C6C6F6320737563636565C2
:10F07C00646564002F6275696C642F676E752D74FE
:10F08C006F6F6C732D666F722D73746D33325F31CD
:10F09C00312E332E72656C312E32303233303531A5
:10F0AC00392D313934312F7372632F6E65776C695A
:10F0BC00622F6E65776C69622F6C6962632F737453
:10F0CC0072696E672F737472746F6B2E63002C20D1
:10F0DC0066756E6374696F6E3A2000617373657246
:10F0EC0074696F6E2022257322206661696C6564D9
:10F0FC003A2066696C6520222573222C206C696E7F
:10F10C0065202564257325730A00232D302B2000E0
:10F11C00686C4C00656667454647003031323334C5
:10F12C003536373839414243444546003031323365
:10F13C003435363738396162636465660000000027
:08F14C003C1BFF7F01000000E5
:04F15400F5010008B9
:04F15800D1010008D9
:10F15C000024F4001000000001010000E338DE413F
:10F16C000101010101020102000000000300000086
:10F17C00AC10012000000000AC1001201411012083
:10F18C007C110120000000000000000000000000C5
:10F19C000000000000000000000000000000000063
:10F1AC000000000000000000000000000000000053
:10F1BC000000000000000000000000000000000043
:04F1CC0024000020FB
:040000050800557525
:00000001FF
