:020000040800F2
:1000000000000220911C0008911B00089F1B0008A3
:10001000A51B0008AB1B0008B11B00080000000076
:10002000000000000000000000000000B71B0008F6
:10003000C51B000800000000D31B0008E11B0008DE
:10004000E11C0008E11C0008E11C0008E11C00089C
:10005000E11C0008E11C0008E11C0008E11C00088C
:10006000E11C0008E11C0008E11C0008ED1B000871
:10007000E11C0008E11C0008E11C0008011C00084C
:10008000E11C0008E11C0008E11C0008151C000828
:10009000291C0008E11C0008E11C0008E11C000804
:1000A000E11C0008E11C0008E11C0008E11C00083C
:1000B000E11C0008E11C0008E11C0008E11C00082C
:1000C000E11C0008E11C0008E11C0008E11C00081C
:1000D000E11C00083D1C0008511C0008E11C000840
:1000E000E11C0008E11C0008E11C0008E11C0008FC
:1000F000E11C0008E11C0008E11C0008E11C0008EC
:10010000E11C0008E11C0008E11C0008E11C0008DB
:10011000E11C0008E11C0008E11C0008E11C0008CB
:10012000E11C0008E11C0008E11C0008E11C0008BB
:10013000E11C00080000000000000000E11C0008B5
:10014000E11C0008E11C0008E11C0008E11C00089B
:10015000E11C0008E11C0008E11C0008E11C00088B
:10016000E11C0008E11C0008E11C0008E11C00087B
:10017000E11C0008E11C0008E11C00080000000070
:1001800000000000E11C000800000000000000006A
:10019000E11C00080000000000000000E11C000855
:1001A000000000000000000000000000E11C00084A
:1001B000E11C0008E11C0008E11C0008E11C00082B
:0401C000E11C000836
:1001C80010B5054C237833B9044B13B10448AFF389
:1001D80000800123237010BD1800002000000000DB
:1001E800E8D5000808B5034B1BB103490348AFF332
:1001F800008008BD000000001C000020E8D50008B1
:1002080081F0004102E000BF83F0004330B54FEABF
:1002180041044FEA430594EA050F08BF90EA020F2C
:100228001FBF54EA000C55EA020C7FEA645C7FEABF
:10023800655C00F0E2804FEA5454D4EB5555B8BFE2
:100248006D420CDD2C4480EA020281EA030382EA53
:10025800000083EA010180EA020281EA0303362DE5
:1002680088BF30BD11F0004F4FEA01314FF4801CB8
:100278004CEA113102D0404261EB410113F0004FCA
:100288004FEA03334CEA133302D0524263EB430381
:1002980094EA050F00F0A780A4F10104D5F1200E1F
:1002A8000DDB02FA0EFC22FA05F2801841F100017A
:1002B80003FA0EF2801843FA05F359410EE0A5F14E
:1002C80020050EF1200E012A03FA0EFC28BF4CF07F
:1002D800020C43FA05F3C01851EBE37101F0004535
:1002E80007D54FF0000EDCF1000C7EEB00006EEB42
:1002F8000101B1F5801F1BD3B1F5001F0CD34908CC
:100308005FEA30004FEA3C0C04F101044FEA445222
:1003180012F5800F80F09A80BCF1004F08BF5FEAA9
:10032800500C50F1000041EB045141EA050130BD89
:100338005FEA4C0C404141EB0101013C28BFB1F59B
:10034800801FE9D291F0000F04BF01460020B1FAE6
:1003580081F308BF2033A3F10B03B3F120020CDAB9
:100368000C3208DD02F1140CC2F10C0201FA0CF097
:1003780021FA02F10CE002F11402D8BFC2F1200CFC
:1003880001FA02F120FA0CFCDCBF41EA0C019040B2
:10039800E41AA2BF01EB0451294330BD6FEA0404FB
:1003A8001F3C1CDA0C340EDC04F11404C4F12002E6
:1003B80020FA04F001FA02F340EA030021FA04F3F8
:1003C80045EA030130BDC4F10C04C4F1200220FA4F
:1003D80002F001FA04F340EA0300294630BD21FA8D
:1003E80004F0294630BD94F0000F83F4801306BF53
:1003F80081F480110134013D4EE77FEA645C18BF47
:100408007FEA655C29D094EA050F08BF90EA020FDD
:1004180005D054EA000C04BF1946104630BD91EAD5
:10042800030F1EBF0021002030BD5FEA545C05D1D8
:100438004000494128BF41F0004130BD14F5800417
:100448003CBF01F5801130BD01F0004545F0FE418B
:1004580041F470014FF0000030BD7FEA645C1ABFC0
:10046800194610467FEA655C1CBF0B46024650EAF7
:10047800013406BF52EA033591EA030F41F4002123
:1004880030BD00BF90F0000F04BF0021704730B5A9
:100498004FF4806404F132044FF000054FF000017E
:1004A80050E700BF90F0000F04BF0021704730B53F
:1004B8004FF4806404F1320410F0004548BF404214
:1004C8004FF000013EE700BF42004FEAE2014FEA69
:1004D80031014FEA02701FBF12F07F4393F07F4F44
:1004E80081F06051704732F07F4208BF704793F047
:1004F8007F4F04BF41F40021704730B54FF460745A
:1005080001F0004521F000411CE700BF50EA01025C
:1005180008BF704730B54FF000050AE050EA010205
:1005280008BF704730B511F0004502D5404261EB75
:1005380041014FF4806404F132045FEA915C3FF4B6
:10054800D8AE4FF003025FEADC0C18BF03325FEA53
:10055800DC0C18BF033202EBDC02C2F1200300FA04
:1005680003FC20FA02F001FA03FE40EA0E0021FA29
:1005780002F11444BDE600BF70B54FF0FF0C4CF417
:10058800E06C1CEA11541DBF1CEA135594EA0C0FC9
:1005980095EA0C0F00F0DEF82C4481EA030621EA04
:1005A8004C5123EA4C5350EA013518BF52EA03353F
:1005B80041F4801143F4801338D0A0FB02CE4FF0F1
:1005C8000005E1FB02E506F00042E0FB03E54FF021
:1005D8000006E1FB03569CF0000F18BF4EF0010E19
:1005E800A4F1FF04B6F5007F64F5407404D25FEA15
:1005F8004E0E6D4146EB060642EAC62141EA5551C8
:100608004FEAC52040EA5E504FEACE2EB4F1FD0C09
:1006180088BFBCF5E06F1ED8BEF1004F08BF5FEA87
:10062800500E50F1000041EB045170BD06F0004639
:1006380046EA010140EA020081EA0301B4EB5C04E6
:10064800C2BFD4EB0C0541EA045170BD41F48011DE
:100658004FF0000E013C00F3AB8014F1360FDEBF03
:10066800002001F0004170BDC4F10004203C35DADF
:100678000C341BDC04F11404C4F1200500FA05F362
:1006880020FA04F001FA05F240EA020001F0004203
:1006980021F0004110EBD37021FA04F642EB060179
:1006A8005EEA430E08BF20EAD37070BDC4F10C04A3
:1006B800C4F1200500FA04F320FA05F001FA04F267
:1006C80040EA020001F0004110EBD37041F1000153
:1006D8005EEA430E08BF20EAD37070BDC4F120055E
:1006E80000FA05F24EEA020E20FA04F301FA05F2C6
:1006F80043EA020321FA04F001F0004121FA04F26E
:1007080020EA020000EBD3705EEA430E08BF20EA3D
:10071800D37070BD94F0000F0FD101F00046400077
:1007280041EB010111F4801F08BF013CF7D041EAF9
:10073800060195F0000F18BF704703F000465200FD
:1007480043EB030313F4801F08BF013DF7D043EACE
:100758000603704794EA0C0F0CEA135518BF95EA84
:100768000C0F0CD050EA410618BF52EA4306D1D10B
:1007780081EA030101F000414FF0000070BD50EA2A
:10078800410606BF1046194652EA430619D094EAB4
:100798000C0F02D150EA013613D195EA0C0F05D19E
:1007A80052EA03361CBF104619460AD181EA0301F2
:1007B80001F0004141F0FE4141F470014FF00000AA
:1007C80070BD41F0FE4141F4780170BD70B54FF045
:1007D800FF0C4CF4E06C1CEA11541DBF1CEA1355C5
:1007E80094EA0C0F95EA0C0F00F0A7F8A4EB0504A7
:1007F80081EA030E52EA03354FEA013100F088809E
:100808004FEA03334FF0805545EA131343EA126366
:100818004FEA022245EA111545EA10654FEA00261B
:100828000EF000419D4208BF964244F1FD0404F5D4
:10083800407402D25B084FEA3202B61A65EB030530
:100848005B084FEA32024FF480104FF4002CB6EBED
:10085800020E75EB030E22BFB61A754640EA0C006D
:100868005B084FEA3202B6EB020E75EB030E22BFAD
:10087800B61A754640EA5C005B084FEA3202B6EBEE
:10088800020E75EB030E22BFB61A754640EA9C00AD
:100898005B084FEA3202B6EB020E75EB030E22BF7D
:1008A800B61A754640EADC0055EA060E18D04FEA3B
:1008B800051545EA16754FEA06164FEAC30343EADB
:1008C80052734FEAC2025FEA1C1CC0D111F4801FA8
:1008D8000BD141EA00014FF000004FF0004CB6E7A1
:1008E80011F4801F04BF01430020B4F1FD0C88BF40
:1008F800BCF5E06F3FF6AFAEB5EB030C04BFB6EB4B
:10090800020C5FEA500C50F1000041EB045170BD3D
:100918000EF0004E4EEA113114EB5C04C2BFD4EB6A
:100928000C0541EA045170BD41F480114FF0000EEE
:10093800013C90E645EA060E8DE60CEA135594EA6A
:100948000C0F08BF95EA0C0F3FF43BAF94EA0C0F6D
:100958000AD150EA01347FF434AF95EA0C0F7FF4E2
:1009680025AF104619462CE795EA0C0F06D152EA36
:1009780003353FF4FDAE1046194622E750EA41061A
:1009880018BF52EA43067FF4C5AE50EA41047FF42B
:100998000DAF52EA43057FF4EBAE12E74FF0FF3C90
:1009A80006E000BF4FF0010C02E000BF4FF0010C61
:1009B8004DF804CD4FEA410C7FEA6C5C4FEA430CDA
:1009C80018BF7FEA6C5C1BD001B050EA410C0CBF29
:1009D80052EA430C91EA030F02BF90EA020F00208B
:1009E800704710F1000F91EA030F58BF994208BFF2
:1009F80090422CBFD8176FEAE37040F001007047AF
:100A08004FEA410C7FEA6C5C02D150EA013C07D105
:100A18004FEA430C7FEA6C5CD6D152EA033CD3D050
:100A28005DF8040B704700BF8446104662468C464A
:100A38001946634600E000BF01B5FFF7B7FF00287D
:100A480048BF10F1000F01BD4DF808EDFFF7F4FFA6
:100A58000CBF012000205DF808FB00BF4DF808ED31
:100A6800FFF7EAFF34BF012000205DF808FB00BF54
:100A78004DF808EDFFF7E0FF94BF012000205DF876
:100A880008FB00BF4DF808EDFFF7CEFF94BF01202B
:100A980000205DF808FB00BF4DF808EDFFF7C4FF24
:100AA80034BF012000205DF808FB00BF4FEA410277
:100AB80012F5001215D211D56FF47873B3EB6252A8
:100AC80012D94FEAC12343F0004343EA505311F0CF
:100AD800004F23FA02F018BF404270474FF0000061
:100AE800704750EA013005D111F0004008BF6FF09F
:100AF800004070474FF00000704700BF4A0011D215
:100B080012F5001211D20DD56FF47873B3EB62525F
:100B18000ED44FEAC12343F0004343EA505323FA6B
:100B280002F070474FF00000704750EA013002D1E0
:100B38004FF0FF3070474FF00000704753B94AB983
:100B4800002908BF00281CBF4FF0FF314FF0FF30CD
:100B580000F074B9ADF1080C6DE904CE00F006F8A8
:100B6800DDF804E0DDE9022304B070472DE9F04721
:100B7800089D04468E46002B4DD18A42944669D979
:100B8800B2FA82F252B101FA02F3C2F1200120FA5C
:100B980001F10CFA02FC41EA030E94404FEA1C48AA
:100BA800210CBEFBF8F61FFA8CF708FB16E341EAA6
:100BB800034306FB07F199420AD91CEB030306F12C
:100BC800FF3080F01F81994240F21C81023E63444D
:100BD8005B1AA4B2B3FBF8F008FB103344EA0344F1
:100BE80000FB07F7A7420AD91CEB040400F1FF3306
:100BF80080F00A81A74240F207816444023840EA43
:100C08000640E41B00261DB1D4400023C5E900437B
:100C18003146BDE8F0878B4209D9002D00F0EF80FE
:100C28000026C5E9000130463146BDE8F087B3FA31
:100C380083F6002E4AD18B4202D3824200F2F98019
:100C4800841A61EB030301209E46002DE0D0C5E91C
:100C5800004EDDE702B9FFDEB2FA82F2002A40F068
:100C68009280A1EB0C014FEA1C471FFA8CFE01266B
:100C7800200CB1FBF7F307FB131140EA01410EFB0F
:100C880003F0884208D91CEB010103F1FF3802D2B6
:100C9800884200F2CB804346091AA4B2B1FBF7F0B0
:100CA80007FB101144EA01440EFB00FEA64508D9D3
:100CB8001CEB040400F1FF3102D2A64500F2BB8010
:100CC8000846A4EB0E0440EA03409CE7C6F120075F
:100CD800B34022FA07FC4CEA030C20FA07F401FAA5
:100CE80006F31C43F9404FEA1C4900FA06F3B1FB2E
:100CF800F9F8200C1FFA8CFE09FB181140EA014193
:100D080008FB0EF0884202FA06F20BD91CEB01012F
:100D180008F1FF3A80F08880884240F28580A8F187
:100D280002086144091AA4B2B1FBF9F009FB1011D9
:100D380044EA014100FB0EFE8E4508D91CEB010177
:100D480000F1FF346CD28E456AD90238614440EA1A
:100D58000840A0FB0294A1EB0E01A142C846A6469A
:100D680056D353D05DB1B3EB080261EB0E0101FA23
:100D780007F722FA06F3F1401F43C5E90071002680
:100D88003146BDE8F087C2F12003D8400CFA02FCD6
:100D980021FA03F3914001434FEA1C471FFA8CFEE6
:100DA800B3FBF7F007FB10360B0C43EA064300FBD6
:100DB8000EF69E4204FA02F408D91CEB030300F174
:100DC800FF382FD29E422DD9023863449B1B89B22B
:100DD800B3FBF7F607FB163341EA034106FB0EF3B4
:100DE8008B4208D91CEB010106F1FF3816D28B4261
:100DF80014D9023E6144C91A46EA004638E72E462D
:100E0800284605E70646E3E61846F8E64B45A9D224
:100E1800B9EB020864EB0C0E0138A3E74646EAE793
:100E2800204694E74046D1E7D0467BE7023B614441
:100E380032E7304609E76444023842E7704700BFAA
:100E480080B400AF054B5B69044A83F400435361E7
:100E580000BFBD465DF8047B704700BF0004024038
:100E680080B500AF034805F0A7FD034805F0A4FDD1
:100E780000BF80BDB0240020A824002080B500AFAA
:100E88004FF4FA720549064809F0D3FB6422054974
:100E9800054809F0CEFB00BF80BD00BF340000202C
:100EA800490E000838000020690E000880B500AF20
:100EB80000F080F800F01AF800F0DAF800F0AEF868
:100EC80000F086F800F03EF800F054F805F0BEFC9B
:100ED80003461A46034B1A70034805F0BFFD00BFCE
:100EE80080BD00BF90020020850E000880B500AFCD
:100EF80002220021002005F067FC01224FF48071D6
:100F08000E4805F0FFFB01224FF400710C4805F074
:100F1800F9FB01224FF48071094805F0F3FB012227
:100F28008021074805F0EEFB01224021044805F026
:100F3800E9FB05F0A3FC00BF80BD00BF0000024034
:100F48000008024080B500AF0749084809F0B6FB21
:100F5800064809F0C5FB054806F04EFC044805F0B4
:100F68007DFD00BF80BD00BF4C020020E82C0020A2
:100F7800F177000880B500AF0A490B4809F09EFBDD
:100F88004FF400420949084809F0C0FB064809F037
:100F9800A7FB054809F0D8F8054805F05FFD00BF34
:100FA80080BD00BF08020020BC24002000000240D1
:100FB80039A4000880B500AF01220349034805F0B1
:100FC80069FD00BF80BD00BF8C3B00205435002068
:100FD80080B582B002AF0A4B019300230093094BFE
:100FE80000220949094807F02BF9094A0949074825
:100FF80007F07AF9084805F031FD00BFBD4680BD0D
:1010080070000020B8000020000100208C3B002068
:1010180024350020143500201583000880B584B0DD
:1010280004AF0123029300230193202300930C4B68
:10103800002200210B4809F001FA01230293012341
:10104800019310230093064B01220021064809F062
:10105800F5F9064805F002FD00BFBD4680BD00BF9A
:10106800000802401435002024350020E9A40008B7
:1010780080B500AF044805F055FC0349034805F066
:1010880089FC00BF80BD00BF3C0000209402002006
:1010980080B582B000AF0023FB7000F01FFE00F0A7
:1010A8005FF800F099FA00F06FFA00F0CDF800F060
:1010B80067F900F0BDF900F03DFA00F015F900F00D
:1010C8000FFA00F0F7F8234802F02DFC01224FF444
:1010D800804121480AF09CFB01224FF400511E4830
:1010E8000AF090FEFFF7E2FE05F0B0FB034601218F
:1010F80018460AF05FFB19480AF026FB05F0FEFEC9
:1011080005F0E8F9786809F074FA0346B3F5FA7F50
:1011180016D3FB78002B04D106F022F90123FB70CB
:101128000BE0FB78012B04D106F0F4F90223FB70E5
:1011380003E006F09FF90023FB7009F073FA78606A
:1011480005F06CFC0AF0AAFD0BF04CF8014802F01F
:10115800EAFBD7E764000020000402403C000020BE
:1011680080B594B000AF07F11C0334220021184663
:101178000CF0AEF907F1080300221A605A609A6071
:10118800DA601A6100237B602D4B1B6C2C4A43F0FC
:10119800805313642A4B1B6C03F080537B607B687D
:1011A80000233B60274B1B68264A43F440431360E7
:1011B800244B1B6803F440433B603B680923FB61F5
:1011C8004FF480333B6201233B6302237B634FF47C
:1011D8008003BB630423FB63B4233B6402237B6467
:1011E8000223BB640223FB6407F11C03184602F0C8
:1011F80045FF0346002B01D000F08EFA02F0A4FB55
:101208000346002B01D000F087FA0F23BB600223AE
:10121800FB6000233B614FF4A0537B614FF4805384
:10122800BB6107F108030521184602F0DDFB034600
:10123800002B01D000F070FA00BF5037BD4680BDCA
:10124800003802400070004080B500AF174B184AC4
:101258001A60164B05225A60144B00229A60134BF1
:101268000022DA60114B4FF480221A610F4B4FF4C1
:1012780000125A610D4B00221A760C4B01225A7645
:101288000A4B00229A76094B0022DA76074B002295
:101298001A77064B00225A77044800F091FD03465E
:1012A800002B01D000F038FA00BF80BD3C000020C0
:1012B8000064004080B500AF094B0A4A1A60084B29
:1012C80000225A60064B40F6FF729A60044802F00A
:1012D800E8FA0346002B01D000F01EFA00BF80BDDB
:1012E800640000200030004080B586B000AF07F1F0
:1012F800080300221A605A609A60DA603B460022AE
:101308001A605A601D4B4FF080421A601B4B002236
:101318005A601A4B00229A60184B0022DA60174B69
:1013280000221A61154B00229A61144803F044F90F
:101338000346002B01D000F0EFF94FF48053BB6057
:1013480007F1080319460D4803F01CFD0346002B5E
:1013580001D000F0E1F900233B6000237B603B46AD
:101368001946064804F0C8F90346002B01D000F0DE
:10137800D3F900BF1837BD4680BD00BF70000020FC
:1013880080B58AB000AF07F1200300221A605A60C6
:101398003B1D00221A605A609A60DA601A615A612D
:1013A8009A61214B214A1A601F4B00225A601E4B3A
:1013B80000229A601C4BB322DA601B4B00221A6190
:1013C800194B00229A61184803F045F90346002B8F
:1013D80001D000F0A1F900233B6200237B6207F1F2
:1013E80020031946104804F087F90346002B01D062
:1013F80000F092F970237B600023BB600023FB6040
:1014080000237B613B1D00221946074803F0FCFBC3
:101418000346002B01D000F07FF9034800F0C8FA1A
:1014280000BF2837BD4680BDB8000020000400403A
:1014380080B58AB000AF07F1200300221A605A6015
:101448003B1D00221A605A609A60DA601A615A617C
:101458009A61214B214A1A601F4B00225A601E4B89
:1014680000229A601C4BB322DA601B4B00221A61DF
:10147800194B00229A61184803F0EDF80346002B37
:1014880001D000F049F900233B6200237B6207F199
:1014980020031946104804F02FF90346002B01D009
:1014A80000F03AF970237B600023BB600023FB60E7
:1014B80000237B613B1D00221946074803F0A4FB6B
:1014C8000346002B01D000F027F9034800F070FA1A
:1014D80000BF2837BD4680BD00010020000800403D
:1014E80080B500AF114B124A1A60104B4FF4E1322D
:1014F8005A600E4B00229A600C4B0022DA600B4BAC
:1015080000221A61094B0C225A61084B00229A6189
:10151800064B0022DA61054804F06AF90346002BFD
:1015280001D000F0F9F800BF80BD00BF080200201C
:101538000010014080B500AF114B124A1A60104BE1
:101548004FF416525A600E4B00229A600C4B002240
:10155800DA600B4B00221A61094B0C225A61084BC6
:1015680000229A61064B0022DA61054804F040F92E
:101578000346002B01D000F0CFF800BF80BD00BFAC
:101588004C0200200044004080B582B000AF002328
:101598007B60104B1B6B0F4A43F4001313630D4B16
:1015A8001B6B03F400137B607B68002200210B2077
:1015B80001F079FB0B2001F092FB002200210F20A3
:1015C80001F071FB0F2001F08AFB00BF0837BD4610
:1015D80080BD00BF0038024080B58AB000AF07F177
:1015E800140300221A605A609A60DA601A610023B4
:1015F8003B61454B1B6B444A43F080031363424BEA
:101608001B6B03F080033B613B690023FB603E4B8F
:101618001B6B3D4A43F0010313633B4B1B6B03F009
:101628000103FB60FB680023BB60374B1B6B364A2A
:1016380043F004031363344B1B6B03F00403BB60D8
:10164800BB6800237B60304B1B6B2F4A43F00203BF
:1016580013632D4B1B6B03F002037B607B68012235
:101668004FF46041294802F003F900224FF4004189
:10167800274802F0FDF84FF47C737B610023BB61BF
:101688000023FB6107F114031946224801F044FFC7
:1016980003237B610023BB610023FB6107F1140373
:1016A80019461A4801F038FF4FF460437B61012363
:1016B800BB610023FB6100233B6207F11403194659
:1016C800124801F029FF4FF480737B610023BB614E
:1016D8000023FB6107F1140319460D4801F01CFFB4
:1016E8004FF400437B610123BB610023FB610323AB
:1016F8003B6207F114031946054801F00DFF00BFCE
:101708002837BD4680BD00BF0038024000040240B3
:10171800000002400008024080B400AF00BFBD4690
:101728005DF8047B7047000080B483B000AF0023ED
:101738007B60104B5B6C0F4A43F4804353640D4B42
:101748005B6C03F480437B607B6800233B60094B40
:101758001B6C084A43F080531364064B1B6C03F060
:1017680080533B603B6800BF0C37BD465DF8047B87
:10177800704700BF0038024080B58AB000AF78607B
:1017880007F1140300221A605A609A60DA601A613D
:101798007B681B68214A93423CD100233B61204B64
:1017A8001B6C1F4A43F0007313641D4B1B6C03F042
:1017B80000733B613B690023FB60194B1B6B184AA4
:1017C80043F001031363164B1B6B03F00103FB602B
:1017D800FB684FF4C0537B610223BB610023FB61AC
:1017E80003233B6209237B6207F1140319460D4862
:1017F80001F092FE00220321132001F054FA132075
:1018080001F06DFA00220221142001F04CFA142094
:1018180001F065FA00BF2837BD4680BD006400406E
:10182800003802400000024080B485B000AF786004
:101838007B681B68B3F1804F0DD10023FB60094B17
:101848001B6C084A43F001031364064B1B6C03F03E
:101858000103FB60FB6800BF1437BD465DF8047BDD
:10186800704700BF0038024080B584B000AF786090
:101878007B681B68474A934244D10023FB60464B70
:101888001B6C454A43F002031364434B1B6C03F083
:101898000203FB60FB68414B414A1A603F4B4FF023
:1018A80020625A603D4B40229A603C4B0022DA602D
:1018B8003A4B4FF480621A61384B4FF400625A6118
:1018C800364B4FF400529A61344B0022DA61334BA5
:1018D80000221A62314B00225A62304801F01AFA8B
:1018E8000346002B01D0FFF717FF7B682B4A5A628B
:1018F8002A4A7B6893637B68284A9A63274A7B68ED
:10190800936342E07B681B68264A93423DD10023DB
:10191800BB60214B1B6C204A43F0040313641E4B2D
:101928001B6C03F00403BB60BB681F4B1F4A1A60A3
:101938001D4B4FF080625A601B4B40229A601A4B35
:101948000022DA60184B4FF480621A61164B4FF48C
:1019580000625A61144B4FF400529A61124B0022F4
:10196800DA61114B00221A620F4B00225A620E48AC
:1019780001F0D0F90346002B01D0FFF7CDFE7B68BC
:10198800094A5A62084A7B68936300BF1037BD460C
:1019980080BD00BF0004004000380240480100201C
:1019A8007060024000080040A8010020106002405A
:1019B80080B58AB000AF786007F1140300221A607E
:1019C8005A609A60DA601A617B681B68244A9342FD
:1019D8001ED100233B61234B1B6B224A43F00203B9
:1019E8001363204B1B6B03F002033B613B6910231D
:1019F8007B610223BB610223FB6100233B6202235C
:101A08007B6207F114031946174801F085FD22E0AF
:101A18007B681B68154A93421DD10023FB60114B5C
:101A28001B6B104A43F0020313630E4B1B6B03F04E
:101A38000203FB60FB6840237B610223BB61022336
:101A4800FB6100233B6202237B6207F11403194602
:101A5800054801F061FD00BF2837BD4680BD00BFC5
:101A68000004004000380240000402400008004022
:101A780080B58CB000AF786007F11C0300221A60B3
:101A88005A609A60DA601A617B681B683A4A934226
:101A980035D10023BB61394B5B6C384A43F01003E6
:101AA8005364364B5B6C03F01003BB61BB690023C6
:101AB8007B61324B1B6B314A43F0010313632F4B9D
:101AC8001B6B03F001037B617B694FF4C063FB610F
:101AD80002233B6200237B620323BB620723FB6272
:101AE80007F11C031946264801F016FD00220021C3
:101AF800252001F0D8F8252001F0F1F838E07B68BE
:101B08001B68204A934233D100233B611B4B1B6C5B
:101B18001A4A43F400331364184B1B6C03F4003364
:101B28003B613B690023FB60144B1B6B134A43F07A
:101B380001031363114B1B6B03F00103FB60FB688C
:101B48000C23FB6102233B6200237B620323BB62FD
:101B58000723FB6207F11C031946094801F0DCFC66
:101B680000220421262001F09EF8262001F0B7F873
:101B780000BF3037BD4680BD00100140003802402C
:101B8800000002400044004080B400AF00BFBD46E2
:101B98005DF8047B704780B400AFFEE780B400AF07
:101BA800FEE780B400AFFEE780B400AFFEE780B484
:101BB80000AF00BFBD465DF8047B704780B400AF3E
:101BC80000BFBD465DF8047B704780B400AF00BF1E
:101BD800BD465DF8047B704780B500AF00F0D0F8D3
:101BE80000BF80BD80B500AF024801F02BFA00BFEE
:101BF80080BD00BFA801002080B500AF024801F0F9
:101C080021FA00BF80BD00BF4801002080B500AFA9
:101C1800024800F03DFD00BF80BD00BF3C00002031
:101C280080B500AF024800F033FD00BF80BD00BFA3
:101C38003C00002080B500AF024803F09BFE00BFC7
:101C480080BD00BF0802002080B500AF024803F045
:101C580091FE00BF80BD00BF4C02002080B400AFE1
:101C6800084BD3F88830074A43F47003C2F8883029
:101C7800044B4FF000629A6000BFBD465DF8047BDC
:101C8800704700BF00ED00E0DFF834D0002103E02A
:101C98000C4B5B58435004310B480C4B42189A428A
:101CA800F6D30B4A02E0002342F8043B094B9A4260
:101CB800F9D3FFF7D3FF0BF0D9FBFFF7E9F970472A
:101CC8000000022030D80008000000201800002082
:101CD80018000020EC100120FEE7000080B500AFDE
:101CE8000E4B1B680D4A43F4007313600B4B1B68C3
:101CF8000A4A43F480631360084B1B68074A43F49D
:101D080080731360032000F0C3FF002000F008F880
:101D1800FFF70AFD0023184680BD00BF003C0240C3
:101D280080B582B000AF7860124B1A68124B1B78EE
:101D380019464FF47A73B3FBF1F3B2FBF3F3184689
:101D480000F0DBFF0346002B01D001230EE07B6887
:101D58000F2B0AD8002279684FF0FF3000F0A3FF5C
:101D6800064A7B681360002300E001231846083701
:101D7800BD4680BD000000200800002004000020AF
:101D880080B400AF064B1B781A46064B1B681344F9
:101D9800044A136000BFBD465DF8047B704700BF6E
:101DA80008000020C435002080B400AF034B1B6836
:101DB8001846BD465DF8047B704700BFC435002057
:101DC80080B584B000AF78607B68002B01D1012317
:101DD800EDE07B6893F82030DBB2002B02D1786805
:101DE800FFF7CAFC7B681B681A687B681B6822F0CF
:101DF80002021A60FFF7D8FFF86012E0FFF7D4FF7D
:101E08000246FB68D31A0A2B0BD97B685B6A43F43A
:101E180000327B685A627B68052283F82020012300
:101E2800C5E07B681B685B6803F00203002BE5D103
:101E38007B681B681A687B681B6842F001021A609D
:101E4800FFF7B2FFF86012E0FFF7AEFF0246FB684B
:101E5800D31A0A2B0BD97B685B6A43F400327B6880
:101E68005A627B68052283F8202001239FE07B6863
:101E78001B685B6803F00103002BE5D07B681B7EC1
:101E8800012B08D17B681B681A687B681B6842F0C5
:101E980080021A6007E07B681B681A687B681B6809
:101EA80022F080021A607B685B7E012B08D17B6878
:101EB8001B681A687B681B6842F040021A6007E0DA
:101EC8007B681B681A687B681B6822F040021A60EE
:101ED8007B689B7E012B08D17B681B681A687B682E
:101EE8001B6842F020021A6007E07B681B681A68CA
:101EF8007B681B6822F020021A607B68DB7E012B5E
:101F080008D17B681B681A687B681B6822F010027E
:101F18001A6007E07B681B681A687B681B6842F0D8
:101F280010021A607B681B7F012B08D17B681B6835
:101F38001A687B681B6842F008021A6007E07B6831
:101F48001B681A687B681B6822F008021A607B68A5
:101F58005B7F012B08D17B681B681A687B681B684C
:101F680042F004021A6007E07B681B681A687B6805
:101F78001B6822F004021A607B689A687B68DB6839
:101F88001A437B681B691A437B685B6942EA030151
:101F98007B685B685A1E7B681B680A43DA617B684A
:101FA80000225A627B68012283F820200023184609
:101FB8001037BD4680BD000080B487B000AF7860A0
:101FC80039607B681B687B617B6893F82030FB7401
:101FD800FB7C012B03D0FB7C022B40F0BE80654BC1
:101FE8007B617B69D3F8003243F001027B69C3F857
:101FF80000227B69D3F8003223F47C527B69C3F852
:1020080000227B69D3F800223B685B6A1B021A43F3
:102018007B69C3F800223B685B6903F01F03012258
:1020280002FA03F3FB607B69D3F81C22FB68DB43ED
:102038001A407B69C3F81C223B68DB69002B23D15B
:102048007B69D3F80C22FB68DB431A407B69C3F831
:102058000C223B68DB6819043B685B689BB23A68F2
:10206800526919437B69483243F832103B689B68D0
:1020780019043B681B689AB23B685B690A43796933
:102088004833DB000B445A603B68DB69012B22D1E3
:102098007B69D3F80C22FB681A437B69C3F80C22CE
:1020A8003B681B6819043B685B689BB23A685269D5
:1020B80019437B69483243F832103B689B6819041E
:1020C8003B68DB689AB23B685B690A4379694833C5
:1020D800DB000B445A603B689B69002B09D17B6984
:1020E800D3F80422FB68DB431A407B69C3F8042257
:1020F80007E07B69D3F80422FB681A437B69C3F8BD
:1021080004223B681B69002B09D17B69D3F8142290
:10211800FB68DB431A407B69C3F8142207E07B693C
:10212800D3F81422FB681A437B69C3F814223B686E
:102138001B6A012B07D17B69D3F81C22FB681A4361
:102148007B69C3F81C227B69D3F8003223F00102B3
:102158007B69C3F80022002306E07B685B6A43F4CE
:1021680080227B685A62012318461C37BD465DF8F9
:10217800047B70470064004080B584B000AF78608D
:102188007B6893F82030DBB2012B2ED17B680222CA
:1021980083F820207B681B681A687B681B6822F01C
:1021A80001021A60FFF700FEF86012E0FFF7FCFD7D
:1021B8000246FB68D31A0A2B0BD97B685B6A43F487
:1021C80000327B685A627B68052283F8202001234D
:1021D80012E07B681B685B6803F00103002BE5D104
:1021E8007B6800225A62002306E07B685B6A43F43E
:1021F80000227B685A62012318461037BD4680BD0D
:1022080080B489B000AFF860B9607A603B60FB6861
:1022180093F82030FB77FB681B689B68BB61FB7FEA
:10222800012B03D0FB7F022B40F0B880BB6903F081
:102238008063002B0AD1BB6903F00063002B05D132
:10224800BB6903F08053002B00F0A080BB691B0E14
:1022580003F003037B617B69022B07D9FB685B6A88
:1022680043F40002FB685A6201239EE001227B6965
:102278009A403B681A60BB689B68002B0DD1BB680D
:102288001B685A05BB68DB68F96809681A437B69EB
:1022980018331B010B441A600FE0BB685B68DA0057
:1022A800BB689B681A43BB68DB68F96809681A430E
:1022B8007B6918331B010B441A60FB681968BB68FB
:1022C8001A697B6918331B010B4404331A60BB6815
:1022D8001B7D012B11D1FB681A687B6918331B0120
:1022E800134404331B68FA68116843F480727B69ED
:1022F80018331B010B4404331A607B6807331B78BF
:102308001A067B6806331B781B041A437B6805335F
:102318001B781B0213437A68043212781046FA6855
:10232800116843EA00027B691B010B4403F5C6737D
:102338001A607B6803331B781A067B6802331B78A4
:102348001B041A437B6801331B781B0213437A680A
:1023580012781046FA68116843EA00027B691B018B
:102368000B4403F5C4731A60FB681A687B69183359
:102378001B0113441B68FA68116843F001027B696A
:1023880018331B010B441A6000230EE0FB685B6ADC
:1023980043F40012FB685A62012306E0FB685B6A9B
:1023A80043F48022FB685A62012318462437BD464D
:1023B8005DF8047B704780B485B000AF7860002377
:1023C800FB607B6893F82030FB72FB7A012B02D00C
:1023D800FB7A022B1DD17B681B689B6803F0806326
:1023E800002B02D0FB680133FB607B681B689B688D
:1023F80003F00063002B02D0FB680133FB607B68AD
:102408001B689B6803F08053002B02D0FB680133E4
:10241800FB60FB6818461437BD465DF8047B7047BF
:1024280080B487B000AFF860B9607A603B60FB6841
:1024380093F82030FB75FB7D012B03D0FB7D022B2D
:1024480040F0F380BB68002B0ED1FB681B68DB688B
:1024580003F00303002B16D1FB685B6A43F40012F8
:10246800FB685A620123E7E0FB681B681B6903F0FD
:102478000303002B07D1FB685B6A43F40012FB6877
:102488005A620123D8E0FB681A68BB681B331B013A
:1024980013441B6803F004027B689A607B689B689E
:1024A800002B0CD1FB681A68BB681B331B01134453
:1024B8001B685B0DC3F30A027B681A600BE0FB68BC
:1024C8001A68BB681B331B0113441B68DB0823F025
:1024D80060427B685A60FB681A68BB681B331B0143
:1024E80013441B6803F002027B68DA60FB681A6811
:1024F800BB681B331B01134404331B6803F00F0232
:102508007B681A61FB681A68BB681B331B0113449C
:1025180004331B681B0ADAB27B689A61FB681A6885
:10252800BB681B331B01134404331B681B0C9AB292
:102538007B685A61FB681A68BB681B01134403F582
:10254800DC731B68DAB23B681A70FB681A68BB68F0
:102558001B01134403F5DC731B681A0A3B6801333B
:10256800D2B21A70FB681A68BB681B01134403F5E2
:10257800DC731B681A0C3B680233D2B21A70FB6812
:102588001A68BB681B01134403F5DC731B681A0E39
:102598003B680333D2B21A70FB681A68BB681B0128
:1025A800134403F5DE731A683B680433D2B21A7019
:1025B800FB681A68BB681B01134403F5DE731B68CC
:1025C8001A0A3B680533D2B21A70FB681A68BB68EE
:1025D8001B01134403F5DE731B681A0C3B680633B2
:1025E800D2B21A70FB681A68BB681B01134403F562
:1025F800DE731B681A0E3B680733D2B21A70BB68C9
:10260800002B08D1FB681B68DA68FB681B6842F07E
:102618002002DA6007E0FB681B681A69FB681B6820
:1026280042F020021A61002306E0FB685B6A43F46B
:102638008022FB685A62012318461C37BD465DF8A4
:10264800047B704780B485B000AF786039607B68E0
:1026580093F82030FB73FB7B012B02D0FB7B022B12
:1026680009D17B681B6859697B681B683A680A430B
:102678005A61002306E07B685B6A43F480227B682A
:102688005A62012318461437BD465DF8047B70472B
:1026980080B58AB000AF786000237B627B681B68D6
:1026A8005B693B627B681B685B68FB617B681B68D6
:1026B8009B68BB617B681B68DB687B617B681B6808
:1026C8001B693B617B681B689B69FB603B6A03F085
:1026D8000103002B7CD0BB6903F00103002B23D03E
:1026E8007B681B6801229A60BB6903F00203002B18
:1026F80003D0786800F083F916E0BB6903F004039F
:10270800002B04D07B6A43F400637B620CE0BB6956
:1027180003F00803002B04D07B6A43F480537B62E8
:1027280002E0786800F089F9BB6903F48073002B34
:1027380024D07B681B684FF480729A60BB6903F4ED
:102748000073002B03D0786800F063F916E0BB69CA
:1027580003F48063002B04D07B6A43F400537B624C
:102768000CE0BB6903F40063002B04D07B6A43F4DC
:1027780080437B6202E0786800F069F9BB6903F482
:102788008033002B24D07B681B684FF480329A601A
:10279800BB6903F40033002B03D0786800F043F9D9
:1027A80016E0BB6903F48023002B04D07B6A43F452
:1027B80000437B620CE0BB6903F40023002B04D0C8
:1027C8007B6A43F480337B6202E0786800F049F961
:1027D8003B6A03F00803002B0CD07B6903F010035D
:1027E800002B07D07B6A43F400737B627B681B680D
:1027F8001022DA603B6A03F00403002B0BD07B69DC
:1028080003F00803002B06D07B681B680822DA60F7
:10281800786800F030F93B6A03F00203002B09D016
:102828007B681B68DB6803F00303002B02D0786821
:1028380009F0A0F93B6A03F04003002B0CD03B6978
:1028480003F01003002B07D07B6A43F480637B629C
:102858007B681B6810221A613B6A03F02003002B77
:102868000BD03B6903F00803002B06D07B681B687C
:1028780008221A61786800F012F93B6A03F0100325
:10288800002B09D07B681B681B6903F00303002B2E
:1028980002D0786800F0F9F83B6A03F40033002BA3
:1028A8000BD0FB6903F01003002B06D07B681B6874
:1028B80010225A60786800F0FCF83B6A03F4803311
:1028C800002B0BD0FB6903F00803002B06D07B68B4
:1028D8001B6808225A60786800F0F5F83B6A03F430
:1028E8000043002B7BD0FB6903F00403002B72D05C
:1028F8003B6A03F48073002B08D0FB6803F00103E4
:10290800002B03D07B6A43F001037B623B6A03F42C
:102918000073002B08D0FB6803F00203002B03D0E0
:102928007B6A43F002037B623B6A03F48063002BFB
:1029380008D0FB6803F00403002B03D07B6A43F044
:1029480004037B623B6A03F40063002B43D0FB68FB
:1029580003F07003002B3ED0FB6803F07003602B7C
:102968002BD0602B2ED8502B22D0502B2AD8402B7E
:1029780019D0402B26D8302B10D0302B22D8102B32
:1029880002D0202B05D01DE07B6A43F008037B6250
:1029980019E07B6A43F010037B6214E07B6A43F022
:1029A80020037B620FE07B6A43F040037B620AE00E
:1029B8007B6A43F080037B6205E07B6A43F48073A3
:1029C8007B6200E000BF7B681B689A697B681B68B4
:1029D80022F070029A617B681B6804225A607B6A45
:1029E800002B08D07B685A6A7B6A1A437B685A6254
:1029F800786800F072F800BF2837BD4680BD80B403
:102A080083B000AF786000BF0C37BD465DF8047B2B
:102A1800704780B483B000AF786000BF0C37BD4604
:102A28005DF8047B704780B483B000AF786000BF66
:102A38000C37BD465DF8047B704780B483B000AFA7
:102A4800786000BF0C37BD465DF8047B704780B4E2
:102A580083B000AF786000BF0C37BD465DF8047BDB
:102A6800704780B483B000AF786000BF0C37BD46B4
:102A78005DF8047B704780B483B000AF786000BF16
:102A88000C37BD465DF8047B704780B483B000AF57
:102A9800786000BF0C37BD465DF8047B704780B492
:102AA80083B000AF786000BF0C37BD465DF8047B8B
:102AB800704780B483B000AF786000BF0C37BD4664
:102AC8005DF8047B704780B483B000AF786000BFC6
:102AD8000C37BD465DF8047B704780B483B000AF07
:102AE800786000BF0C37BD465DF8047B7047000076
:102AF80080B485B000AF78607B6803F00703FB60A3
:102B08000C4BDB68BB60BA684FF6FF031340BB6031
:102B1800FB681A02BB68134343F0BF6343F40033F6
:102B2800BB60044ABB68D36000BF1437BD465DF87C
:102B3800047B704700ED00E080B400AF044BDB6815
:102B48001B0A03F007031846BD465DF8047B70476F
:102B580000ED00E080B483B000AF0346FB7197F945
:102B68000730002B0BDBFB7903F01F02074997F9AD
:102B780007305B09012000FA02F241F8232000BF68
:102B88000C37BD465DF8047B704700BF00E100E0EC
:102B980080B483B000AF03463960FB7197F9073002
:102BA800002B0ADB3B68DAB20C4997F907301201AF
:102BB800D2B20B4483F800230AE03B68DAB2084932
:102BC800FB7903F00F03043B1201D2B20B441A76CF
:102BD80000BF0C37BD465DF8047B704700E100E09C
:102BE80000ED00E080B489B000AFF860B9607A60A9
:102BF800FB6803F00703FB61FB69C3F10703042BC0
:102C080028BF0423BB61FB690433062B02D9FB6987
:102C1800033B00E000237B614FF0FF32BB6902FAFF
:102C280003F3DA43BB681A407B699A404FF0FF31DF
:102C38007B6901FA03F3D9437B680B4013431846B9
:102C48002437BD465DF8047B7047000080B582B02C
:102C580000AF78607B68013BB3F1807F01D301232B
:102C68000FE00A4A7B68013B53600F214FF0FF30A9
:102C7800FFF78EFF054B00229A60044B07221A606B
:102C8800002318460837BD4680BD00BF10E000E0AD
:102C980080B582B000AF78607868FFF729FF00BF81
:102CA8000837BD4680BD80B586B000AF0346B96021
:102CB8007A60FB7300237B61FFF73EFF78617A68D7
:102CC800B9687869FFF78EFF024697F90F30114609
:102CD8001846FFF75DFF00BF1837BD4680BD80B5B9
:102CE80082B000AF0346FB7197F907301846FFF72B
:102CF80031FF00BF0837BD4680BD80B582B000AF48
:102D080078607868FFF7A2FF034618460837BD4683
:102D180080BD000080B586B000AF786000237B617D
:102D2800FFF742F838617B68002B01D1012399E055
:102D38007B68002283F834207B68022283F83520E0
:102D48007B681B681A687B681B6822F001021A609E
:102D58000FE0FFF729F802463B69D31A052B08D97B
:102D68007B6820225A657B68032283F83520032379
:102D780078E07B681B681B6803F00103002BE8D12F
:102D88007B681B681B687B617A69384B13407B61E1
:102D98007B685A687B689B681A437B68DB681A43C0
:102DA8007B681B691A437B685B691A437B689B696C
:102DB8001A437B68DB691A437B681B6A13437A6989
:102DC80013437B617B685B6A042B07D17B68DA6AF3
:102DD8007B681B6B13437A6913437B617B681B68B1
:102DE8007A691A607B681B685B697B617B6923F081
:102DF80007037B617B685B6A7A6913437B617B6845
:102E08005B6A042B17D17B689B6A7A6913437B61E1
:102E18007B68DB6A002B0ED0786800F001FB034664
:102E2800002B08D07B6840225A657B68012283F812
:102E38003520012316E07B681B687A695A61786837
:102E480000F0B8FA0346FB607B68DB6D3F229A40CE
:102E5800FB689A607B6800225A657B68012283F8C8
:102E68003520002318461837BD4680BD3F8010F036
:102E780080B586B000AFF860B9607A603B60002327
:102E8800FB75FB689B6D3B61FB6893F83430012B45
:102E980001D1022340E0FB68012283F83420FB685B
:102EA80093F83530DBB2012B2FD1FB68022283F86F
:102EB8003520FB6800225A653B687A68B968F8686B
:102EC80000F04AFAFB68DB6D3F229A403B699A6042
:102ED800FB681B681A68FB681B6842F016021A60D8
:102EE800FB681B6C002B07D0FB681B681A68FB6823
:102EF8001B6842F008021A60FB681B681A68FB68C6
:102F08001B6842F001021A6005E0FB68002283F8A2
:102F180034200223FB75FB7D18461837BD4680BD5B
:102F280080B584B000AF78607B689B6DFB60FEF76E
:102F38003BFFB8607B6893F83530DBB2022B08D0D2
:102F48007B6880225A657B68002283F8342001233D
:102F580052E07B681B681A687B681B6822F01602BF
:102F68001A607B681B685A697B681B6822F08002BC
:102F78005A617B681B6C002B03D17B689B6C002B10
:102F880007D07B681B681A687B681B6822F00802F8
:102F98001A607B681B681A687B681B6822F001024C
:102FA8001A6013E0FEF700FF0246BB68D31A052B30
:102FB8000CD97B6820225A657B68002283F834206C
:102FC8007B68032283F83520032315E07B681B68A0
:102FD8001B6803F00103002BE4D17B68DB6D3F2203
:102FE8009A40FB689A607B68002283F834207B68EB
:102FF800012283F83520002318461037BD4680BDCE
:1030080080B483B000AF78607B6893F83530DBB26A
:10301800022B04D07B6880225A6501230CE07B6870
:10302800052283F835207B681B681A687B681B6853
:1030380022F001021A60002318460C37BD465DF8DD
:10304800047B704780B586B000AF78600023BB6012
:103058008E4B1B688E4AA2FB03239B0A7B617B680D
:103068009B6D3B613B691B68FB607B68DB6D0822DD
:103078009A40FB681340002B1AD07B681B681B68BA
:1030880003F00403002B13D07B681B681A687B6865
:103098001B6822F004021A607B68DB6D08229A40E4
:1030A8003B699A607B685B6D43F001027B685A65F7
:1030B8007B68DB6D01229A40FB681340002B12D01D
:1030C8007B681B685B6903F08003002B0BD07B686F
:1030D800DB6D01229A403B699A607B685B6D43F027
:1030E80002027B685A657B68DB6D04229A40FB68A4
:1030F8001340002B12D07B681B681B6803F0020387
:10310800002B0BD07B68DB6D04229A403B699A60E8
:103118007B685B6D43F004027B685A657B68DB6DF6
:1031280010229A40FB681340002B43D07B681B6831
:103138001B6803F00803002B3CD07B68DB6D102272
:103148009A403B699A607B681B681B6803F480237C
:10315800002B18D07B681B681B6803F40023002B26
:1031680008D17B681B6C002B24D07B681B6C7868AB
:1031780098471FE07B689B6C002B1BD07B689B6C7F
:103188007868984716E07B681B681B6803F48073AF
:10319800002B07D17B681B681A687B681B6822F0C4
:1031A80008021A607B681B6C002B03D07B681B6CC1
:1031B800786898477B68DB6D20229A40FB6813404B
:1031C800002B00F08F807B681B681B6803F01003DE
:1031D800002B00F087807B68DB6D20229A403B69DA
:1031E8009A607B6893F83530DBB2052B36D17B6863
:1031F8001B681A687B681B6822F016021A607B68D5
:103208001B685A697B681B6822F080025A617B68D8
:103218001B6C002B03D17B689B6C002B07D07B6851
:103228001B681A687B681B6822F008021A607B68B2
:10323800DB6D3F229A403B699A607B68002283F8E5
:1032480034207B68012283F835207B681B6D002BB6
:103258007ED07B681B6D7868984779E07B681B682F
:103268001B6803F48023002B1DD07B681B681B6838
:1032780003F40023002B0DD17B685B6C002B31D04D
:103288007B685B6C786898472CE000BF00000020E2
:10329800B5814E1B7B68DB6B002B23D07B68DB6B17
:1032A800786898471EE07B681B681B6803F4807386
:1032B800002B0FD17B681B681A687B681B6822F09B
:1032C80010021A607B68002283F834207B68012290
:1032D80083F835207B68DB6B002B03D07B68DB6BC6
:1032E800786898477B685B6D002B32D07B685B6D94
:1032F80003F00103002B22D07B68052283F83520D8
:103308007B681B681A687B681B6822F001021A60D8
:10331800BB680133BB607A699A4207D37B681B6834
:103328001B6803F00103002BF2D100E000BF7B68AB
:10333800002283F834207B68012283F835207B68DB
:10334800DB6C002B05D07B68DB6C7868984700E065
:1033580000BF1837BD4680BD80B485B000AFF860A7
:10336800B9607A603B60FB681B681A68FB681B6879
:1033780022F480221A60FB681B683A685A60FB686E
:103388009B68402B08D1FB681B687A689A60FB68C9
:103398001B68BA68DA6007E0FB681B68BA689A605D
:1033A800FB681B687A68DA6000BF1437BD465DF8B1
:1033B800047B704780B485B000AF78607B681B6879
:1033C800DBB2103B144AA2FB03231B09FB60134A20
:1033D800FB6813441B781A467B68DA65FB68032B85
:1033E80009D97B681B6823F47F7323F003031A1D34
:1033F8007B689A6507E07B681B6823F47F7323F07A
:1034080003037A6893657B689B6D18461437BD463D
:103418005DF8047B704700BFABAAAAAA18D60008BB
:1034280080B485B000AF78600023FB737B689B6A2B
:10343800BB607B689B69002B1FD1BB68032B56D8E8
:1034480001A252F823F000BF613400087334000869
:1034580061340008F73400087B68DB6A03F0807386
:10346800002B46D00123FB7343E07B68DB6AB3F192
:10347800C07F40D10123FB733DE07B689B69B3F5B6
:10348800005F21D1BB68032B37D801A252F823F083
:10349800A9340008AF340008A9340008C134000872
:1034A8000123FB7330E07B68DB6A03F08073002B39
:1034B80025D00123FB7322E07B68DB6AB3F1C07F70
:1034C8001FD10123FB731CE0BB68022B03D9BB6827
:1034D800032B03D018E00123FB7315E07B68DB6A3C
:1034E80003F08073002B0ED00123FB730BE000BFA9
:1034F8000AE000BF08E000BF06E000BF04E000BF2C
:1035080002E000BF00E000BFFB7B18461437BD4651
:103518005DF8047B704700BF80B489B000AF786065
:10352800396000237B6100233B610023BB610023DA
:10353800FB6165E10122FB6902FA03F37B613B68E9
:103548001B687A6913403B613A697B699A4240F08B
:1035580054813B685B6803F00303012B05D03B688B
:103568005B6803F00303022B30D17B689B68BB6167
:10357800FB695B00032202FA03F3DB43BA691340D9
:10358800BB613B68DA68FB695B0002FA03F3BA695E
:103598001343BB617B68BA699A607B685B68BB61EF
:1035A8000122FB6902FA03F3DB43BA691340BB61EA
:1035B8003B685B681B0903F00102FB6902FA03F32D
:1035C800BA691343BB617B68BA695A603B685B6838
:1035D80003F00303032B17D07B68DB68BB61FB692F
:1035E8005B00032202FA03F3DB43BA691340BB61B1
:1035F8003B689A68FB695B0002FA03F3BA691343F4
:10360800BB617B68BA69DA603B685B6803F00303F7
:10361800022B23D1FB69DA087B68083253F8223081
:10362800BB61FB6903F007039B000F2202FA03F357
:10363800DB43BA691340BB613B681A69FB6903F055
:1036480007039B0002FA03F3BA691343BB61FB69E2
:10365800DA087B680832B96943F822107B681B686E
:10366800BB61FB695B00032202FA03F3DB43BA691F
:103678001340BB613B685B6803F00302FB695B00B6
:1036880002FA03F3BA691343BB617B68BA691A602B
:103698003B685B6803F08053002B00F0AE8000238A
:1036A800FB605D4B5B6C5C4A43F4804353645A4B4C
:1036B8005B6C03F48043FB60FB68584AFB699B081A
:1036C800023352F82330BB61FB6903F003039B000C
:1036D8000F2202FA03F3DB43BA691340BB617B682C
:1036E8004F4A934225D07B684E4A93421FD07B684D
:1036F8004D4A934219D07B684C4A934213D07B6859
:103708004B4A93420DD07B684A4A934207D07B6864
:10371800494A934201D106230CE007230AE0052316
:1037280008E0042306E0032304E0022302E0012367
:1037380000E00023FA6902F0030292009340BA699C
:103748001343BB613549FB699B080233BA6941F8E9
:1037580023203A4B1B68BB613B69DB43BA691340C2
:10376800BB613B685B6803F48033002B03D0BA6904
:103778003B691343BB61314ABB6913602F4B5B68DC
:10378800BB613B69DB43BA691340BB613B685B685B
:1037980003F40033002B03D0BA693B691343BB61C0
:1037A800264ABB695360254B9B68BB613B69DB4379
:1037B800BA691340BB613B685B6803F48013002B54
:1037C80003D0BA693B691343BB611C4ABB69936068
:1037D8001A4BDB68BB613B69DB43BA691340BB61C9
:1037E8003B685B6803F40013002B03D0BA693B699C
:1037F8001343BB61114ABB69D360FB690133FB61A9
:10380800FB690F2B7FF696AE00BF00BF2437BD467D
:103818005DF8047B704700BF003802400038014063
:10382800000002400004024000080240000C024070
:10383800001002400014024000180240003C014001
:1038480080B485B000AF78600B467B807B681A69CE
:103858007B881340002B02D00123FB7301E0002377
:10386800FB73FB7B18461437BD465DF8047B704735
:1038780080B483B000AF78600B467B8013467B70C2
:103888007B78002B03D07A887B689A6103E07B8879
:103898001A047B689A6100BF0C37BD465DF8047B4B
:1038A800704780B584B000AF78607B68002B01D189
:1038B800012334E07B681B684CF6CC421A607B68B5
:1038C8001B6845F255521A607B681B687A68526813
:1038D8005A607B681B687A6892689A60FEF764FA97
:1038E800F8600FE0FEF760FA0246FB68D31A302B47
:1038F80008D97B681B68DB6803F00303002B01D041
:1039080003230CE07B681B68DB6803F00303002BD0
:10391800E8D17B681B684AF6AA221A600023184679
:103928001037BD4680BD80B483B000AF78607B6837
:103938001B684AF6AA221A60002318460C37BD46AF
:103948005DF8047B7047000080B582B000AF0023AB
:103958007B6000233B60204B1B6C1F4A43F0805365
:1039680013641D4B1B6C03F080533B603B681B4B7F
:1039780001221A60FEF718FA786009E0FEF714FAD7
:1039880002467B68D31AB3F57A7F01D903231FE077
:10399800134B5B6803F48033B3F5803FEED1114BD2
:1039A80001221A60FEF700FA786009E0FEF7FCF9D8
:1039B80002467B68D31AB3F57A7F01D9032307E05F
:1039C800074B5B6803F40033B3F5003FEED10023E7
:1039D80018460837BD4680BD0038024040000E42F8
:1039E8000070004044000E4280B584B000AF78609B
:1039F80039607B68002B01D10123CCE0684B1B6840
:103A080003F00F033A689A420CD9654B3A68D2B270
:103A18001A70634B1B6803F00F033A689A4201D08F
:103A28000123B8E07B681B6803F00203002B20D059
:103A38007B681B6803F00403002B05D0594B9B6877
:103A4800584A43F4E05393607B681B6803F008030B
:103A5800002B05D0534B9B68524A43F46043936054
:103A6800504B9B6823F0F0027B689B684D491343D9
:103A78008B607B681B6803F00103002B44D07B68D4
:103A88005B68012B07D1474B1B6803F40033002BFD
:103A980019D101237FE07B685B68022B03D07B6828
:103AA8005B68032B07D13F4B1B6803F00073002BA7
:103AB80009D101236FE03B4B1B6803F00203002B85
:103AC80001D1012367E0374B9B6823F003027B6831
:103AD8005B68344913438B60FEF766F9F8600AE0C7
:103AE800FEF762F90246FB68D31A41F28832934224
:103AF80001D903234FE02B4B9B6803F00C027B6832
:103B08005B689B009A42EBD1254B1B6803F00F03BF
:103B18003A689A420CD2224B3A68D2B21A70204BB9
:103B28001B6803F00F033A689A4201D0012332E080
:103B38007B681B6803F00403002B08D0194B9B68B3
:103B480023F4E0527B68DB68164913438B607B687B
:103B58001B6803F00803002B09D0124B9B6823F461
:103B680060427B681B69DB000E4913438B6000F0E1
:103B780055F802460B4B9B681B0903F00F030A49D3
:103B8800CB5C22FA03F3094A1360094B1B681846F9
:103B9800FEF7C6F8002318461037BD4680BD00BFA3
:103BA800003C02400038024000D600080000002017
:103BB8000400002080B400AF034B1B681846BD46C4
:103BC8005DF8047B704700BF0000002080B500AF9F
:103BD800FFF7F0FF0246054B9B689B0A03F00703BB
:103BE8000349CB5C22FA03F3184680BD0038024033
:103BF80010D6000880B500AFFFF7DCFF0246054B82
:103C08009B685B0B03F007030349CB5C22FA03F3C1
:103C1800184680BD0038024010D600082DE9B04F84
:103C2800AEB000AF0023C7F8AC300023C7F8B430FB
:103C38000023C7F8A8300023C7F8A4300023C7F82A
:103C4800B030CB4B9B6803F00C030C2B00F20682C0
:103C580001A252F823F000BF953C00086540000817
:103C680065400008654000089D3C00086540000864
:103C78006540000865400008A53C0008654000084C
:103C88006540000865400008953E0008B94BC7F834
:103C9800B030E7E1B84BC7F8B030E3E1B44B5B684C
:103CA80003F03F03C7F8AC30B14B5B6803F4800303
:103CB800002B71D0AE4B5B689B090022C7F8983087
:103CC800C7F89C20D7F89830C3F30803C7F890309A
:103CD8000023C7F89430D7E9244522462B464FF0F5
:103CE80000004FF00001590141EAD261500102463B
:103CF8000B462146511A3964294663EB01037B645C
:103D08004FF000024FF00003D7E9108949468B01B4
:103D1800414643EA916341468A014146511AB963D3
:103D2800494663EB0103FB634FF000024FF00003C9
:103D3800D7E90E894946CB00414643EA51734146CB
:103D4800CA0010461946034622469B183B632B4679
:103D58000A4642EB03037B634FF000024FF0000377
:103D6800D7E90C4529464B02214643EAD15321465F
:103D78004A0210461946D7F8AC300022C7F88830F6
:103D8800C7F88C20D7E92223FCF7D8FE02460B4659
:103D98001346C7F8B43067E0754B5B689B0900228F
:103DA800C7F88030C7F88420D7F88030C3F30803F9
:103DB800BB670023FB67D7E91E4522462B464FF019
:103DC80000004FF00001590141EAD261500102465A
:103DD8000B462146511AB962294663EB0103FB627F
:103DE8004FF000024FF00003D7E90A8949468B01DA
:103DF800414643EA916341468A014146B2EB010AD2
:103E0800494663EB010B4FF000024FF000034FEA05
:103E1800CB0343EA5A734FEACA0292469B462346AB
:103E28001AEB03033B622B464BEB03037B624FF019
:103E380000024FF00003D7E9084529468B022146C6
:103E480043EA915321468A0210461946D7F8AC3006
:103E580000223B677A67D7E91C23FCF76FFE02460E
:103E68000B461346C7F8B430414B5B681B0C03F094
:103E7800030301335B00C7F8A830D7F8B420D7F89C
:103E8800A830B2FBF3F3C7F8B030EBE0384B5B680F
:103E980003F03F03C7F8AC30354B5B6803F480038D
:103EA800002B6BD0324B5B689B090022BB66FA661D
:103EB800BB6EC3F308033B6600237B66D7E918454E
:103EC80022462B464FF000004FF00001590141EA0D
:103ED800D261500102460B462146511AB961294662
:103EE80063EB0103FB614FF000024FF00003D7E9D9
:103EF80006AB59468B01514643EA916351468A0104
:103F08005146B2EB0108594663EB01094FF0000234
:103F18004FF000034FEAC90343EA58734FEAC80257
:103F280090469946234618EB03033B612B4649EB21
:103F380003037B614FF000024FF00003D7E904450B
:103F480029464B02214643EAD15321464A021046EC
:103F58001946D7F8AC300022BB65FA65D7E91623B5
:103F6800FCF7ECFD02460B461346C7F8B43065E093
:103F7800003802400024F40000127A003D4B5B68D0
:103F88009B09002218461146C0F308033B6500232D
:103F98007B65D7E9148942464B464FF000004FF045
:103FA8000001590141EAD261500102460B464146DF
:103FB800511AB960494663EB0103FB604FF00002F8
:103FC8004FF00003D7E902AB59468B01514643EA4B
:103FD800916351468A015146541A594663EB0105CB
:103FE8004FF000024FF00003EB0043EA5473E20085
:103FF80014461D464346E3183B604B4645EB030316
:104008007B604FF000024FF00003D7E900452946D6
:104018008B02214643EA915321468A0210461946EB
:10402800D7F8AC300022BB64FA64D7E91223FCF756
:1040380085FD02460B461346C7F8B4300D4B5B6846
:104048001B0F03F00703C7F8A430D7F8B420D7F83C
:10405800A430B2FBF3F3C7F8B03003E0064BC7F85F
:10406800B03000BFD7F8B0301846B837BD46BDE805
:10407800B08F00BF003802400024F40080B586B03D
:1040880000AF78607B68002B01D101238DE27B684B
:104098001B6803F00103002B00F08380944B9B689E
:1040A80003F00C03042B19D0914B9B6803F00C030D
:1040B800082B06D18E4B5B6803F48003B3F5800FA1
:1040C8000CD08B4B9B6803F00C030C2B12D1884B44
:1040D8005B6803F48003B3F5800F0BD1844B1B6836
:1040E80003F40033002B5BD07B685B68002B57D14F
:1040F80001235AE27B685B68B3F5803F06D17C4BAD
:104108001B687B4A43F4803313601DE07B685B685F
:10411800B3F5A02F0CD1764B1B68754A43F4802366
:104128001360734B1B68724A43F4803313600BE0CF
:104138006F4B1B686E4A23F4803313606C4B1B680B
:104148006B4A23F4802313607B685B68002B13D0D1
:10415800FDF72AFE386108E0FDF726FE02463B69B6
:10416800D31A642B01D903231FE2614B1B6803F4A4
:104178000033002BF0D014E0FDF716FE386108E09C
:10418800FDF712FE02463B69D31A642B01D90323BB
:104198000BE2574B1B6803F40033002BF0D100E00F
:1041A80000BF7B681B6803F00203002B6FD0504BE5
:1041B8009B6803F00C03002B17D04D4B9B6803F052
:1041C8000C03082B05D14A4B5B6803F48003002BD2
:1041D8000BD0474B9B6803F00C030C2B1CD1444BB2
:1041E8005B6803F48003002B16D1414B1B6803F076
:1041F8000203002B05D07B68DB68012B01D001236B
:10420800D3E13B4B1B6823F0F8027B681B69DB009A
:10421800374913430B603AE07B68DB68002B20D0FA
:10422800344B01221A60FDF7BFFD386108E0FDF745
:10423800BBFD02463B69D31A022B01D90323B4E123
:104248002B4B1B6803F00203002BF0D0284B1B6894
:1042580023F0F8027B681B69DB00254913430B60D8
:1042680015E0244B00221A60FDF79EFD386108E036
:10427800FDF79AFD02463B69D31A022B01D90323A5
:1042880093E11B4B1B6803F00203002BF0D17B6802
:104298001B6803F00803002B36D07B685B69002B92
:1042A80016D0154B01221A60FDF77EFD386108E033
:1042B800FDF77AFD02463B69D31A022B01D9032385
:1042C80073E10B4B5B6F03F00203002BF0D01BE094
:1042D800094B00221A60FDF767FD38610EE0FDF713
:1042E80063FD02463B69D31A022B07D903235CE11D
:1042F8000038024000004742800E47428A4B5B6FFD
:1043080003F00203002BEAD17B681B6803F0040367
:10431800002B00F097800023FB75834B1B6C03F088
:104328008053002B0FD10023BB607F4B1B6C7E4A50
:1043380043F0805313647C4B1B6C03F08053BB60C9
:10434800BB680123FB75794B1B6803F48073002B52
:1043580018D1764B1B68754A43F480731360FDF7D8
:1043680023FD386108E0FDF71FFD02463B69D31ABB
:10437800022B01D9032318E16C4B1B6803F48073EB
:10438800002BF0D07B689B68012B06D1664B1B6F16
:10439800654A43F0010313671CE07B689B68052BA3
:1043A8000CD1614B1B6F604A43F0040313675E4BEB
:1043B8001B6F5D4A43F0010313670BE05A4B1B6FF9
:1043C800594A23F001031367574B1B6F564A23F0D2
:1043D800040313677B689B68002B15D0FDF7E4FC8A
:1043E80038610AE0FDF7E0FC02463B69D31A41F266
:1043F8008832934201D90323D7E04B4B1B6F03F05C
:104408000203002BEED014E0FDF7CEFC38610AE081
:10441800FDF7CAFC02463B69D31A41F2883293423F
:1044280001D90323C1E0404B1B6F03F00203002BAB
:10443800EED1FB7D012B05D13B4B1B6C3A4A23F097
:10444800805313647B689B69002B00F0AD80364B6A
:104458009B6803F00C03082B60D07B689B69022BD8
:1044680045D1334B00221A60FDF79EFC386108E005
:10447800FDF79AFC02463B69D31A022B01D90323A4
:1044880093E0294B1B6803F00073002BF0D17B6885
:10449800DA697B681B6A1A437B685B6A9B011A436B
:1044A8007B689B6A5B08013B1B041A437B68DB6AD9
:1044B8001B061A437B681B6B1B071B4913434B6086
:1044C8001B4B01221A60FDF76FFC386108E0FDF70D
:1044D8006BFC02463B69D31A022B01D9032364E023
:1044E800114B1B6803F00073002BF0D05CE0104BFD
:1044F80000221A60FDF758FC386108E0FDF754FC0B
:1045080002463B69D31A022B01D903234DE0064B1F
:104518001B6803F00073002BF0D145E07B689B69B2
:10452800012B07D1012340E0003802400070004011
:10453800600047421F4B5B68FB607B689B69012BEF
:1045480030D0FB6803F480027B68DB699A4229D18A
:10455800FB6803F03F027B681B6A9A4222D1FA6823
:1045680047F6C07313407A68526A9201934219D190
:10457800FB6803F440327B689B6A5B08013B1B04C1
:104588009A420FD1FB6803F070627B68DB6A1B06F6
:104598009A4207D1FB6803F0E0427B681B6B1B075C
:1045A8009A4201D0012300E0002318461837BD467F
:1045B80080BD00BF0038024080B582B000AF78608F
:1045C8007B68002B01D1012341E07B6893F83D30E3
:1045D800DBB2002B06D17B68002283F83C20786888
:1045E800FDF722F97B68022283F83D207B681A6870
:1045F8007B6804331946104600F06EFD7B68012283
:1046080083F846207B68012283F83E207B680122DC
:1046180083F83F207B68012283F840207B680122D1
:1046280083F841207B68012283F842207B680122BD
:1046380083F843207B68012283F844207B680122A9
:1046480083F845207B68012283F83D200023184623
:104658000837BD4680BD80B582B000AF78607B6802
:10466800002B01D1012341E07B6893F83D30DBB298
:10467800002B06D17B68002283F83C207868FDF780
:10468800F3F87B68022283F83D207B681A687B6810
:1046980004331946104600F01FFD7B68012283F899
:1046A80046207B68012283F83E207B68012283F83C
:1046B8003F207B68012283F840207B68012283F831
:1046C80041207B68012283F842207B68012283F81D
:1046D80043207B68012283F844207B68012283F809
:1046E80045207B68012283F83D20002318460837BF
:1046F800BD4680BD80B586B000AFF860B9607A600D
:104708007B80BB68002B09D1FB6893F83E30DBB295
:10471800022B0CBF01230023DBB222E0BB68042B71
:1047280009D1FB6893F83F30DBB2022B0CBF0123A1
:104738000023DBB215E0BB68082B09D1FB6893F8AE
:104748004030DBB2022B0CBF01230023DBB208E0B0
:10475800FB6893F84130DBB2022B0CBF0123002326
:10476800DBB2002B01D002236CE1BB68002B09D11E
:10477800FB6893F83E30DBB2012B0CBF012300230A
:10478800DBB222E0BB68042B09D1FB6893F83F3009
:10479800DBB2012B0CBF01230023DBB215E0BB68A1
:1047A800082B09D1FB6893F84030DBB2012B0CBF12
:1047B80001230023DBB208E0FB6893F84130DBB249
:1047C800012B0CBF01230023DBB2002B24D07B6814
:1047D800002B04D17B88002B01D0012332E1BB6878
:1047E800002B04D1FB68022283F83E2016E0BB6848
:1047F800042B04D1FB68022283F83F200EE0BB683B
:10480800082B04D1FB68022283F8402006E0FB68ED
:10481800022283F8412001E0012313E1BB680C2B3D
:1048280000F2AE8001A252F823F000BF69480008E8
:10483800894900088949000889490008B1480008E1
:10484800894900088949000889490008F948000889
:104858008949000889490008894900084149000830
:10486800FB685B6A794ADA63FB685B6A784A1A64B0
:10487800FB685B6A774ADA64FB68586A7968FB68A0
:104888001B6834331A467B88FEF7F2FA0346002B7E
:1048980001D00123D6E0FB681B68DA68FB681B6857
:1048A80042F40072DA606CE0FB689B6A674ADA637C
:1048B800FB689B6A664A1A64FB689B6A654ADA6405
:1048C800FB68986A7968FB681B6838331A467B88E6
:1048D800FEF7CEFA0346002B01D00123B2E0FB68B5
:1048E8001B68DA68FB681B6842F48062DA6048E09B
:1048F800FB68DB6A554ADA63FB68DB6A544A1A6468
:10490800FB68DB6A534ADA64FB68D86A7968FB6833
:104918001B683C331A467B88FEF7AAFA0346002B2D
:1049280001D001238EE0FB681B68DA68FB681B680E
:1049380042F40062DA6024E0FB681B6B434ADA63E6
:10494800FB681B6B424A1A64FB681B6B414ADA64BA
:10495800FB68186B7968FB681B6840331A467B88CC
:10496800FEF786FA0346002B01D001236AE0FB68B4
:104978001B68DA68FB681B6842F48052DA6000E062
:1049880000BFFB681B680122B968184600F08EFE5C
:10499800FB681B68304A934204D0FB681B682F4AA7
:1049A800934201D1012300E00023002B07D0FB68CC
:1049B8001B685A6CFB681B6842F400425A64FB6827
:1049C8001B68254A934222D0FB681B68B3F1804FCD
:1049D8001DD0FB681B68224A934218D0FB681B68ED
:1049E800204A934213D0FB681B681F4A93420ED09B
:1049F800FB681B68194A934209D0FB681B681B4A6D
:104A0800934204D0FB681B68194A934211D1FB6892
:104A18001B689B6803F007037B617B69062B10D03A
:104A2800FB681B681A68FB681B6842F001021A6081
:104A380007E0FB681B681A68FB681B6842F0010204
:104A48001A60002318461837BD4680BDCF4F0008AE
:104A5800775000083D4F0008000001400004014065
:104A68000004004000080040000C004000400140E5
:104A78000018004080B582B000AF786039603B68AC
:104A88000C2B55D801A252F823F000BFC94A0008E0
:104A9800394B0008394B0008394B0008E54A000833
:104AA800394B0008394B0008394B0008014B000806
:104AB800394B0008394B0008394B00081D4B0008DA
:104AC8007B681B68DA687B681B6822F40072DA600E
:104AD8007B685B6A1846FEF793FA2AE07B681B68D6
:104AE800DA687B681B6822F48062DA607B689B6AFC
:104AF8001846FEF785FA1CE07B681B68DA687B6855
:104B08001B6822F40062DA607B68DB6A1846FEF7ED
:104B180077FA0EE07B681B68DA687B681B6822F40A
:104B28008052DA607B681B6B1846FEF769FA00E072
:104B380000BF7B681B6800223968184600F0B6FD84
:104B48007B681B682E4A934204D07B681B682D4AF9
:104B5800934201D1012300E00023002B17D07B688A
:104B68001B681A6A41F211131340002B0FD17B689E
:104B78001B681A6A40F244431340002B07D17B6834
:104B88001B685A6C7B681B6822F400425A647B6875
:104B98001B681A6A41F211131340002B0FD17B686E
:104BA8001B681A6A40F244431340002B07D17B6804
:104BB8001B681A687B681B6822F001021A603B6850
:104BC800002B04D17B68012283F83E2013E03B6868
:104BD800042B04D17B68012283F83F200BE03B685B
:104BE800082B04D17B68012283F8402003E07B680E
:104BF800012283F84120002318460837BD4680BDAE
:104C0800000001400004014080B584B000AFF860A6
:104C1800B9607A60FB6893F83C30012B01D102231C
:104C2800ACE0FB68012283F83C207B680C2B00F287
:104C38009F8001A252F823F0754C0008794D0008B6
:104C4800794D0008794D0008B54C0008794D0008E9
:104C5800794D0008794D0008F74C0008794D000897
:104C6800794D0008794D0008374D0008FB681B682E
:104C7800B968184600F0D0FAFB681B689A69FB68A7
:104C88001B6842F008029A61FB681B689A69FB6816
:104C98001B6822F004029A61FB681B689969BB686B
:104CA8001A69FB681B680A439A6162E0FB681B6823
:104CB800B968184600F020FBFB681B689A69FB6816
:104CC8001B6842F400629A61FB681B689A69FB687A
:104CD8001B6822F480629A61FB681B689969BB684B
:104CE8001B691A02FB681B680A439A6141E0FB686A
:104CF8001B68B968184600F075FBFB681B68DA6921
:104D0800FB681B6842F00802DA61FB681B68DA6915
:104D1800FB681B6822F00402DA61FB681B68D9692A
:104D2800BB681A69FB681B680A43DA6121E0FB6803
:104D38001B68B968184600F0C9FBFB681B68DA698C
:104D4800FB681B6842F40062DA61FB681B68DA6979
:104D5800FB681B6822F48062DA61FB681B68D9690A
:104D6800BB681B691A02FB681B680A43DA6100E02A
:104D780000BFFB68002283F83C2000231846103748
:104D8800BD4680BD80B584B000AF786039607B686F
:104D980093F83C30012B01D10223B3E07B68012258
:104DA80083F83C207B68022283F83D207B681B68DF
:104DB8009B68FB60FB6823F07703FB60FB6823F4C8
:104DC8007F43FB607B681B68FA689A603B681B68D6
:104DD800B3F5005F3ED0B3F5005F00F28780B3F50E
:104DE800805F00F08580B3F5805F7FD8702B1AD084
:104DF800702B7BD8602B50D0602B77D8502B3CD0B1
:104E0800502B73D8402B58D0402B6FD8302B64D000
:104E1800302B6BD8202B60D0202B67D8002B5CD090
:104E2800102B5AD062E07B6818683B6899683B6829
:104E38005A683B68DB6800F019FC7B681B689B6854
:104E4800FB60FB6843F07703FB607B681B68FA68CC
:104E58009A604EE07B6818683B6899683B685A68B6
:104E68003B68DB6800F002FC7B681B689A687B681B
:104E78001B6842F480429A603BE07B6818683B6894
:104E880059683B68DB681A4600F076FB7B681B684C
:104E98005021184600F0CFFB2BE07B6818683B6870
:104EA80059683B68DB681A4600F095FB7B681B680D
:104EB8006021184600F0BFFB1BE07B6818683B6860
:104EC80059683B68DB681A4600F056FB7B681B682C
:104ED8004021184600F0AFFB0BE07B681A683B687E
:104EE8001B681946104600F0A6FB02E000BF00E070
:104EF80000BF7B68012283F83D207B68002283F88D
:104F08003C20002318461037BD4680BD80B483B0CE
:104F180000AF786000BF0C37BD465DF8047B704772
:104F280080B483B000AF786000BF0C37BD465DF831
:104F3800047B704780B584B000AF78607B689B6B5A
:104F4800FB60FB685B6A7A689A4207D1FB680122BA
:104F58001A77FB68012283F83E202AE0FB689B6AE7
:104F68007A689A4207D1FB6802221A77FB68012205
:104F780083F83F201DE0FB68DB6A7A689A4207D114
:104F8800FB6804221A77FB68012283F8402010E0AE
:104F9800FB681B6B7A689A4207D1FB6808221A776C
:104FA800FB68012283F8412003E0FB68012283F8B3
:104FB8003D20F868FFF7B4FFFB6800221A7700BFAE
:104FC8001037BD4680BD80B584B000AF78607B687F
:104FD8009B6BFB60FB685B6A7A689A420BD1FB6843
:104FE80001221A777B68DB69002B36D1FB68012226
:104FF80083F83E2031E0FB689B6A7A689A420BD1BD
:10500800FB6802221A777B68DB69002B25D1FB68D5
:10501800012283F83F2020E0FB68DB6A7A689A4225
:105028000BD1FB6804221A777B68DB69002B14D14B
:10503800FB68012283F840200FE0FB681B6B7A684D
:105048009A420AD1FB6808221A777B68DB69002B31
:1050580003D1FB68012283F84120F86804F020FF9F
:10506800FB6800221A7700BF1037BD4680BD80B5A7
:1050780084B000AF78607B689B6BFB60FB685B6A01
:105088007A689A4203D1FB6801221A7719E0FB6813
:105098009B6A7A689A4203D1FB6802221A7710E069
:1050A800FB68DB6A7A689A4203D1FB6804221A77A4
:1050B80007E0FB681B6B7A689A4202D1FB680822FA
:1050C8001A77F868FFF722FFFB6800221A7700BFFB
:1050D8001037BD4680BD000080B485B000AF786051
:1050E80039607B681B68FB607B68404A934213D039
:1050F8007B68B3F1804F0FD07B683D4A93420BD059
:105108007B683C4A934207D07B683B4A934203D072
:105118007B683A4A934208D1FB6823F07003FB602E
:105128003B685B68FA681343FB607B682F4A9342CD
:105138002BD07B68B3F1804F27D07B682C4A9342F1
:1051480023D07B682B4A93421FD07B682A4A93421C
:105158001BD07B68294A934217D07B68284A934220
:1051680013D07B68274A93420FD07B68264A934224
:105178000BD07B68254A934207D07B68244A934228
:1051880003D07B68234A934208D1FB6823F4407319
:10519800FB603B68DB68FA681343FB60FB6823F03D
:1051A80080023B685B691343FB607B68FA681A609E
:1051B8003B689A687B68DA623B681A687B689A621F
:1051C8007B680A4A934203D07B680C4A934203D116
:1051D8003B681A697B681A637B6801225A6100BFC1
:1051E8001437BD465DF8047B704700BF00000140DE
:1051F8000004004000080040000C0040000401408A
:1052080000400140004401400048014000180040AF
:10521800001C00400020004080B487B000AF7860D8
:1052280039607B681B6A23F001027B681A627B681D
:105238001B6A7B617B685B683B617B689B69FB6081
:10524800FB6823F07003FB60FB6823F00303FB603B
:105258003B681B68FA681343FB607B6923F0020311
:105268007B613B689B687A6913437B617B68204A52
:10527800934203D07B681F4A93420CD17B6923F089
:1052880008037B613B68DB687A6913437B617B6950
:1052980023F004037B617B68154A934203D07B6843
:1052A800144A934211D13B6923F480733B613B69F3
:1052B80023F400733B613B685B693A6913433B61C4
:1052C8003B689B693A6913433B617B683A695A605A
:1052D8007B68FA689A613B685A687B685A637B689E
:1052E8007A691A6200BF1C37BD465DF8047B7047B7
:1052F800000001400004014080B487B000AF78602E
:1053080039607B681B6A23F010027B681A627B682D
:105318001B6A7B617B685B683B617B689B69FB60A0
:10532800FB6823F4E043FB60FB6823F44073FB60F5
:105338003B681B681B02FA681343FB607B6923F018
:1053480020037B613B689B681B017A6913437B617F
:105358007B68224A934203D07B68214A93420DD14D
:105368007B6923F080037B613B68DB681B017A69FA
:1053780013437B617B6923F040037B617B68174A99
:10538800934203D07B68164A934213D13B6923F4B6
:1053980080633B613B6923F400633B613B685B6965
:1053A8009B003A6913433B613B689B699B003A69E0
:1053B80013433B617B683A695A607B68FA689A6173
:1053C8003B685A687B689A637B687A691A6200BF8F
:1053D8001C37BD465DF8047B704700BF00000140E4
:1053E8000004014080B487B000AF786039607B6802
:1053F8001B6A23F480727B681A627B681B6A7B6174
:105408007B685B683B617B68DB69FB60FB6823F05A
:105418007003FB60FB6823F00303FB603B681B68B9
:10542800FA681343FB607B6923F400737B613B6874
:105438009B681B027A6913437B617B68214A93420C
:1054480003D07B68204A93420DD17B6923F4006323
:105458007B613B68DB681B027A6913437B617B696C
:1054680023F480637B617B68164A934203D07B6890
:10547800154A934213D13B6923F480533B613B693E
:1054880023F400533B613B685B691B013A69134392
:105498003B613B689B691B013A6913433B617B682D
:1054A8003A695A607B68FA68DA613B685A687B68CF
:1054B800DA637B687A691A6200BF1C37BD465DF8FB
:1054C800047B7047000001400004014080B487B0AD
:1054D80000AF786039607B681B6A23F480527B6870
:1054E8001A627B681B6A3B617B685B687B617B68CF
:1054F800DB69FB60FB6823F4E043FB60FB6823F493
:105508004073FB603B681B681B02FA681343FB602F
:105518003B6923F400533B613B689B681B033A6972
:1055280013433B617B68124A934203D07B68114A5C
:10553800934209D17B6923F480437B613B685B69B3
:105548009B017A6913437B617B687A695A607B683F
:10555800FA68DA613B685A687B681A647B683A695A
:105568001A6200BF1C37BD465DF8047B704700BF58
:10557800000001400004014080B487B000AFF8602B
:10558800B9607A60FB681B6A7B61FB681B6A23F061
:105598000102FB681A62FB689B693B613B6923F067
:1055A800F0033B617B681B013A6913433B617B69EC
:1055B80023F00A037B617A69BB6813437B61FB684C
:1055C8003A699A61FB687A691A6200BF1C37BD465E
:1055D8005DF8047B704780B487B000AFF860B960AD
:1055E8007A60FB681B6A23F01002FB681A62FB688A
:1055F8009B697B61FB681B6A3B617B6923F4704391
:105608007B617B681B037A6913437B613B6923F0E9
:10561800A0033B61BB681B013A6913433B61FB680C
:105628007A699A61FB683A691A6200BF1C37BD46FD
:105638005DF8047B704780B485B000AF786039604E
:105648007B689B68FB60FB6823F07003FB603A682B
:10565800FB68134343F00703FB607B68FA689A60B2
:1056680000BF1437BD465DF8047B704780B487B02F
:1056780000AFF860B9607A603B60FB689B687B614B
:105688007B6923F47F437B613B681A027B681A437A
:10569800BB6813437A6913437B61FB687A699A6034
:1056A80000BF1C37BD465DF8047B704780B487B0E7
:1056B80000AFF860B9607A60BB6803F01F0301228D
:1056C80002FA03F37B61FB681A6A7B69DB431A40C1
:1056D800FB681A62FB681A6ABB6803F01F037968E3
:1056E80001FA03F31A43FB681A6200BF1C37BD4670
:1056F8005DF8047B7047000080B485B000AF786027
:1057080039607B6893F83C30012B01D102235AE0C1
:105718007B68012283F83C207B68022283F83D20C5
:105728007B681B685B68FB607B681B689B68BB6069
:10573800FB6823F07003FB603B681B68FA6813433F
:10574800FB607B681B68FA685A607B681B68214AA3
:10575800934222D07B681B68B3F1804F1DD07B68D1
:105768001B681D4A934218D07B681B681B4A9342EA
:1057780013D07B681B681A4A93420ED07B681B685B
:10578800184A934209D07B681B68174A934204D091
:105798007B681B68154A93420CD1BB6823F08003D1
:1057A800BB603B685B68BA681343BB607B681B6877
:1057B800BA689A607B68012283F83D207B680022E2
:1057C80083F83C20002318461437BD465DF8047B57
:1057D800704700BF0000014000040040000800407E
:1057E800000C004000040140004001400018004047
:1057F80080B582B000AF78607B68002B01D10123AF
:105808003FE07B6893F83D30DBB2002B06D17B6824
:10581800002283F83C207868FCF72AF97B68242268
:1058280083F83D207B681B68DA687B681B6822F474
:105838000052DA60786800F0D9FB7B681B681A6947
:105848007B681B6822F490421A617B681B685A695E
:105858007B681B6822F02A025A617B681B68DA6839
:105868007B681B6842F40052DA607B6800221A6485
:105878007B68202283F83D207B68202283F83E2025
:10588800002318460837BD4680BD80B485B000AFF8
:10589800F860B9601346FB80FB6893F83D30DBB2D3
:1058A800202B30D1BB68002B02D0FB88002B01D104
:1058B800012329E0FB6893F83C30012B01D1022336
:1058C80022E0FB68012283F83C20FB68BA681A6270
:1058D800FB68FA889A84FB68FA88DA84FB680022F5
:1058E8001A64FB68212283F83D20FB68002283F8B4
:1058F8003C20FB681B68DA68FB681B6842F0800282
:10590800DA60002300E0022318461437BD465DF82C
:10591800047B704780B584B000AFF860B960134667
:10592800FB80FB6893F83E30DBB2202B1DD1BB68AF
:10593800002B02D0FB88002B01D1012316E0FB6865
:1059480093F83C30012B01D102230FE0FB680122C0
:1059580083F83C20FB6800221A63FB881A46B96862
:10596800F86800F0C9F9034600E00223184610372A
:10597800BD4680BD80B58AB000AF78607B681B6883
:105988001B687B627B681B68DB683B627B681B6803
:105998005B69FB610023BB6100237B617B6A03F0C9
:1059A8000F03BB61BB69002B0DD17B6A03F0200399
:1059B800002B08D03B6A03F02003002B03D0786843
:1059C80000F07DFA7CE1BB69002B00F0B180FB6937
:1059D80003F00103002B05D13B6A03F49073002BFD
:1059E80000F0A6807B6A03F00103002B0AD03B6A13
:1059F80003F48073002B05D07B681B6C43F0010215
:105A08007B681A647B6A03F00403002B0AD0FB69E5
:105A180003F00103002B05D07B681B6C43F00202E6
:105A28007B681A647B6A03F00203002B0AD0FB69C7
:105A380003F00103002B05D07B681B6C43F00402C4
:105A48007B681A647B6A03F00803002B0FD03B6A5B
:105A580003F02003002B04D1FB6903F00103002BA2
:105A680005D07B681B6C43F008027B681A647B686E
:105A78001B6C002B00F01F817B6A03F02003002BB6
:105A880007D03B6A03F02003002B02D0786800F0AF
:105A980016FA7B681B685B6903F04003402B0CBF58
:105AA80001230023DBB27B617B681B6C03F00803D6
:105AB800002B02D17B69002B31D0786800F056F9B1
:105AC8007B681B685B6903F04003402B23D17B682C
:105AD8001B685A697B681B6822F040025A617B6820
:105AE8009B6B002B13D07B689B6B774A1A657B688E
:105AF8009B6B1846FDF784FA0346002B16D07B688B
:105B08009B6B1B6D7A68926B104698470EE078681D
:105B180000F0DCF80AE0786800F0D8F806E0786869
:105B280000F0D4F87B6800221A64C4E000BFC2E029
:105B38007B681B6B012B40F0A2807B6A03F010038B
:105B4800002B00F09C803B6A03F01003002B00F050
:105B580096800023FB607B681B681B68FB607B6882
:105B68001B685B68FB60FB687B681B685B6903F00C
:105B78004003402B4FD17B689B6B1B685B683B8263
:105B88003B8A002B00F099807B689B8D3A8A9A4269
:105B980080F093807B683A8ADA857B689B6BDB6947
:105BA800B3F5807F2BD07B681B68DA687B681B683D
:105BB80022F48072DA607B681B685A697B681B680C
:105BC80022F001025A617B681B685A697B681B686E
:105BD80022F040025A617B68202283F83E207B68CD
:105BE80000221A637B681B68DA687B681B6822F0EE
:105BF8001002DA607B689B6B1846FDF791F97B68A9
:105C08009A8D7B68DB8D9BB2D31A9BB21946786854
:105C180000F066F851E07B689A8D7B68DB8D9BB25B
:105C2800D31A7B827B68DB8D9BB2002B47D07B8AA3
:105C3800002B44D07B681B68DA687B681B6822F4F9
:105C48009072DA607B681B685A697B681B6822F06F
:105C580001025A617B68202283F83E207B6800227B
:105C68001A637B681B68DA687B681B6822F010027D
:105C7800DA607B8A1946786800F032F81FE07B6AA0
:105C880003F08003002B08D03B6A03F08003002B4D
:105C980003D0786800F0ABF812E07B6A03F04003A9
:105CA800002B0DD03B6A03F04003002B08D0786826
:105CB80000F0EDF804E000BF02E000BF00E000BF24
:105CC8002837BD4680BD00BFCF5D000880B483B0D3
:105CD80000AF786000BF0C37BD465DF8047B7047A5
:105CE80080B483B000AF78600B467B8000BF0C3770
:105CF800BD465DF8047B704780B485B000AFF8609E
:105D0800B9601346FB80FB68BA689A62FB68FA8838
:105D18009A85FB68FA88DA85FB6800221A64FB68B2
:105D2800222283F83E20FB68002283F83C20FB688F
:105D38001B68DA68FB681B6842F48072DA60FB68EB
:105D48001B685A69FB681B6842F001025A61FB68CC
:105D58001B68DA68FB681B6842F02002DA600023DF
:105D680018461437BD465DF8047B704780B483B08D
:105D780000AF78607B681B68DA687B681B6822F470
:105D88009072DA607B681B685A697B681B6822F02E
:105D980001025A617B681B6B012B07D17B681B686A
:105DA800DA687B681B6822F01002DA607B682022C0
:105DB80083F83E207B6800221A6300BF0C37BD467B
:105DC8005DF8047B704780B584B000AF78607B686D
:105DD8009B6BFB60FB680022DA85FB680022DA8493
:105DE800F868FFF773FF00BF1037BD4680BD80B469
:105DF80085B000AF78607B6893F83D30DBB2212B2B
:105E08003ED17B689B68B3F5805F14D17B681B69C2
:105E1800002B10D17B681B6AFB60FB681B881A4645
:105E28007B681B68C2F308025A607B681B6A9A1C6D
:105E38007B681A6208E07B681B6A591C7A681162E1
:105E48001A787B681B685A607B68DB8C9BB2013BC5
:105E58009BB27A681946D184002B0FD17B681B68E6
:105E6800DA687B681B6822F08002DA607B681B684E
:105E7800DA687B681B6842F04002DA60002300E0C1
:105E8800022318461437BD465DF8047B704780B579
:105E980082B000AF78607B681B68DA687B681B6833
:105EA80022F04002DA607B68202283F83D2078687F
:105EB80004F0B6FD002318460837BD4680BD80B5FE
:105EC80084B000AF78607B6893F83E30DBB2222B59
:105ED80040F087807B689B68B3F5805F17D17B684B
:105EE8001B69002B13D10023FB607B689B6ABB6096
:105EF8007B681B685B689BB2C3F308039AB2BB68F4
:105F08001A807B689B6A9A1C7B689A6226E07B6889
:105F18009B6AFB600023BB607B689B68B3F5805F6E
:105F280007D07B689B68002B0AD17B681B69002B14
:105F380006D17B681B685B68DAB2FB681A7008E0F8
:105F48007B681B685B68DBB203F07F03DAB2FB682F
:105F58001A707B689B6A5A1C7B689A627B68DB8D27
:105F68009BB2013B9BB27A681946D185002B36D18A
:105F78007B681B68DA687B681B6822F02002DA609D
:105F88007B681B68DA687B681B6822F48072DA60B9
:105F98007B681B685A697B681B6822F001025A619A
:105FA8007B68202283F83E207B681B6B012B0ED177
:105FB8007B681B68DA687B681B6822F01002DA606D
:105FC8007B689B8D19467868FFF78AFE02E078683F
:105FD80004F07CFD7B6800221A63002302E00023A2
:105FE80000E0022318461037BD4680BD2DE9B04FAA
:105FF800C0B000AFC7F8F400D7F8F4301B681B69CD
:1060080023F44050D7F8F430D968D7F8F4301A6838
:1060180040EA01031361D7F8F4309A68D7F8F430EE
:106028001B691A43D7F8F4305B691A43D7F8F43080
:10603800DB691343C7F8F830D7F8F4301B68DB681E
:1060480023F4164121F00C01D7F8F4301A68D7F878
:10605800F8300B43D360D7F8F4301B685B6923F43E
:106068004070D7F8F4309969D7F8F4301A6840EAE4
:1060780001035361D7F8F4301A688F4B9A4205D060
:10608800D7F8F4301A688D4B9A4204D1FDF7B2FD67
:10609800C7F8FC0003E0FDF799FDC7F8FC00D7F846
:1060A800F430DB69B3F5004F40F00C81D7F8FC30D1
:1060B8000022C7F8E830C7F8EC20D7E93A4522466D
:1060C8002B469118B9655B41FB65D7E91623214634
:1060D80012EB0108294643EB01094FF000024FF08B
:1060E80000034FEAC90343EA58734FEAC8029046CF
:1060F8009946234618EB0303C7F8E0302B4649EBD3
:106108000303C7F8E430D7F8F4305B680022C7F817
:10611800D830C7F8DC20D7E936120B46DB183B65C8
:10612800134642EB03037B65D7E91423D7E938010B
:10613800FAF704FD02460B46614BA3FB02235B09F9
:106148001C01D7F8FC300022C7F8D030C7F8D4209B
:10615800D7E9348942464B469118B9645B41FB64E0
:10616800D7E91223414612EB010A494643EB010BDA
:106178004FF000024FF000034FEACB0343EA5A7393
:106188004FEACA0292469B4643461AEB0303C7F8F6
:10619800C8304B464BEB0303C7F8CC30D7F8F43084
:1061A8005B680022C7F8C030C7F8C420D7E93012AE
:1061B8000B46DB183B64134642EB03037B64D7E9C9
:1061C8001023D7E93201FAF7B9FC02460B4611460B
:1061D8003B4BA3FB01235B09642202FB03F3CB1AAD
:1061E800DB0003F13202364BA3FB02235B095B00A1
:1061F80003F4F8731C44D7F8FC300022C7F8B83011
:10620800C7F8BC20D7E92E8942464B469118B96396
:106218005B41FB63D7E90E23414651183963494670
:106228004B417B634FF000024FF00003D7E90CAB02
:106238005946CB00514643EA51735146CA001046AD
:106248001946034642469B18C7F8B0304B460A46E3
:1062580042EB0303C7F8B430D7F8F4305B68002288
:10626800C7F8A830C7F8AC20D7E92A120B46DB18C4
:10627800BB62134642EB0303FB62D7E90A23D7E963
:106288002C01FAF75BFC02460B460D4BA3FB0213ED
:106298005B09642101FB03F3D31ADB003233084A9C
:1062A800A2FB03235B0903F00702D7F8F4301B684D
:1062B80022449A6005E100BF00100140001401402B
:1062C8001F85EB51D7F8FC300022C7F8A030C7F87B
:1062D800A420D7E9288942464B46911839625B4188
:1062E8007B62D7E9082341465418494643EB010528
:1062F8004FF000024FF00003EB0043EA5473E20052
:1063080014461D464346E318C7F898304B4645EBFC
:106318000303C7F89C30D7F8F4305B680022C7F84D
:106328009030C7F894204FF000024FF00003D7E9EF
:10633800244529468B00214643EA917321468A0069
:10634800D7E92601FAF7FAFB02460B46604BA3FB96
:1063580002235B091C01D7F8FC300022C7F88830FB
:10636800C7F88C20D7E9228942464B469118B96173
:106378005B41FB61D7E9062341465118396149461B
:106388004B417B614FF000024FF00003D7E904ABAB
:106398005946CB00514643EA51735146CA0010464C
:1063A8001946034642469B18C7F880304B460A46B2
:1063B80042EB0303C7F88430D7F8F4305B68002257
:1063C800BB67FA674FF000024FF00003D7E91E8958
:1063D80049468B00414643EA917341468A00D7E912
:1063E8002001FAF7ABFB02460B46394BA3FB02131D
:1063F8005B09642101FB03F3D31A1B013233344ACE
:10640800A2FB03235B0903F0F0031C44D7F8FC301C
:1064180000223B677A67D7E91C8942464B469118A8
:10642800B9605B41FB60D7E90223414651183960E6
:1064380049464B417B604FF000024FF00003D7E91B
:1064480000AB5946CB00514643EA51735146CA0046
:1064580010461946034642469B18BB664B460A46F9
:1064680042EB0303FB66D7F8F4305B6800223B6617
:106478007A664FF000024FF00003D7E918894946C1
:106488008B00414643EA917341468A00D7E91A01D5
:10649800FAF754FB02460B460D4BA3FB02135B09AC
:1064A800642101FB03F3D31A1B013233084AA2FB10
:1064B80003235B0903F00F02D7F8F4301B6822446A
:1064C8009A6000BF07F58077BD46BDE8B08F00BF72
:1064D8001F85EB5180B400AF0D4B0122DA700C4BD5
:1064E8000C4AC3F815200C4B9B6B0B33084AC2F8B7
:1064F8002230094BDB6B0B33054AC2F82630044BBC
:10650800064A5A6600BFBD465DF8047B704700BF67
:10651800C83500207D3B00208C3B002088D8002017
:1065280080B594B000AF03463A60FB710B46BB716F
:106538003B68FB640023FB6000233B61FB6C1B781A
:10654800062B00F2C18001A252F823F07165000801
:106558008D650008A1650008C16500087F66000810
:10656800D1660008A166000807F10C03BB61BB698E
:1065780001337B61BB6900221A70554BDA787B695D
:106588001A70A1E007F10C033B623B6A0133FB611F
:106598003B6A01221A7097E007F10C03BB62BB6AE1
:1065A80001337B62BB6A02221A70494BD3F815305B
:1065B8001A787B6A1A7087E007F10C037B637B6BA0
:1065C80001333B63FB6C0133FB627B6B03221A7064
:1065D8003B6B02225A70FB6A1B78002B12D13B6B73
:1065E80000221A703A4BD3F822301B78002B6AD15C
:1065F800374BD3F826301B78002B64D13B6B012234
:106608005A7060E0FB6A1B78012B12D13B6B0122A8
:106618001A702F4BD3F822301B78002B53D12C4BF8
:10662800D3F826301B78002B4DD13B6B01225A70D2
:1066380049E0FB6A1B78022B0CD13B6B02221A70D3
:10664800234BD3F822301B78012B3CD13B6B012222
:106658005A7038E0FB6A1B78032B34D13B6B03225A
:106668001A701B4BD3F826301B78012B2BD13B6BB0
:1066780001225A7027E007F10C03FB63FB6B01331F
:10668800BB63FB6B04221A7000F0ECF8114B93F813
:106698003C20BB6B1A7017E007F10C03BB64BB6CA2
:1066A80001337B64FB6C01333B64BB6C06221A70BC
:1066B8003B6C1A787B6C1A70054B5B6E1A687B6CA6
:1066C800C3F8012000E000BF00BF5037BD4680BDC1
:1066D800C83500203036002080B584B000AF0346AE
:1066E800B9607A60FB73BB681B79C3F30303DBB241
:1066F8001946FB7B7A681846FFF712FF00BF103770
:10670800BD4680BD80B483B000AF78600B467B8007
:1067180013467B702B4B93F83D30042B4BD8294BF9
:1067280093F83D301946274A0B465B000B449B0003
:10673800134401221A70234B93F83D301946214A1D
:106748000B465B000B449B00134404337A681A60C1
:106758001C4B93F83D3019461A4A0B465B000B4414
:106768009B00134408337A881A80164B93F83D30FF
:106778001946144A0B465B000B449B0013440A332A
:106788007A781A700F4B93F83D3019460D4B93F8F1
:106798003D000C4A0B465B000B449B0013440B3333
:1067A80002461A70074B93F83D300133DAB2054BB5
:1067B80083F83D2000E000BF0C37BD465DF8047B40
:1067C800704700BF3036002080B483B000AF034666
:1067D800FB710B46BB7113467B71094AFB7982F842
:1067E8004030074ABB7982F84130054A7B7982F804
:1067F800423000BF0C37BD465DF8047B704700BFD0
:106808003036002080B582B000AF78607B681B7896
:10681800012B01D0002315E07B685A687B681B892F
:1068280019461046FDF70CF803461A467B689B7A12
:106838009A4206D17B68DB7A1A4601239340DBB281
:1068480000E0002318460837BD4680BD80B400AF7D
:10685800034B93F83C301846BD465DF8047B7047FF
:106868003036002080B500AF00F008F8024B93F8EE
:106878003C30184680BD00BF3036002080B582B05D
:1068880000AF0023FB710023BB710023BB7111E033
:10689800BA7913465B0013449B000C4A134418460C
:1068A800FFF7B0FF03461A46FB791343FB71BB7928
:1068B8000133BB71BB79042BEAD9044AFB7982F80E
:1068C8003C3000BF0837BD4680BD00BF30360020D1
:1068D80080B582B000AF78603960114B93F82830EA
:1068E80019460F4A3B6842F831300D4B93F828306F
:1068F8000B4ADB0013447A685A60094B93F8283036
:106908000133DAB2064B83F82820054B93F8283078
:10691800042B01D9FAF700FF00BF0837BD4680BD38
:106928007436002080B58CB000AF78600023FB611E
:1069380000233B6201237B620023BB600023FB60D2
:1069480000233B6100237B610023BB610123BB6201
:106958000E23FB6207F1080319467868FBF72CFB46
:106968000346002B01D0FAF7D7FE7868FBF704FC42
:106978000346002B01D0FAF7CFFE02217868FBF717
:1069880061FE0346002B01D0FAF7C6FE00BF303780
:10699800BD4680BD80B582B000AF786039607B6845
:1069A8003A681A603B681B6819467868FFF790FFD9
:1069B80000BF0837BD4680BD80B483B000AF7860A3
:1069C8007B681B78012B23D17B685B78002B1FD158
:1069D8007B685B78002B0DD17B68D3F802305A694D
:1069E8007B68DB889BB219467B68D3F802300A4380
:1069F8005A610DE07B68D3F802305A697B68DB88FE
:106A08009BB2DB4319467B68D3F802300A405A61CF
:106A180000BF0C37BD465DF8047B704780B500AFFA
:106A28000D4B1B6D002B14D00B4B5B6D0A4A52F8B3
:106A380023309847084B5B6D0133074A5365064B73
:106A48005A6D054B1B6D9A4204D3034B00225A65BD
:106A580000E000BF80BD00BFA036002080B582B036
:106A680000AF78600A4B1B6D09497A6841F823200A
:106A7800074B1B6D0133064A1365054B1B6D132B22
:106A880001D9FAF749FE00BF0837BD4680BD00BFEF
:106A9800A036002080B485B000AFF860B960134616
:106AA800FB71FB68BA681A60FB79002B24D0012BB4
:106AB80000D022E0FB68144A5A61FB68134A9A61C5
:106AC800FB68134ADA61FB68124A1A62FB68124AC9
:106AD8001A63FB68114A5A62FB68114A9A62FB689A
:106AE800104ADA62FB68104A5A63FB680F4A9A63D5
:106AF800FB680F4ADA6300E000BF00BF1437BD46E9
:106B08005DF8047B704700BFCD9E0008D9A000083F
:106B1800EB9E0008359F000819A000086B9F00082D
:106B2800B19F0008F39F00083BA0000883A000085D
:106B3800A5A0000880B586B002AF0346B9607A60A8
:106B4800FB73144B5B78BA68D278C2F30312D2B2E3
:106B580093421AD10F4B9B78BA685278C2F3040259
:106B6800D2B2934211D10C4B1B68184603F0D3F9EB
:106B7800084B5A78074B9B78F87B002101910093CA
:106B88000023002104F0D6FA00E000BF1037BD460C
:106B980080BD00BF4CDC00205435002080B586B095
:106BA80000AF0346B9607A60FB73134B5B78BA6831
:106BB800D278C2F30312D2B2934218D10E4B9B780B
:106BC800BA685278C2F30402D2B293420FD17B68FA
:106BD8007B617B691A785B781B0213437B82074BC6
:106BE8001B687A8A1146184603F06CF900E000BF6A
:106BF8001837BD4680BD00BF4CDC0020543500204E
:106C080090B58FB006AF0346B9607A60FB73264B28
:106C18005B78BA68D278C2F30312D2B293423FD1FA
:106C2800214B9B78BA685278C2F30402D2B29342DD
:106C380036D17B68FB61FB691B78FB76FB695A7868
:106C48009B781B0213433B83FB69DA781B791B0291
:106C58001343FB82FB69B3F805309BB27B75134B7A
:106C68001868FC8A3A8BF97E7B7D0093234603F0F3
:106C78005DF90D4B59780C4B9B787A7D92B2F87B75
:106C88000592FA8A04923A8B0392FA7E02920022C3
:106C98000192009300230A46002104F0EFF800E077
:106CA80000BF2437BD4690BD4CDC00205435002081
:106CB80080B58AB004AF0346B9607A60FB730023DD
:106CC8007B61184B5B78BA68D278C2F30312D2B2F0
:106CD800934223D1134B9B78BA685278C2F30402CB
:106CE800D2B293421AD17B683B613B691B687B61D6
:106CF8000D4B1B687969184603F077F9094B5978E9
:106D0800084B9B78F87B7A690292002201920093E3
:106D180000230A46002104F0C5F900E000BF183737
:106D2800BD4680BD4CDC00205435002080B586B0BF
:106D380002AF0346B9607A60FB73144B5B78BA689C
:106D4800D278C2F30312D2B293421AD10F4B9B7876
:106D5800BA685278C2F30402D2B2934211D10C4BF2
:106D68001B68184603F0FDF8084B5A78074B9B78C8
:106D7800F87B0021019100930023002104F014FA0C
:106D880000E000BF1037BD4680BD00BF4CDC0020CE
:106D98005435002080B586B002AF0346B9607A60EA
:106DA800FB73114B5B78BA68D278C2F30312D2B284
:106DB800934215D10C4B9B78BA685278C2F30402FF
:106DC800D2B293420CD1084B5A78074B9B78F87B88
:106DD8000021019100930023002104F0E5F900E06F
:106DE80000BF1037BD4680BD4CDC002080B586B0A2
:106DF80000AF0346B9607A60FB73174B5B78BA68DB
:106E0800D278C2F30312D2B2934221D1124B9B78AB
:106E1800BA685278C2F30402D2B2934218D17B689E
:106E28003B613B699B78002B06D13B69DB789BB2C1
:106E38005B429BB2FB8202E03B69DB78FB82074B3B
:106E48009B6A064A1268B7F916101046984700E080
:106E580000BF1837BD4680BD4CDC002054350020EB
:106E680080B584B000AF0346FB71094B9B78FA7973
:106E78009A4201D0002307E0064BDB6B054A1268F3
:106E880010469847F860FB6818461037BD4680BD25
:106E98004CDC002054350020B0B588B004AF034660
:106EA800B9607A60FB73144B5B78BA68D278C2F326
:106EB8000312D2B293421BD10F4B9B78BA68527817
:106EC800C2F30402D2B2934212D10B4B5D780A4B43
:106ED8009C780020FFF7C4FF0346F87B0293002349
:106EE8000193009400232A46002104F0DBF800E017
:106EF80000BF1037BD46B0BD4CDC002080B582B065
:106F080002AF074B5A78064B9B78002101910093FA
:106F180000230021002003F06AFF00BFBD4680BDAA
:106F28004CDC002080B586B004AF0346FB710B46ED
:106F3800BB7113467B710A4B5978094B9B787A7958
:106F48000392BA79029200220192009300230A4622
:106F58000021002004F09EFB00BF0837BD4680BD1D
:106F68004CDC002080B586B004AF03463960FB7165
:106F7800094B5978084B9B783A6802920022019293
:106F8800009300230A460021002004F05DF800BFAA
:106F98000837BD4680BD00BF4CDC0020B0B586B0C8
:106FA80004AF0346FB710E4B5D780D4B9C78FB7963
:106FB8000C4A9B0113441B68184603F05EF803460D
:106FC80003930023029300230193009400232A468D
:106FD8000021002003F0F8FF00BF0837BD46B0BD10
:106FE8004CDC00205435002080B586B004AF034641
:106FF8000A46FB711346BB710A4B5978094B9B78BB
:10700800BA7903920422029200220192009300238B
:107018000A460021002003F0A4FF00BF0837BD4640
:1070280080BD00BF4CDC0020F0B587B004AF7860AD
:107038000B467B800F4B5D780E4B9C780E4BDB6BC1
:10704800184603F0BDFA03461E460B4B9B6B1846C9
:1070580003F0B6FA034603930296002301930094C3
:1070680000232A460021002004F014FB00BF0C373F
:10707800BD46F0BD4CDC00208C3B0020B0B58AB08A
:1070880004AF0346B9607A60FB730023FB754E4B6F
:107098005B78BA68D278C2F30312D2B2934240F056
:1070A8008E80494B9B78BA685278C2F30402D2B2F8
:1070B800934240F084807B683B613B691B78042BDA
:1070C8007ED801A252F823F0E5700008C9710008C3
:1070D800C9710008137100086D7100083A4B5D789A
:1070E800394B9C78394B1B68184602F0A2FF0346BF
:1070F800F87B039300230293002301930094002359
:107108002A46002103F060FF5AE0304B1B681846FE
:1071180002F07EFF0346FB75FB7D022B02D10123A3
:10712800FB750DE0FB7D002B02D10223FB7507E008
:10713800FB7D052B02D10223FB7501E00023FB75C3
:10714800214B5978204B9B78F87BFA7D03920322D8
:10715800029200220192009300230A46002103F0C4
:1071680033FF2DE0194B1B68184602F051FF034608
:10717800FB75FB7D022B02D10123FB750DE0FB7D26
:10718800002B02D10223FB7507E0FB7D052B02D102
:107198000223FB7501E00023FB750B4B59780A4B62
:1071A8009B78F87BFA7D03920422029200220192D6
:1071B800009300230A46002103F006FF00E000BF09
:1071C8001837BD46B0BD00BF4CDC00205435002048
:1071D80080B485B000AF78600023FB737B681B78B0
:1071E800092B3AD801A252F823F000BF63720008B5
:1071F800637200081D720008637200086372000859
:107208006372000863720008637200086372000802
:10721800397200087B685B78012B02D00D2B03D0F4
:107228001BE00523FB7302E00B23FB7300BF14E094
:107238007B685B780B2B0CD00B2B0DDC002B02D062
:10724800042B03D008E00323FB7305E00123FB7341
:1072580002E00123FB7300BF00BFFB7B1846143715
:10726800BD465DF8047B704780B485B000AF786098
:107278007B68FB60FB680333BB60FB689B7803F0AB
:107288000F03DBB2022B58D1FB689B7823F00F0366
:10729800DBB2102B53D1BB681B79002B51D12E4B7D
:1072A80001221A71BB681B682B4AC2F806302A4BA8
:1072B8005B79002B47D0284B1A68284B03F51043FD
:1072C800D3F8983C9A4240D1244B03F5104393F8E5
:1072D800A53C002B3AD1214B03F5104393F8BB3C56
:1072E800022B33D11D4B03F51043D3F8982C1B4BBD
:1072F80003F51043D3F89C3C9A4227D1164BD3F898
:107308000620164B03F51043D3F8D03CD31A124A83
:10731800C2F80A30104BD3F80A30104A02F510426E
:10732800C2F89C3C0D4B03F51043D3F89C3C0B4A28
:1073380002F51042C2F8983C08E000BF06E000BF22
:1073480004E000BF02E000BF00E000BF1437BD4604
:107358005DF8047B704700BFF83600208C3B0020A6
:1073680080B582B000AF144B03F5104393F8A53CE9
:10737800002B1DD1104B03F51043D3F8982C0E4B5E
:1073880003F51043D3F89C3C9A4211D102233B7079
:1073980001237B70094BC7F802303B46184600F0C2
:1073A8005FF9054B03F51043D3F8983C044A136082
:1073B80000BF0837BD4680BD8C3B002071720008B5
:1073C800F836002080B485B000AF78607B68FB6039
:1073D800FB680333BB60FB689B7803F00F03DBB2E9
:1073E800022B38D1FB689B7823F00F03DBB2D02B3C
:1073F80033D1BB689B7A002B31D11C4B00225A76C3
:10740800BB681B889AB2194BDA81BB685B889AB251
:10741800164B1A82BB681B791A46BB685B791B023C
:107428001A43BB689B791B0413431A460F4BC3F8D6
:107438001220BB68B3F807309BB21AB20B4BDA8242
:10744800BB689A7A094B1A76094B03F51043012257
:1074580083F8F92C04E000BF02E000BF00E000BFA1
:107468001437BD465DF8047B704700BFF83600202E
:107478008C3B002080B582B000AF02233B700D2307
:107488007B70054BC7F802303B46184600F0E8F819
:1074980000BF0837BD4680BDCD73000880B485B0F5
:1074A80000AF78607B68FB60FB680333BB60FB68F8
:1074B8009B7803F00F03DBB2092B1ED1FB689B7886
:1074C80023F00F03DBB2002B19D1BB689B78002B8C
:1074D80017D1BB689A780E4B1A770D4B1B7F002B80
:1074E80002D10B4B00225A77BB681A78084B9A7660
:1074F800BB685A78064BDA7604E000BF02E000BFAA
:1075080000E000BF1437BD465DF8047B704700BF3C
:10751800F836002080B582B000AF09233B70002305
:107528007B70054BC7F802303B46184600F098F8C8
:1075380000BF0837BD4680BDA574000880B485B07B
:1075480000AF78607B68FB60FB680333BB60FB6857
:107558009B7803F00F03DBB2092B16D1FB689B78ED
:1075680023F00F03DBB2402B11D1BB681B78002B33
:107578000FD1BB681A780A4B9A77094B9B7F002B6F
:1075880008D1074B0022DA7704E000BF02E000BF11
:1075980000E000BF1437BD465DF8047B704700BFAC
:1075A800F836002080B582B000AF09233B70042371
:1075B8007B70054BC7F802303B46184600F050F880
:1075C80000BF0837BD4680BD4575000880B485B04A
:1075D80000AF78607B68FB60FB680333BB60FB68C7
:1075E8009B7803F00F03DBB2092B19D1FB689B785A
:1075F80023F00F03DBB2B02B14D1BB681B78002B30
:1076080012D1BB681A780B4B83F82020094B93F8EA
:107618002030002B09D1074B002283F8212004E0F9
:1076280000BF02E000BF00E000BF1437BD465DF8B0
:10763800047B7047F836002080B582B000AF09237C
:107648003B700B237B70054BC7F802303B4618464E
:1076580000F006F800BF0837BD4680BDD5750008A4
:1076680080B483B000AF7860214BD3F8E0227B6808
:1076780018781F4913465B0013445B000B4403F55D
:107688003A7302461A701A4BD3F8E0227B6858788E
:10769800174913465B0013445B000B4403F2E923CC
:1076A80002461A70124BD3F8E0227B68D3F8021016
:1076B8000F4813465B0013445B00034403F53A7319
:1076C800C3F802100A4BD3F8E0320133084AC2F873
:1076D800E032074BD3F8E0321D2B03D9044B0022CC
:1076E800C3F8E02200BF0C37BD465DF8047B704745
:1076F8001C37002080B500AF154BD3F8E022144B9F
:10770800D3F8E4329A4221D0114BD3F8E42213463D
:107718005B0013445B0003F53A730D4A13441946A2
:107728000B4800F093FB0346022B0FD0084BD3F80D
:10773800E4320133064AC2F8E432054BD3F8E432A6
:107748001D2B03D9024B0022C3F8E42200BF80BDE1
:107758001C37002080B584B000AF0346B9607A605A
:10776800FB73FFF769FFFFF71DFF00BF1037BD462A
:1077780080BD000080B586B004AF184B9B7E002BFF
:1077880028D0174B1B68184602F033FF0346B3F5A1
:107798007A7F1FD300237B60104B9B7E1B047B608A
:1077A8000E4BDB7E1A467B6813437B600D4B597882
:1077B8000C4B9B787A680292002201920093002376
:1077C8000A460021002003F07CFA02F02BFF034652
:1077D800034A136000BF0837BD4680BDF836002055
:1077E800803B00204CDC002080B500AFFFF782FF13
:1077F800FFF7C0FF00BF80BD80B483B000AF7860E2
:10780800044A7B68136000BF0C37BD465DF8047BF3
:10781800704700BF1C37002080B483B000AF786089
:107828007B681A687B681B68D2F80C24C3F810249C
:1078380000BF0C37BD465DF8047B704780B584B047
:1078480000AFF860B9607A603B60244B1B78012B6D
:107858000AD1234B00221A60204B00221A7002F032
:10786800E1FE03461F4A13601E4B1B68184602F0D0
:10787800C0FE02463B68934207D8184B01221A7093
:10788800174B00221A60032324E0FB681A68FB6880
:1078980004331946104603F05CF90346012B18D14E
:1078A8000F4B1B68BA681344FA6812791A700C4BAC
:1078B8001B6801330A4A1360094B1B687A689A42AD
:1078C80007D8074B00221A60044B01221A700023C4
:1078D80000E0022318461037BD4680BD090000208D
:1078E800843B0020883B002080B485B000AF7860DE
:1078F8000B46FB700023FB730023BB6008E0BB68EA
:107908005A1CBA607A6813441A78FB7B1344FB73D9
:10791800FB785A1EFA70002BF1D1FB7B18461437FE
:10792800BD465DF8047B704780B487B000AF7860CF
:107938000B46FB700023FB750023FB7300233B61A0
:1079480008E03B695A1C3A617A6813441A78FB7D4F
:107958001344FB75FB785A1EFA70002BF1D1FB7D9E
:10796800DB43FB73FB7B0133FB73FB7B18461C3744
:10797800BD465DF8047B704790B585B000AF786070
:10798800084611461A460346FB700B46BB70134661
:107998007B707B6803F51F73FB6097F82430033313
:1079A800BB60FB6897F824201A70FB68FA785A7055
:1079B8007B7803F00F03D9B2FA68937861F3071361
:1079C8009370BB7803F00F03D9B2FA68937861F328
:1079D8000303937097F82430002B07D0FB68033318
:1079E80097F82420396A184605F064FDFB68BA68E0
:1079F800D2B297F8244011461846FFF795FF034680
:107A08001A46FB682344DA707B6818687B6803F5BC
:107A18001F71BB6801331A4602F0ABFF00BF143771
:107A2800BD4690BD80B483B000AF78607B68D3F862
:107A38005D345A1C7B68C3F85D247B68D3F85D34D9
:107A4800022B03D97B68012283F8612400BF0C371D
:107A5800BD465DF8047B704780B582B000AF7860A2
:107A68007868FFF7D9FE7B681B680521184602F085
:107A78006EFF7B68012283F8172202231846083715
:107A8800BD4680BD80B584B000AF78600223FB732B
:107A98007B6803F506714FF4967301227868FFF747
:107AA800CDFE0346032B42D801A252F823F000BFB3
:107AB800C97A0008FF7A0008157B00081B7B0008BC
:107AC8007B6893F81832042B06D17B68022283F86E
:107AD80017220223FB732AE07B68002283F817220F
:107AE8007B68012283F858247B68012283F861248B
:107AF8000123FB731BE07B68002283F817227B6855
:107B0800012283F858240123FB7310E00223FB733E
:107B18000DE07868FFF786FF7B68002283F817225C
:107B28007B68012283F858240123FB7300BFFB7B89
:107B380018461037BD4680BD80B586B002AF786064
:107B480039600023FB737868FFF766FE3B681A7894
:107B58003B6859780023019307F10F0300930B4604
:107B680001217868FFF708FF7B68032283F8172252
:107B7800022318461037BD4680BD000080B584B08A
:107B880000AF78600223FB737B6803F506714FF43E
:107B9800967301227868FFF751FE0346032B3ED8FF
:107BA80001A252F823F000BFC17B0008EF7B000858
:107BB800057C00080B7C00087B6893F81832062BBC
:107BC80006D17B68042283F817220223FB7326E080
:107BD8007B68002283F817227B68012283F85824E7
:107BE8000123FB731BE07B68002283F817227B6864
:107BF800012283F858240123FB7310E00223FB734E
:107C08000DE07868FFF70EFF7B68002283F81722E3
:107C18007B68012283F858240123FB7300BFFB7B98
:107C280018461037BD4680BD80B584B000AF786077
:107C38000223FB737B6803F506714FF496730122E8
:107C48007868FFF7FBFD0346032B3ED801A252F8E4
:107C580023F000BF6D7C00089B7C0008B17C000805
:107C6800B77C00087B6893F81832052B06D17B682F
:107C7800052283F817220223FB7326E07B68002283
:107C880083F817227B68012283F858240123FB73A9
:107C98001BE07B68002283F817227B68012283F8A7
:107CA80058240123FB7310E00223FB730DE078686E
:107CB800FFF7B8FE7B68002283F817227B68012251
:107CC80083F858240123FB7300BFFB7B1846103749
:107CD800BD4680BD80B582B000AF78607868FFF798
:107CE8009BFD7B681B680421184602F030FE7B6808
:107CF800062283F81722022318460837BD4680BD9E
:107D080090B585B000AF78607B6803F50673BB60FB
:107D18000223FB737B6803F506747B68D3F8E422BF
:107D280013465B0013445B0003F53A737A68134407
:107D38001846FFF74DFA03461A1D4FF4967321466D
:107D48007868FFF77BFD0346032B60D801A252F841
:107D580023F000BF6D7D0008E57D0008177E000850
:107D6800FB7D00087B6803F50672BB681B7804334B
:107D7800DBB219461046FFF7B7FD0346002B1CD1AE
:107D88007B68D3F8E422796813465B0013445B00F0
:107D98000B4403F53A73D3F802307A6802F5067299
:107DA800104698477B68072283F817227B680022D1
:107DB80083F858240223FB7329E07B681B6815218C
:107DC800184602F0C4FD7B68002283F817227B68FE
:107DD800012283F858240123FB7318E07B680022F2
:107DE80083F817227B68012283F858240123FB7348
:107DF8000DE07868FFF716FE7B68002283F81722EB
:107E08007B68012283F858240123FB7300BFFB7BA6
:107E180018461437BD4690BD80B582B000AF786073
:107E28007868FFF7F9FC7B681B680621184602F0A2
:107E38008EFD7B68002283F817227B68002283F876
:107E48005824002318460837BD4680BD80B584B045
:107E580000AF786039600223FB737B68D3F859342C
:107E6800184602F0C6FB0346B3F5FA7F09D302F0C1
:107E7800D9FB02467B68C3F859247B68002283F843
:107E880058247B6893F85834002B58D17B6893F8B2
:107E98001732072B56D801A252F823F0C57E0008E6
:107EA800D17E0008DD7E0008EB7E0008F77E000822
:107EB800037F00080F7F00081B7F00087868FFF722
:107EC800CBFD0346FB733DE07868FFF7DBFD034617
:107ED800FB7337E039687868FFF72EFE0346FB73BB
:107EE80030E07868FFF74AFE0346FB732AE07868BB
:107EF800FFF79AFE0346FB7324E07868FFF7EAFE73
:107F08000346FB731EE07868FFF7FAFE0346FB732F
:107F180018E07868FFF780FF0346FB737B68002250
:107F280083F861247B68D3F85D34002B09D07B6823
:107F3800D3F85D345A1E7B68C3F85D2401E000BFA6
:107F480000E000BFFB7B18461037BD4680BD00BF70
:107F580080B584B000AF87ED030AC7ED020A87ED4C
:107F6800011AC7ED001A134B1B78012B1ED1114BB8
:107F780041F288321A620F4B14225A620D4B1A6A68
:107F88000C4B5B6A92FBF3F30A4A9362094B00229B
:107F9800DA62D7ED001A97ED011AD7ED020A97EDCC
:107FA800030A00F033F8034B00221A7000BF1037A1
:107FB800BD4680BD9435002080B400AF124B01222D
:107FC8001A70114B4FF000025A600F4B4FF000022D
:107FD8009A600D4B4FF00002DA600B4B4FF0000235
:107FE8001A61094B4FF000025A61074B4FF000022B
:107FF8009A61054B0022DA61034B0022DA6200BF66
:10800800BD465DF8047B70479435002080B48BB082
:1080180000AF87ED030AC7ED020A87ED011AC7ED25
:10802800001A4FF000037B623A4B1B6A07EE903A46
:10803800F8EEE77AC7ED087AD7ED027AFDEEE77A2F
:1080480017EE902A334BDA61324A7B6A5361314A20
:10805800FB68936197ED087AD7ED097A77EE677A2E
:10806800C7ED077A97ED027AD7ED037A77EE677A4C
:10807800C7ED067A274B4FF000025A60254A7B6805
:108088009360244B93ED027AD7ED007A37EE277A86
:10809800D7ED077A27EE277AD7ED067A77EEA77A13
:1080A80077EE677AC7ED057AD7ED077A27EEA77AD4
:1080B800D7ED077A27EE277AD7ED056AC6EE877AD5
:1080C800144BC3ED047A134BD3ED027A97ED007A83
:1080D80037EE677A0F4BD3ED047AF0EE086A67EE55
:1080E800A66AD7ED077A66EEA76AD7ED077A66EE35
:1080F800A77A77EE676AD7ED077A37EEA77AC6EEE2
:10810800877A044BC3ED037A00BF2C37BD465DF870
:10811800047B70479435002080B487B000AF384B9B
:10812800DB6A07EE903AF8EEE77AC7ED047AD7ED06
:10813800047A67EEA77AC7ED037A97ED037AD7ED4D
:10814800047A67EE277AC7ED027A2D4B5B687B606D
:108158002B4B93ED027AD7ED047A67EE277A97EDE9
:10816800017A77EE277AC7ED017A254B93ED037AEA
:10817800D7ED037A67EE277A97ED017A77EE277ABB
:10818800C7ED017A1E4B93ED047AD7ED027A67EEBC
:10819800277A97ED017A77EE277AC7ED017A184B9F
:1081A800D3ED067A97ED017A77EE277AC7ED017A53
:1081B800D7ED017AFDEEE77A17EE903A7B61104B26
:1081C800DA6A0F4B1B6A9A4210DA0D4BDB6A07EE2C
:1081D800903AF8EEE77AB3EE047A77EE877AFDEE16
:1081E800E77A17EE902A064BDA6202E0044BDB6965
:1081F8007B617B6918461C37BD465DF8047B704778
:108208009435002080B487B000AFF8600B467A60E0
:108218007B8100237B6107E07B695A1C7A615B00E4
:10822800FA6813447A891A807B685A1E7A60002B90
:10823800F2D100BF00BF1C37BD465DF8047B704714
:1082480080B584B000AFF860B9607A603B60244BB9
:108258001A78FB6803F5104383F8A02C204B1B7891
:108268000133DAB21E4B1A70FB68BA681A60FB68F1
:108278003A68DA61FB68FA691A64FB687A685A60D6
:10828800FB68BA691A62FB68164A9A60FB68154A65
:108298005A62FB68443342F215725B211846FFF7B5
:1082A800B1FFFB6803F59C436E3342F215725B2104
:1082B8001846FFF7A7FFFB681A68FB685B68194652
:1082C8001046FCF7D7FBFB68DA69FB681B6A19469E
:1082D8001046FCF7CFFB00BF1037BD4680BD00BF7E
:1082E800B0D800202FE33E3280B485B000AFF860EC
:1082F800B9607A60FB68BA689A63FB687A68DA637F
:1083080000BF1437BD465DF8047B704780B500AFE9
:10831800084801F04FFA074801F08EFC054801F0C3
:108328004DFD044800F008F8024800F08DF800BF41
:1083380080BD00BF8C3B0020B0B582B000AF786034
:108348007B6803F5104393F8BB3C052B2AD17B6867
:1083580003F51043D3F8CC3C184602F04AF903461B
:10836800B3F5FA7F1ED302F05DF902467B6803F588
:108378001043C3F8CC2C7B6803F5104393F8A04C4A
:108388007B689B6B184602F01BF903461D467B6809
:10839800DB6B184602F014F903461A4629462046B4
:1083A800FEF7C0FD7B6803F5104393F8BB3C022B36
:1083B80006D07B6803F5104393F8BB3C032B3ED1F2
:1083C8007B689B6B184602F0FBF80346012B07D02D
:1083D8007B68DB6B184602F0F3F80346012B2ED1BD
:1083E8007B689B6B9B7B012B04D07B68DB6B9B7B47
:1083F800012B24D17B689B6B00229A737B68DB6B13
:1084080000229A737B6803F51043052283F8BB2C7E
:108418007B6803F5104393F8A04C7B689B6B184668
:1084280002F0CEF803461D467B68DB6B184602F067
:10843800C7F803461A4629462046FEF773FD00BFD3
:108448000837BD46B0BD000080B582B000AF786087
:108458007B6803F5104393F8F83C012B40F08880C3
:10846800454B1B68184602F0C4F80346B3F5FA7F7B
:1084780018D37B6803F5104393F8FA3C0133DAB25A
:108488007B6803F5104383F8FA2C7B6803F51043E7
:10849800002283F8F92CFEF7EDFF02F0C3F803463B
:1084A800354A13607B6803F5104393F8F93C012BB8
:1084B8003DD1324B1B8A9BB2002B1ED07B6803F543
:1084C8001043022283F8002D7B6803F51043002235
:1084D80083F8FA2C7B6803F51043002283F8F82C04
:1084E800FFF7AAF8FFF75EF87B6803F5104393F8E7
:1084F800A03C1846FEF752FD19E07B6803F51043CF
:10850800012283F8002D7B6803F51043002283F8CD
:10851800FA2C7B6803F51043002283F8F82C7B685B
:1085280003F5104393F8A03C1846FEF737FD7B6827
:1085380003F5104393F8FA3C042B19D97B6803F52B
:108548001043032283F8002D7B6803F510430022B3
:1085580083F8FA2C7B6803F51043002283F8F82C83
:108568007B6803F5104393F8A03C1846FEF716FD08
:1085780000BF0837BD4680BDB4D80020F8360020BB
:1085880080B58AB000AF786000237B622AA3D3E964
:108598000023C7E906237B6803F51043B3F8B63C0C
:1085A8001846F7F76FFF4FF00002214BF8F70EF966
:1085B80002460B46C7E90423D7E90423D7E9060195
:1085C800F7F7DAFF02460B46C7E902237B6803F593
:1085D800104393F8BA3C1846F7F754FF02460B4687
:1085E800D7E90201F7F7C8FF02460B46C7E902239D
:1085F8004FF000020F4BD7E90201F7F707FE0246DA
:108608000B4643EC172BB0EE470AF0EE670A04F06E
:1086180067FF53EC102B10461946F8F76FFA03461C
:108628007B627B6A18462837BD4680BDAFF3008061
:10863800000059400000E03F721CC7711CC73B4056
:1086480080B586B000AF786039603B6807EE903A35
:10865800B8EEE77ADFED1D6AC7EE267AC7ED057A30
:108668007B6803F51043D3F8143D07EE903AF8EE13
:10867800E77A97ED057A67EE277AC7ED047A3869C5
:10868800F7F722FF4FF00002114BF7F7BFFD024644
:108698000B4643EC172BB0EE470AF0EE670A04F0DE
:1086A8001FFF53EC102B10461946F8F7FFF9034645
:1086B800FB607B6803F51043D3F8083DFA68134460
:1086C800FB60FB6818461837BD4680BD00F07F4543
:1086D8000000E03F80B483B000AF78607B6842F26E
:1086E8000F72934202D942F2107300E07B68184679
:1086F8000C37BD465DF8047B7047000080B582B03A
:1087080000AF786039607B6803F51043D3F8AC3C60
:1087180044F62062B2FBF3F307EE903AF8EE677A7C
:108728003B68C3ED037A3B6893ED037ADFED296A72
:10873800C7EE267A3B68C3ED037A3B68D3ED036A3C
:108748003B6893ED027AC6EE877A3B68C3ED047AFC
:108758003B681B691846F7F7B7FE4FF000021E4B3F
:10876800F7F754FD02460B4643EC172BB0EE470AC9
:10877800F0EE670A04F0B4FE53EC102B10461946CD
:10878800F8F7BCF902463B685A613B685B694FF6EB
:10879800205293420DD93B681B681B6809229A62D4
:1087A8003B685B690D4AA2FB0323DA083B685A6100
:1087B80004E03B681B681B6800229A623B685A69A0
:1087C8003B681B681B68013ADA6200BF0837BD4680
:1087D80080BD00BF002474490000E03FCDCCCCCC64
:1087E80080B582B000AF78607B6803F51043D3F89A
:1087F800982C7B6803F51043D3F89C3C9A4210D11F
:108808007B681B681B6800225A627B68DB691B68EF
:1088180000225A627B6803F51043002283F8A52CD6
:10882800B0E07B6803F51043D3F8982C7B6803F518
:108838001043D3F89C3C9A4253DD7B6803F5104300
:10884800D3F8982C7B6803F51043D3F89C3CD31AD3
:108858001A467B6803F51043C3F8A82C7B6803F518
:108868001043012283F8A42C7B6803F51043D3F846
:10887800A83C1846FFF72EFF02467B6803F5104315
:10888800C3F8AC2C7B681C3319467868FFF736FFB1
:108898007B6803F51043012283F8A52C7B68D8690F
:1088A8007B68196A7B6803F59C426E327B6803F526
:1088B8001043D3F8AC3C9BB2FBF71CFF7B6803F575
:1088C8001043D3F8983C1A467B6803F51043D3F855
:1088D800AC3CD31A1A467B6803F51043C3F8982CAE
:1088E80050E07B6803F51043D3F89C2C7B6803F5B4
:1088F8001043D3F8983CD31A1A467B6803F5104303
:10890800C3F8A82C7B6803F51043002283F8A42C35
:108918007B6803F51043D3F8A83C1846FFF7DAFE46
:1089280002467B6803F51043C3F8AC2C7B681946F4
:108938007868FFF7E3FE7B6803F51043012283F8AC
:10894800A52C7B6818687B6859687B6803F144022A
:108958007B6803F51043D3F8AC3C9BB2FBF7CAFE27
:108968007B6803F51043D3F8983C1A467B6803F5F7
:108978001043D3F8AC3C13441A467B6803F5104304
:10898800C3F8982C0837BD4680BD80B582B000AFCB
:10899800786039607B6803F5104393F8BB3C022B81
:1089A80014D139687868FFF74BFE02467B6803F5F7
:1089B8001043C3F89C2C7B6803F5104393F8A53C3F
:1089C800002B04D17868FFF70BFF00E000BF0837E1
:1089D800BD4680BD00000000B0B586B000AFF860AD
:1089E800084611461A460346FB720B463B8113465E
:1089F800FB80FB6803F5104303F6D4434FF00002F5
:108A08001A60FB6803F5104303F6D8434FF00002E1
:108A18001A60FB6803F510431A46FB7A82F8B43CE7
:108A2800FB6803F510431A463B89A2F8B63CFB687D
:108A380003F510431A46FB88A2F8B83CFB6803F517
:108A480010431A4697F8283082F8BA3CFB6803F5B9
:108A5800104393F8BA3C07EE903AB8EEE77A6C4BBD
:108A6800D3ED007A67EE277AFB6803F5104303F627
:108A7800D443C3ED007AFB6803F5104303F6D443EF
:108A880093ED007ADFED636AC7EE267AFB6803F59B
:108A9800104303F6D843C3ED007AFB6803F510438F
:108AA80003F6D843D3ED007AB7EE007AF4EEC77A2E
:108AB800F1EE10FA07D5FB6803F5104303F6D84327
:108AC8004FF07E521A604FF000024FF00003C7E9E2
:108AD8000423FB6803F51043B3F8B63C1846F7F7D0
:108AE800D1FC45A3D3E90023F7F770FE02460B46F5
:108AF800C7E90423FB6803F5104393F8BA3C18460A
:108B0800F7F7C0FC02460B46D7E90401F7F734FD36
:108B180002460B46C7E9042339A3D3E90023D7E962
:108B28000401F7F729FD02460B46C7E90423FB8831
:108B38001846F7F7B7FC02460B46D7E90401F7F7E2
:108B48001BFD02460B46C7E904232FA3D3E90023E4
:108B5800D7E90401F7F73AFE02460B46C7E90423B2
:108B68003C697B6983F0004520462946F7F79EFF5C
:108B78000246FB6803F51043C3F8E82CFB6803F5CD
:108B8800104393F8B43C012B1AD1FB6803F510434A
:108B980003F6D843D3ED007AF1EE677AFB6803F564
:108BA800104303F6D843C3ED007AFB6803F510437E
:108BB800D3F8E83C5B42FA6802F51042C2F8E83C98
:108BC800154B03F510431A460023C2F8D03CFB6846
:108BD80003F510431A460023C2F8F43CFB6803F57A
:108BE8001043002283F8F02C0C4B00225A7100BF6E
:108BF8001837BD46B0BD00BF000000000094E1403A
:108C0800000000000088C3400000000000FEAF40E4
:108C18000C00002000007A448C3B0020F83600202D
:108C280080B483B000AF78607B6803F510430122FD
:108C380083F8BB2C0E4B03F510431A460023C2F8E9
:108C4800D03C7B6803F510431A460023C2F8F43C75
:108C58007B6803F51043002283F8F02C054B0022B3
:108C68005A7100BF0C37BD465DF8047B704700BFE2
:108C78008C3B0020F836002080B590B000AF7860BB
:108C8800834B1B8A9BB2002B01D00023F7E0804B5B
:108C98001B7E002B01D00023F1E07D4BD3F812306E
:108CA800002B01D10023EAE07B6803F51043D3F8D9
:108CB800FC3C002B01D10023E1E00023FB637B682F
:108CC80003F5104393F8B43C002B23D17B6803F5DC
:108CD8001043D3F8FC2C6F4B9B1ABB63B86BF7F7A8
:108CE800E1FB4FF040426C4BF7F770FD02460B4634
:108CF8001046194664A3D3E90023F7F73DFC024662
:108D08000B46C7E90C23D7E90C01F7F7CFFE03465A
:108D1800BB6327E07B6803F5104393F8B43C012B51
:108D280020D17B6803F51043D3F8FC3CBB63B86BD8
:108D3800F7F7B8FB4FF04042574BF7F747FD0246AD
:108D48000B461046194650A3D3E90023F7F714FC45
:108D580002460B46C7E90C23D7E90C01F7F7A6FE34
:108D68000346BB634FF000024FF00003C7E90A2334
:108D7800474BD3F812301846F7F784FB02460B46E8
:108D8800C7E90823424BB3F916301BB21846F7F768
:108D980089FB02460B46C7E906234FF000024FF055
:108DA8000003C7E904234FF000024FF00003C7E9AE
:108DB800022335A3D3E90023D7E90601F7F7DCFB43
:108DC80002460B46C7E90623D7E90823C7E90A2361
:108DD8002DA3D3E90023D7E90A01F7F7CDFB024613
:108DE8000B46C7E90A234FF040422B4BD7E90A014B
:108DF800F7F7ECFC02460B46C7E90A23D7E90A2332
:108E0800C7E908237B6803F51043D3F8FC3C1846F0
:108E1800F7F748FB02460B46C7E904231AA3D3E930
:108E28000023D7E90401F7F7A7FB02460B46C7E979
:108E380004234FF04042184BD7E90401F7F7C6FC6A
:108E480002460B46C7E90423D7E90423C7E90223EE
:108E5800D7E90823D7E90601F7F7D8F902460B4600
:108E680010461946D7E90223F7F7CEF902460B4612
:108E780010461946F7F71AFE0346FB63FB6B1846C4
:108E88004037BD4680BD00BF000000000088C340D9
:108E9800F8360020FFFF7F00FFFF5F410000000061
:108EA800B0B58EB000AFF860084611461A460346C2
:108EB800FB720B463B811346FB80002387F8373053
:108EC800914B00225A71FB6803F51043012283F885
:108ED800F02CFB6803F510431A460023C2F8F43C53
:108EE800FB6803F510431A460023C2F8D03CFB6820
:108EF80003F5104303F6D4434FF000021A60FB68F1
:108F080003F5104303F6D8434FF000021A60FB68DC
:108F180003F510431A46FB7A82F8B43CFB6803F564
:108F280010431A463B89A2F8B63CFB6803F5104388
:108F38001A46FB88A2F8B83CFB6803F510431A46AA
:108F480097F8483082F8BA3CFB6803F5104393F869
:108F5800BA3C07EE903AB8EEE77A6C4BD3ED007A5C
:108F680067EE277AFB6803F5104303F6D443C3ED95
:108F7800007AFB6803F5104303F6D44393ED007AB7
:108F8800DFED636AC7EE267AFB6803F5104303F644
:108F9800D843C3ED007AFB6803F5104303F6D843C2
:108FA800D3ED007AB7EE007AF4EEC77AF1EE10FA54
:108FB80007D5FB6803F5104303F6D8434FF07E52FC
:108FC8001A604FF000024FF00003C7E90A23FB685C
:108FD80003F51043B3F8B63C1846F7F753FA44A321
:108FE800D3E90023F7F7F2FB02460B46C7E90A2349
:108FF800FB6803F5104393F8BA3C1846F7F742FAB2
:1090080002460B46D7E90A01F7F7B6FA02460B46BD
:10901800C7E90A2338A3D3E90023D7E90A01F7F7F8
:10902800ABFA02460B46C7E90A23FB881846F7F74E
:1090380039FA02460B46D7E90A01F7F79DFA0246C4
:109048000B46C7E90A232EA3D3E90023D7E90A016F
:10905800F7F7BCFB02460B46C7E90A23BC6AFB6A62
:1090680083F0004520462946F7F720FD0246FB68B5
:1090780003F51043C3F8E82CFB6803F51043D3F855
:10908800E83CFA6802F51042C2F8F43CFB6803F5C4
:10909800104393F8B43C012B1AD1FB6803F5104335
:1090A80003F6D843D3ED007AF1EE677AFB6803F54F
:1090B800104303F6D843C3ED007AFB6803F5104369
:1090C800D3F8E83C5B42FA6802F51042C2F8E83C83
:1090D800F868FFF7D1FD7862FB6803F51043D3F811
:1090E800FC3C002B16D197F8373002E1AFF3008033
:1090F800000000000094E140000000000088C34028
:109108000000000000FEAF40F83600200C000020F0
:1091180000007A44FB6803F510431A467B6AC2F8DC
:10912800983CFB6803F510431A467B6AC2F89C3CDE
:10913800FB6803F5104393F8B43C002B64D1FB683B
:1091480003F510431A460023C2F80C3DF868FFF7F0
:1091580017FA03465B421A46FB6803F51043C3F847
:10916800102DFB6803F51043D3F8103DFA6802F59B
:109178001042C2F8143DFB6803F51043022283F83D
:10918800BB2C786AF7F78EF95DA3D3E90023F7F7CC
:10919800F3F902460B46C7E90423FB6803F51043BD
:1091A800D3F8143D1846F7F77DF902460B46D7E980
:1091B8000401F7F70BFB02460B46C7E904234FF0FF
:1091C8000002514BD7E90401F7F720F802460B4695
:1091D80043EC172BB0EE470AF0EE670A04F080F96B
:1091E80053EC102B10461946F7F760FC0246FB6853
:1091F80003F51043C3F8E02CFB6803F510431A4647
:109208007B6AC2F8EC3C69E0FB6803F5104393F80D
:10921800B43C012B62D1FB6803F510431A460023C6
:10922800C2F8103DF868FFF7ABF903461A46FB6829
:1092380003F51043C3F80C2DFB6803F51043D3F86E
:109248000C3DFA6802F51042C2F8143DFB6803F5BC
:109258001043022283F8BB2C786AF7F723F928A376
:10926800D3E90023F7F788F902460B46C7E9062336
:10927800FB6803F51043D3F8143D1846F7F712F9C5
:1092880002460B46D7E90601F7F7A0FA02460B4655
:10929800C7E906234FF000021B4BD7E90601F6F792
:1092A800B5FF02460B4643EC172BB0EE470AF0EE2B
:1092B800670A04F015F953EC102B10461946F7F716
:1092C800F5FB0246FB6803F51043C3F8E02CFB6886
:1092D80003F510431A467B6AC2F8EC3C012387F871
:1092E8003730FB6803F51043022283F8BB2C97F84C
:1092F800373018463837BD46B0BD00BFAFF30080E1
:109308000000000000FEAF400000E03F80B584B0E0
:1093180000AFF860B9607A60FB6803F51043D3F8D2
:10932800DC3C184601F065F90346002B22D001F019
:1093380079F90246FB6803F51043C3F8DC2CFB6897
:1093480003F51043D3F89C3C1946BB687A6802FBC6
:1093580003F30B441A46FB6803F51043C3F89C2C2F
:10936800FB6803F5104393F8A53C002B02D1F8687D
:10937800FFF736FA00BF1037BD4680BD80B584B010
:1093880000AF786039600023FB737B6803F51043F6
:1093980093F8B43C002B0BD17B6803F51043D3F84A
:1093A8009C3C3A689A420FDB0123FB73FB7B31E05C
:1093B8007B6803F51043D3F89C3C3A689A4203DC77
:1093C8000123FB73FB7B25E07B6803F51043D3F88F
:1093D8009C3C07EE903AB8EEE77A7B6803F51043B9
:1093E80003F6D843D3ED007A77EE677AFDEEE77A95
:1093F80017EE902A7B6803F51043C3F89C2C7B6812
:1094080003F5104393F8A53C002B02D17868FFF7C9
:10941800E7F9FB7B18461037BD4680BD80B582B0A2
:1094280000AF78603960344B1B78012B07D1324B81
:1094380000221A7001F0F6F80346304A13602F4BE9
:109448001B68184601F0D5F8034640F6B832934237
:1094580001D802234CE02A4B1B78012B0FD1284B53
:1094680000221A70274B00221A71264B00225A71CB
:10947800FDF776FF01F0D6F80346234A1360224B26
:109488001B68184601F0B5F802463B68934207D8B6
:109498001B4B01221A70184B01221A70032327E074
:1094A8001A4B1B68184601F0A4F80346B3F57A7FF7
:1094B80006D3FDF755FF01F0B5F80346134A1360CC
:1094C800104B1B79012B12D10E4B01225A710D4BF7
:1094D800D3F806307A6802F51042C2F8D03C084B3F
:1094E80001221A70044B01221A70002300E00223A3
:1094F80018460837BD4680BD10000020B8D80020A7
:1095080011000020F8360020BCD80020C0D8002068
:1095180080B582B000AF78603960464B1B78012B6C
:1095280007D1444B00221A7001F07CF80346424AE6
:109538001360414B1B68184601F05BF8034640F680
:10954800B832934201D802236FE03C4B1B78012BC1
:109558000FD13A4B00221A70394B00221A71384B3E
:1095680000225A71FDF7FCFE01F05CF80346354A0B
:109578001360344B1B68184601F03BF802463B6801
:10958800934207D82D4B01221A702A4B01221A70D8
:1095980003234AE02C4B1B68184601F02AF80346BF
:1095A800B3F57A7F06D3FDF7DBFE01F03BF80346FF
:1095B800254A1360224B1B79012B35D1204B012200
:1095C8005A717B6803F5104393F8B43C002B0ED115
:1095D8001B4BD3F806207B6803F51043D3F8F43C03
:1095E800D31A7A6802F51042C2F8D03C14E07B68BE
:1095F80003F5104393F8B43C012B0DD1104BD3F86D
:1096080006207B6803F51043D3F8F43C13447A68CA
:1096180002F51042C2F8D03C084B01221A70054BE3
:1096280001221A70002300E0022318460837BD46BD
:1096380080BD00BF12000020C4D800201300002005
:10964800F8360020C8D80020CCD8002080B582B0D9
:1096580000AF78603960524B1B78012B18D1504B02
:1096680000221A704F4B00221A704F4B012283F8C8
:1096780021204D4B01225A76FDF7DEFF00F0D2FF84
:1096880003464A4A136000F0CDFF0346484A136078
:10969800464B1B68184600F0ACFF02463B689342F5
:1096A80007D83F4B01221A703E4B00221A70032341
:1096B80071E03C4B1B78022B3ED0022B6ADC002B5E
:1096C80002D0012B25D065E0374B93F82130002BD1
:1096D8000AD1FDF7CFFE334B01221A7000F0A2FF2A
:1096E8000346334A136055E0314B1B68184600F0B7
:1096F80080FF0346B3F5167F47D32B4B012283F82F
:109708002120FDF799FF00F08DFF0346284A1360DA
:109718003BE0274B1B68184600F06BFF034640F6FA
:10972800B732934233D91F4B02221A7000F07AFFE6
:1097380003461F4A13602AE01B4B5B7E002B10D1A7
:10974800194BD3F812301A467B6803F51043C3F857
:10975800FC2C134B01221A70124B00221A700023A2
:1097680019E0134B1B68184600F043FF0346B3F596
:10977800167F0ED30C4B01225A76FDF77BFE00F0C4
:1097880051FF03460A4A136003E000BF02E000BF2E
:1097980000E000BF022318460837BD4680BD00BF61
:1097A80014000020D0D80020F8360020D4D800209B
:1097B800D8D8002080B584B000AF78600223FB734E
:1097C8007B6803F5104393F8BB3C012B40F02D82D6
:1097D8007B6803F5104393F8BC3C012B40F01A81D9
:1097E8007B6803F51043D3F8C03C184600F001FF2E
:1097F800034640F6B732934240F219827B6803F57C
:109808001043D3F8C83C184600F0F3FE0346002B7B
:1098180000F00D8200F006FF02467B6803F5104356
:10982800C3F8C82C7B6803F51043D3F8C43C194629
:109838007868FFF7A3FD0346012B40F0F881B84B89
:109848001B78002B08D141F658317868FFF7E6FD00
:1098580003461A46B34B1A70B24B1B78002B03D041
:10986800B04B1B78032B09D1AD4B01221A7042F281
:1098780010717868FFF7EAFE0346FB73FB7B002B49
:1098880003D0FB7B032B40F0D281FB7B032B06D15B
:109898007B6803F510431A460023C2F8FC3CA04B32
:1098A80000221A709F4B02221A707B6803F510433E
:1098B800002283F8BC2C7B6803F510431A4600236A
:1098C800C2F8C43C7B6803F5104393F8B43C002B02
:1098D8004CD17B6803F510431A460023C2F8983C24
:1098E8007B6803F510431A460023C2F89C3C7B684A
:1098F80003F510431A460023C2F80C3D7868FEF7BA
:109908003FFE03465B421A467B6803F51043C3F8E3
:10991800102D7B6803F51043D3F8103D7A6802F5E3
:109928001042C2F8143D7B6803F51043022283F805
:10993800BB2C7B6803F510431A460023C2F8E03CB1
:109948007B6803F510431A460023C2F8EC3C7B6899
:1099580003F5104393F8A02C7B6803F51043D3F864
:10996800FC3C19461046FDF7FDFA60E17B6803F5FB
:10997800104393F8B43C012B40F059817B6803F500
:1099880010431A460023C2F8983C7B6803F510433D
:109998001A460023C2F89C3C7B6803F510431A461C
:1099A8000023C2F8103D7868FEF7EAFD03461A4620
:1099B8007B6803F51043C3F80C2D7B6803F510434F
:1099C800D3F80C3D7A6802F51042C2F8143D7B6862
:1099D80003F51043022283F8BB2C7B6803F5104380
:1099E8001A460023C2F8E03C7B6803F510431A4688
:1099F8000023C2F8EC3C7B6803F5104393F8A02CD5
:109A08007B6803F51043D3F8FC3C19461046FDF774
:109A1800A9FA0CE17B6803F5104393F8B43C002BDA
:109A280040F082807B68DB6B184600F0C9FD034676
:109A3800012B64D17B6803F510431A460023C2F852
:109A4800983C7B6803F510431A460023C2F89C3CF7
:109A58007B6803F510431A460023C2F80C3D78686A
:109A6800FEF78EFD03465B421A467B6803F51043FA
:109A7800C3F8102D7B6803F51043D3F8103D7A68BE
:109A880002F51042C2F8143D7B6803F51043012229
:109A980083F8BC2C7B6803F5104303F6D443D3ED5D
:109AA800007AF1EE677AB1EE047A67EE877AFDEE16
:109AB800E77A17EE902A7B6803F51043C3F8C42CA5
:109AC80000F0B0FD02467B6803F51043C3F8C82CCC
:109AD80000F0A8FD02467B6803F51043C3F8C02CCC
:109AE8007B6803F510431A460023C2F8E03C7B6804
:109AF80003F510431A460023C2F8EC3C98E07B6853
:109B080003F5104303F6D843D3ED007AFDEEE77A68
:109B1800012217EE901A7868FFF7F8FB88E000BF7B
:109B2800DCD80020150000207B6803F5104393F86B
:109B3800B43C012B7CD17B68DB6B184600F040FD00
:109B48000346012B61D17B6803F510431A460023B5
:109B5800C2F8983C7B6803F510431A460023C2F804
:109B68009C3C7B6803F510431A460023C2F8103D5D
:109B78007868FEF705FD03461A467B6803F510432F
:109B8800C3F80C2D7B6803F51043D3F80C3D7A68B5
:109B980002F51042C2F8143D7B6803F51043012218
:109BA80083F8BC2C7B6803F5104303F6D443D3ED4C
:109BB800007AB1EE047A67EE877AFDEEE77A17EE5F
:109BC800902A7B6803F51043C3F8C42C00F02AFDE3
:109BD80002467B6803F51043C3F8C82C00F022FD49
:109BE80002467B6803F51043C3F8C02C7B6803F575
:109BF80010431A460023C2F8E03C7B6803F5104383
:109C08001A460023C2F8EC3C12E07B6803F51043C7
:109C180003F6D843D3ED007AFDEEE77A012217EE7A
:109C2800901A7868FFF772FB02E000BF00E000BFFF
:109C38001037BD4680BD00BF80B582B000AF7860E8
:109C48007B6803F5104393F8BB3C032B40F0AD80D1
:109C5800574B1B78012B21D1FEF7AEF97B6803F532
:109C68001043D3F8EC3C07EE903AF8EEE77A7B68BD
:109C780003F51043D3F8E83C07EE103AB8EEC77A7C
:109C8800DFED4C1A9FED4B1AF0EE470AB0EE670A6B
:109C9800FEF75EF9464B00221A7086E07B6803F5F2
:109CA8001043002283F8002D7B6803F51043D3F896
:109CB800E82C7B6803F51043D3F8EC3C9A422FD08C
:109CC8007B6803F51043D3F8E43C184600F091FC98
:109CD8000346132B69D97B6803F5104393F8A53C19
:109CE800002B14D1FEF718FA02467B6803F51043DF
:109CF800C3F89C2C7B6803F51043D3F89C3C7A6826
:109D080002F51042C2F8EC3C7868FEF769FD00F0F5
:109D180089FC02467B6803F51043C3F8E42C44E051
:109D28007B6803F5104393F8F03C012B22D141F6F0
:109D380058317868FFF7ECFB03461A461E4B1A7039
:109D48001D4B1B78022B30D01B4B02221A707B68EC
:109D580003F51043022283F8BB2C7B6803F51043FC
:109D680093F8A03C02211846FDF73EF9104B01225A
:109D78001A701AE07B6803F51043002283F8F02C70
:109D88000D4B02221A707B6803F51043022283F8F8
:109D9800BB2C7B6803F5104393F8A03C02211846BE
:109DA800FDF722F9024B01221A700837BD4680BD23
:109DB80016000020000000001700002080B582B0C7
:109DC80000AF78607B6803F5104393F8183D012BCA
:109DD8005FD17B6803F51043D3F8203D184600F0A7
:109DE80008FC0346C72B0DD97B6803F510430022F6
:109DF80083F8182D7B6803F510431A460023C2F830
:109E08001C3D49E07B6803F51043D3F81C3D002B4B
:109E180012DD7B6803F51043D3F8982C7B6803F5B3
:109E28001043D3F81C3D1A447B6803F51043D3F85C
:109E38009C3C9A4212DA2FE07B6803F51043D3F872
:109E4800982C7B6803F51043D3F81C3D1A447B68B3
:109E580003F51043D3F89C3C9A421CDC7B6803F55D
:109E68001043D3F89C2C7B6803F51043D3F81C3DB2
:109E780013447A6802F51042C2F89C3C7B6803F5EB
:109E8800104393F8A53C002B06D17868FEF7A8FC90
:109E980002E000BF00E000BF0837BD4680BD0000FB
:109EA80080B582B000AF786000217868FAF7E2FDEB
:109EB8000348FEF795FC00BF0837BD4680BD00BFCC
:109EC8008C3B002080B582B000AF78600B467B8069
:109ED8007B8819467868FEF758FD00BF0837BD46ED
:109EE80080BD80B586B002AFF860084611461A46B4
:109EF8000346FB720B463B811346FB80F8883A8980
:109F0800F97A3B7E00930346F868FEF765FD00BFCB
:109F18001037BD4680BD80B582B000AF78607868E4
:109F2800FEF77EFE00BF0837BD4680BD80B586B00F
:109F380002AFF860084611461A460346FB720B4604
:109F48003B811346FB80F8883A89F97A3B7E009377
:109F58000346F868FEF7A4FF034618461037BD46C7
:109F680080BD80B485B000AF78607B68FB60FB681B
:109F780003F5104393F8BB3C022B09D1FB6803F5AA
:109F88001043D3F8983CFA6802F51042C2F8EC3C4A
:109F9800FB6803F51043032283F8BB2C00BF14377A
:109FA800BD465DF8047B704780B584B000AF78602B
:109FB8000B467B807B68FB60FB6803F5104301223E
:109FC80083F8182DB7F90230FA6802F51042C2F882
:109FD8001C3D00F027FB0246FB6803F51043C3F85D
:109FE800202D00BF1037BD4680BD80B485B000AFBE
:109FF800786039607B68FB603B68FA6802F510425C
:10A00800C2F8FC3C00BF1437BD465DF8047B7047BE
:10A0180080B485B000AF78607B68FB60FB6803F5AF
:10A02800104393F8BB3C18461437BD465DF8047BD3
:10A03800704780B485B000AF78607B68FB60FB68D0
:10A0480003F5104393F8F83C002B0BD1FB6803F59C
:10A058001043002283F8002DFB6803F5104301220A
:10A0680083F8F82CFB6803F5104393F8003D184675
:10A078001437BD465DF8047B704780B485B000AFE7
:10A0880078607B68FB60FB6803F5104393F8003D3C
:10A0980018461437BD465DF8047B704780B485B018
:10A0A80000AF78607B68FB60FB6803F5104393F8AA
:10A0B800BB3C022B05D1FB6803F51043D3F8FC3CED
:10A0C80000E0002318461437BD465DF8047B70474E
:10A0D80080B483B000AF78600B467B8013463B802A
:10A0E80000BF0C37BD465DF8047B704780B485B06F
:10A0F80000AF786039600023FB810023BB6016E065
:10A10800FB891B021AB2FB891B0A9BB218467B68A3
:10A11800591C79601B784340DBB20A4931F8133087
:10A128001BB253401BB2FB81BB680133BB60BA68EA
:10A138003B689A42E4D3FB8918461437BD465DF85C
:10A14800047B704720D6000880B483B000AF7860E5
:10A15800044A7B68136000BF0C37BD465DF8047B7A
:10A16800704700BFE0D8002080B582B000AF03463A
:10A178000A46FB711346BB71FB79184601F00AFBCE
:10A1880000BF0837BD4680BD80B400AF064B002233
:10A198005A8100229A81044B002283F8172200BFBB
:10A1A800BD465DF8047B7047E0D8002080B500AF5D
:10A1B800FFF7EAFF0D4B1B795B2B14D10B4BD3F840
:10A1C8000A300A4A1179094A13440A4683F81822C0
:10A1D800064BD3F80A300133044AC2F80A30034B5D
:10A1E800012283F8172200BF80BD00BFE0D80020FD
:10A1F80080B400AF0C4BD3F80A300B4A11790A4AE5
:10A2080013440A4683F81822074BD3F80A3001335F
:10A21800054AC2F80A30044B022283F8172200BF0D
:10A22800BD465DF8047B7047E0D8002080B400AFDD
:10A238000F4BD3F80A300E4A11790D4A13440A46D7
:10A2480083F818220A4BD3F80A300133084AC2F8B7
:10A258000A30074B0022DA8100221A82044B0322BB
:10A2680083F8172200BFBD465DF8047B704700BF26
:10A27800E0D8002080B400AF154BD3F80A30144A58
:10A288001179134A13440A4683F81822104BD3F85D
:10A298000A3001330E4AC2F80A300D4BD3F80E309B
:10A2A80001330B4AC2F80E30094BD3F80E30012B9C
:10A2B80008D9074B0022DA8100221A82044B0422B3
:10A2C80083F8172200BFBD465DF8047B704700BFC6
:10A2D800E0D8002080B400AF154BD3F80A30144AF8
:10A2E8001179134A13440A4683F81822104BD3F8FD
:10A2F8000A3001330E4AC2F80A300D4BD3F80E303B
:10A3080001330B4AC2F80E30094BD3F80E30012B3B
:10A3180008D9074B0022DA8100221A82044B052251
:10A3280083F8172200BFBD465DF8047B704700BF65
:10A33800E0D8002080B586B000AF1E4B1B795D2B9E
:10A3480030D11C4BD3F80A301A4A1179194A1344F0
:10A358000A4683F81822184B7B617B6901333B61FD
:10A368003B690233FB60FB680233BB60BB680233A6
:10A378007B6005211048FFF7B9FE03467B80BB6868
:10A388001B889BB27A889A420CD13B691B78492B6F
:10A3980009D1FB681A78FB685B7819461046FFF705
:10A3A800E3FE00E000BFFFF7EFFE00BF1837BD4631
:10A3B80080BD00BFE0D80020F8DA002080B500AFEB
:10A3C800194B1B681949184600F0C3FB0346012BBB
:10A3D80026D1154B93F81732052B22D801A252F833
:10A3E80023F000BF05A400080BA4000811A400086E
:10A3F80017A400081DA4000823A40008FFF7D6FE30
:10A408000FE0FFF7F5FE0CE0FFF710FF09E0FFF79C
:10A4180031FF06E0FFF75EFF03E0FFF78BFF00E088
:10A4280000BF00BF80BD00BFE0D80020E4D80020F6
:10A4380080B500AFFFF7C2FF00BF80BD80B584B014
:10A4480000AFF8607B600B46FB721346BB72FB687B
:10A458007A681A60FB683A8B9A80FB7A03F07F036C
:10A46800D9B2FA68937A61F347039372BB7A03F01F
:10A478000103D9B2FA68937A61F300039372FB6817
:10A488003A7F1A72FB6897F820205A72F86800F031
:10A4980005F800BF1037BD4680BD000080B582B00A
:10A4A80000AF78600D4B93F8283019460B4A7B684B
:10A4B80042F82130094B93F828300133DAB2074BC0
:10A4C80083F82820054B93F82830092B01D9F7F792
:10A4D80023F900BF0837BD4680BD00BFCCDB002094
:10A4E80080B582B000AF154B93F82830FB7100237C
:10A4F800BB710023BB7116E0BB79DBB21A460F4B68
:10A5080053F82230184600F01BF8BB79DBB21A4624
:10A518000A4B53F82230184600F02FF8BB79DBB20B
:10A528000133DBB2BB71BB79DBB2FA799A42E3D86B
:10A5380000BF00BF0837BD4680BD00BFCCDB002090
:10A5480080B582B000AF78607B681A687B689B88AA
:10A5580019461046F9F774F903461A467B685B7A80
:10A568009A4203D17B680122DA7202E07B680022FA
:10A57800DA7200BF0837BD4680BD80B582B000AF33
:10A5880078607B68DA7A7B681A737B681A7B7B68E9
:10A598005B7B9A4210D07B681A7B7B685A737B6816
:10A5A80001229A737B6803F10A027B681B7B9BB2CA
:10A5B80019461046FCF738FD00BF0837BD4680BD78
:10A5C80080B582B000AF78607B681A687B689B882A
:10A5D80019461046F9F734F903461A467B685B7A40
:10A5E8009A4201D1012300E0002318460837BD46EE
:10A5F80080BD80B582B000AF7860F7F7D5FB024622
:10A608007B68934205D8F7F7CFFB02467B68D31ADD
:10A6180004E0F7F7C9FB02467B68D31A18460837E7
:10A62800BD4680BD80B500AFF7F7BEFB03461846B0
:10A6380080BD80B584B000AFF860B9607A60BB684F
:10A648001B681846FFF7D5FF02467B68934206D879
:10A65800FB689847F7F7A8FB0246BB681A6000BF7B
:10A668001037BD4680BD000080B582B000AF78606D
:10A678003960114B93F8503019460F4A3B6842F83D
:10A6880031300D4B93F850300B4ADB0013447A6895
:10A698005A60094B93F850300133DAB2064B83F80D
:10A6A8005020054B93F85030092B01D9F7F734F8AF
:10A6B80000BF0837BD4680BDF8DB002080B582B0FA
:10A6C80000AF786039607B683A681A603B681B683D
:10A6D80019467868FFF7C8FF00BF0837BD4680BD38
:10A6E80080B582B000AF786000BF7B6818687B686F
:10A6F80003F6140301221946FBF70CF90346002B55
:10A70800F3D100BF00BF0837BD4680BD80B584B017
:10A7180000AFF860B9601346FB80FB68012283F83C
:10A728001528FB68BA68C3F81628FB68FA88A3F8E6
:10A738001A28F86800F021F800BF1037BD4680BD20
:10A7480080B483B000AF78607B6893F81538012B2C
:10A758000DD17B68D3F816385A697B68B3F81A3874
:10A768009BB219467B68D3F816380A435A6100BF72
:10A778000C37BD465DF8047B704780B483B000AFEA
:10A7880078607B6893F81538012B0ED17B68D3F875
:10A7980016385A697B68B3F81A389BB2DB431946F6
:10A7A8007B68D3F816380A405A6100BF0C37BD469B
:10A7B8005DF8047B704780B483B000AF78607B6835
:10A7C8001B78012B1FD17B685B78002B0ED17B682F
:10A7D800D3F802305A697B68DB889BB2DB431946A1
:10A7E8007B68D3F802300A405A610CE07B68D3F8E2
:10A7F80002305A697B68DB889BB219467B68D3F8BC
:10A8080002300A435A6100BF0C37BD465DF8047B2D
:10A81800704780B483B000AF78607B681B78012BE9
:10A8280023D17B685B78002B1FD17B685B78002B7A
:10A838000DD17B68D3F802305A697B68DB889BB2FC
:10A8480019467B68D3F802300A435A610DE07B68E9
:10A85800D3F802305A697B68DB889BB2DB43194620
:10A868007B68D3F802300A405A6100BF0C37BD46F6
:10A878005DF8047B704780B584B000AF7860002332
:10A88800FB607B685A687B689B689A4209D1786844
:10A89800FFF773FF7B6803F61C031846FFF7B9FF41
:10A8A8002DE07B685A687B689B689A4206D97B686A
:10A8B8005A687B689B68D31AFB600AE07B685A6811
:10A8C8007B689B689A4204D27B689B68C3F5806367
:10A8D800FB607868FFF734FF7B6803F61C031846B3
:10A8E800FFF769FF7B6818687B689B6808337A689C
:10A8F80013440433FA6892B21946FAF7C6FF1037C0
:10A90800BD4680BD80B483B000AF78600B46FB7055
:10A918007B685B687A681344FA781A737B685B68AB
:10A928005A1C7B685A607B685B68B3F5806F08D3F4
:10A938007B6800221A7100225A7100229A71002243
:10A94800DA7100BF0C37BD465DF8047B704780B5EF
:10A9580082B000AF78600B46FB70FB7819467868C8
:10A96800FFF7D0FF7868FFF786FF00BF0837BD46BE
:10A9780080BD80B586B000AFF860B9607A6000230A
:10A988007B610AE07B695A1C7A611A46BB681344EA
:10A998001B781946F868FFF7B5FF7B685A1E7A607E
:10A9A800002BEFD1F868FFF766FF00BF1837BD46E8
:10A9B80080BD000080B485B000AF78600023FB60E4
:10A9C800164B93F85030FB720023BB720023BB7206
:10A9D80017E0BB7ADBB21A46104B53F832301A46EE
:10A9E8007B68934208D1BB7ADBB20C4ADB00134484
:10A9F8005B68FB60FB680AE0BB7ADBB20133DBB261
:10AA0800BB72BB7ADBB2FA7A9A42E2D8FB68184684
:10AA18001437BD465DF8047B704700BFF8DB0020A3
:10AA280080B584B000AF78607B681B681846FFF774
:10AA3800C1FFB8600023FB60BB68002B42D0BB6835
:10AA48009B68BA681268928C1A44BB689A60BB68A3
:10AA58009B68B3F5806F05D3BB689B68A3F58062DC
:10AA6800BB689A60BB685A68BB689B689A421FD0EB
:10AA7800BB685A68BB689B689A4206D9BB685A6823
:10AA8800BB689B68D31AFB6004E0BB689B68C3F58E
:10AA98008063FB60BB681868BB689B680833BA684A
:10AAA80013440433FA6892B21946FAF7EEFE0AE044
:10AAB800B868FFF762FEBB6803F61C031846FFF789
:10AAC800A8FE00E000BF1037BD4680BD80B584B049
:10AAD80000AF78607B681B681846FFF76BFFF8606B
:10AAE800FB68002B31D0FB68D3F80C34FA6892F875
:10AAF8001418FA6813440A4683F81424FB68D3F838
:10AB08000C345A1CFB68C3F80C24FB68D3F80C34CB
:10AB1800B3F5806F0CD3FB68002283F80C24002265
:10AB280083F80D24002283F80E24002283F80F24D2
:10AB380000BFFB6803F61403012219467868FAF788
:10AB4800E9FE0346002BF4D100E000BF1037BD46F4
:10AB580080BD80B582B000AF786039607B68D3F87B
:10AB68000C247B68D3F810349A422AD07B68D3F837
:10AB780010347A68134493F814243B681A707B687D
:10AB8800D3F810345A1C7B68C3F810247B68D3F8B8
:10AB98001034B3F5806F0CD37B68002283F810243F
:10ABA800002283F81124002283F81224002283F85B
:10ABB80013247B6803F624031846FFF7FCFD0123E2
:10ABC80006E07B6803F624031846FFF722FE0023FD
:10ABD80018460837BD4680BD80B485B000AF03462F
:10ABE800B9607A60FB7300BF1437BD465DF8047B1B
:10ABF800704780B485B000AF0346B9607A60FB73D4
:10AC080000BF1437BD465DF8047B704780B485B03B
:10AC180000AF0346B9607A60FB7300BF1437BD46C6
:10AC28005DF8047B704780B485B000AF0346B96017
:10AC38007A60FB7300BF1437BD465DF8047B70472C
:10AC480080B485B000AF0346B9607A60FB7300BF7B
:10AC58001437BD465DF8047B704780B485B000AFFB
:10AC68000346B9607A60FB7300BF1437BD465DF8D0
:10AC7800047B704780B485B000AF0346B9607A6042
:10AC8800FB7300BF1437BD465DF8047B704780B482
:10AC980085B000AF0346B9607A60FB7300BF143714
:10ACA800BD465DF8047B704780B485B000AF0346AD
:10ACB800B9607A60FB7300BF1437BD465DF8047B4A
:10ACC800704790B589B006AF0446084611461A4643
:10ACD8002346FB710346BB710B467B7113463B71E0
:10ACE8007979BA793B7F04933B7E039301230293DE
:10ACF800062301933B7900930B460421002001F0C1
:10AD0800F5FB0446386A01F027FB0246FB79214629
:10AD1800184601F01FFA00BF0C37BD4690BD80B43D
:10AD280085B000AF0346B9607A60FB7300BF143783
:10AD3800BD465DF8047B704780B485B000AF03461C
:10AD4800B9607A60FB7300BF1437BD465DF8047BB9
:10AD5800704780B485B000AF0346B9607A60FB7372
:10AD680000BF1437BD465DF8047B704780B485B0DA
:10AD780000AF0346B9607A60FB7300BF1437BD4665
:10AD88005DF8047B704780B485B000AF0346B960B6
:10AD98007A60FB7300BF1437BD465DF8047B7047CB
:10ADA80080B485B000AF0346B9607A60FB7300BF1A
:10ADB8001437BD465DF8047B704780B485B000AF9A
:10ADC8000346B9607A60FB7300BF1437BD465DF86F
:10ADD800047B704780B485B000AF0346B9607A60E1
:10ADE800FB7300BF1437BD465DF8047B704790B510
:10ADF80089B006AF0446084611461A462346FB7139
:10AE08000346BB710B467B7113463B717979BA795E
:10AE18003B7F04933B7E039300230293002301931B
:10AE28003B7900930B460021002001F05FFB0446AC
:10AE380001F0A4FA0246FB792146184601F08AF986
:10AE480000BF0C37BD4690BD80B485B000AF034647
:10AE5800B9607A60FB7300BF1437BD465DF8047BA8
:10AE6800704780B485B000AF0346B9607A60FB7361
:10AE780000BF1437BD465DF8047B704790B589B0B4
:10AE880006AF0446084611461A462346FB71034698
:10AE9800BB710B467B7113463B717979BA793B7F5D
:10AEA80004933B7E039301230293002301933B7990
:10AEB80000930B460721012001F018FB0446BB8DC7
:10AEC8003A8DB98C97F8200001F062FA0246FB79B6
:10AED8002146184601F03EF900BF0C37BD4690BD2B
:10AEE80080B485B000AF0346B9607A60FB7300BFD9
:10AEF8001437BD465DF8047B704780B485B000AF59
:10AF08000346B9607A60FB7300BF1437BD465DF82D
:10AF1800047B704780B485B000AF0346B9607A609F
:10AF2800FB7300BF1437BD465DF8047B704780B4DF
:10AF380085B000AF0346B9607A60FB7300BF143771
:10AF4800BD465DF8047B704780B485B000AF03460A
:10AF5800B9607A60FB7300BF1437BD465DF8047BA7
:10AF6800704790B589B006AF0446084611461A46A0
:10AF78002346FB710346BB710B467B7113463B713D
:10AF88007979BA793B7F04933B7E03930323029339
:10AF9800002301933B7900930B460221002001F026
:10AFA800A5FA044697F8242097F820301146184649
:10AFB80001F016FA0246FB792146184601F0CAF854
:10AFC80000BF0C37BD4690BD90B589B006AF0446AA
:10AFD800084611461A462346FB710346BB710B46C9
:10AFE8007B7113463B717979BA793B7F04933B7E39
:10AFF800039303230293002301933B7900930B46A9
:10B008000221012001F072FA044697F8242097F8EB
:10B0180020301146184601F0FDF90246FB79214619
:10B02800184601F097F800BF0C37BD4690BD80B4B4
:10B0380085B000AF0346B9607A60FB7300BF143770
:10B04800BD465DF8047B704790B589B006AF0446ED
:10B05800084611461A462346FB710346BB710B4648
:10B068007B7113463B717979BA793B7F04933B7EB8
:10B07800039304230293002301933B7900930B4627
:10B088000421002001F032FA0446386A01F0DCF9A4
:10B098000246FB792146184601F05CF800BF0C37E0
:10B0A800BD4690BD90B589B006AF04460846114626
:10B0B8001A462346FB710346BB710B467B71134648
:10B0C8003B717979BA793B7F04933B7E03930423E0
:10B0D8000293002301933B7900930B46042101203E
:10B0E80001F004FA0446386A01F0C0F90246FB7917
:10B0F8002146184601F02EF800BF0C37BD4690BD1A
:10B1080080B485B000AF0346B9607A60FB7300BFB6
:10B118001437BD465DF8047B704780B485B000AF36
:10B128000346B9607A60FB7300BF1437BD465DF80B
:10B13800047B704790B589B006AF044608461146AF
:10B148001A462346FB710346BB710B467B711346B7
:10B158003B717979BA793B7F04933B7E039305234E
:10B168000293002301933B7900930B4600210120B1
:10B1780001F0BCF9044601F08BF90246FB7921463F
:10B18800184600F0E7FF00BF0C37BD4690BD80B4FD
:10B1980085B000AF0346B9607A60FB7300BF14370F
:10B1A800BD465DF8047B704790B589B006AF04468C
:10B1B800084611461A462346FB710346BB710B46E7
:10B1C8007B7113463B717979BA793B7F04933B7E57
:10B1D800039306230293002301933B7900930B46C4
:10B1E8000021012001F082F9044601F05BF90246D2
:10B1F800FB792146184600F0ADFF00BF0C37BD466D
:10B2080090BD80B485B000AF0346B9607A60FB7327
:10B2180000BF1437BD465DF8047B704780B485B025
:10B2280000AF0346B9607A60FB7300BF1437BD46B0
:10B238005DF8047B704780B485B000AF0346B96001
:10B248007A60FB7300BF1437BD465DF8047B704716
:10B2580080B485B000AF0346B9607A60FB7300BF65
:10B268001437BD465DF8047B704780B485B000AFE5
:10B278000346B9607A60FB7300BF1437BD465DF8BA
:10B28800047B704780B485B000AF0346B9607A602C
:10B29800FB7300BF1437BD465DF8047B704780B46C
:10B2A80085B000AF0346B9607A60FB7300BF1437FE
:10B2B800BD465DF8047B704780B485B000AF034697
:10B2C800B9607A60FB7300BF1437BD465DF8047B34
:10B2D800704780B485B000AF0346B9607A60FB73ED
:10B2E80000BF1437BD465DF8047B704780B485B055
:10B2F80000AF0346B9607A60FB7300BF1437BD46E0
:10B308005DF8047B704780B485B000AF0346B96030
:10B318007A60FB7300BF1437BD465DF8047B704745
:10B3280080B485B000AF0346B9607A60FB7300BF94
:10B338001437BD465DF8047B704780B485B000AF14
:10B348000346B9607A60FB7300BF1437BD465DF8E9
:10B35800047B704780B485B000AF0346B9607A605B
:10B36800FB7300BF1437BD465DF8047B704780B49B
:10B3780085B000AF0346B9607A60FB7300BF14372D
:10B38800BD465DF8047B704780B485B000AF0346C6
:10B39800B9607A60FB7300BF1437BD465DF8047B63
:10B3A800704780B485B000AF0346B9607A60FB731C
:10B3B80000BF1437BD465DF8047B704780B485B084
:10B3C80000AF0346B9607A60FB7300BF1437BD460F
:10B3D8005DF8047B704780B485B000AF0346B96060
:10B3E8007A60FB7300BF1437BD465DF8047B704775
:10B3F80080B485B000AF0346B9607A60FB7300BFC4
:10B408001437BD465DF8047B704780B485B000AF43
:10B418000346B9607A60FB7300BF1437BD465DF818
:10B42800047B704780B485B000AF0346B9607A608A
:10B43800FB7300BF1437BD465DF8047B704780B4CA
:10B4480085B000AF0346B9607A60FB7300BF14375C
:10B45800BD465DF8047B704780B485B000AF0346F5
:10B46800B9607A60FB7300BF1437BD465DF8047B92
:10B47800704780B485B000AF0346B9607A60FB734B
:10B4880000BF1437BD465DF8047B704780B485B0B3
:10B4980000AF0346B9607A60FB7300BF1437BD463E
:10B4A8005DF8047B704780B485B000AF0346B9608F
:10B4B8007A60FB7300BF1437BD465DF8047B7047A4
:10B4C80080B485B000AF0346B9607A60FB7300BFF3
:10B4D8001437BD465DF8047B704780B485B000AF73
:10B4E8000346B9607A60FB7300BF1437BD465DF848
:10B4F800047B704780B485B000AF0346B9607A60BA
:10B50800FB7300BF1437BD465DF8047B704780B4F9
:10B5180085B000AF0346B9607A60FB7300BF14378B
:10B52800BD465DF8047B704780B485B000AF034624
:10B53800B9607A60FB7300BF1437BD465DF8047BC1
:10B54800704780B485B000AF0346B9607A60FB737A
:10B5580000BF1437BD465DF8047B704780B485B0E2
:10B5680000AF0346B9607A60FB7300BF1437BD466D
:10B578005DF8047B704780B485B000AF0346B960BE
:10B588007A60FB7300BF1437BD465DF8047B7047D3
:10B5980080B485B000AF0346B9607A60FB7300BF22
:10B5A8001437BD465DF8047B704780B485B000AFA2
:10B5B8000346B9607A60FB7300BF1437BD465DF877
:10B5C800047B704780B485B000AF0346B9607A60E9
:10B5D800FB7300BF1437BD465DF8047B704780B429
:10B5E80085B000AF0346B9607A60FB7300BF1437BB
:10B5F800BD465DF8047B704780B485B000AF034654
:10B60800B9607A60FB7300BF1437BD465DF8047BF0
:10B61800704780B485B000AF0346B9607A60FB73A9
:10B6280000BF1437BD465DF8047B704780B485B011
:10B6380000AF0346B9607A60FB7300BF1437BD469C
:10B648005DF8047B704780B485B000AF0346B960ED
:10B658007A60FB7300BF1437BD465DF8047B704702
:10B6680080B485B000AF0346B9607A60FB7300BF51
:10B678001437BD465DF8047B704780B485B000AFD1
:10B688000346B9607A60FB7300BF1437BD465DF8A6
:10B69800047B704790B589B006AF0446084611464A
:10B6A8001A462346FB710346BB710B467B71134652
:10B6B8003B717979BA793B7F04933B7E03930023EE
:10B6C8000293052301933B7900930B460221002046
:10B6D80000F00CFF044697F8242097F82030114614
:10B6E800184600F0E9FE0246FB792146184600F0AC
:10B6F80031FD00BF0C37BD4690BD80B485B000AFAA
:10B708000346B9607A60FB7300BF1437BD465DF825
:10B71800047B704780B485B000AF0346B9607A6097
:10B72800FB7300BF1437BD465DF8047B704780B4D7
:10B7380085B000AF0346B9607A60FB7300BF143769
:10B74800BD465DF8047B704780B483B000AF786075
:10B758000F4B1B780E4A9B01134404337A681A6016
:10B768000B4B1B7818460A4B1978094A8301134476
:10B7780008330A461A70064B1B780133DAB2044BB9
:10B788001A7000BF0C37BD465DF8047B704700BFD8
:10B7980070DC002080B483B000AF0346FB71044A1C
:10B7A800FB79537000BF0C37BD465DF8047B7047CA
:10B7B8004CDC002080B485B000AF03460A46FB711C
:10B7C8001346BB710023FB6011E0FB68DAB20D4B36
:10B7D8001B78591CC8B20B4908701946FB791344E9
:10B7E800DAB2084B0B449A70FB680133FB60BB79F3
:10B7F800FA689A42E9DB00BF00BF1437BD465DF81E
:10B80800047B70474CDC002080B400AFFEE70000EA
:10B8180080B483B000AF78600B467B8013467B70A2
:10B828001F4B1B78002B34D11D4B1B7819461C4A23
:10B838000B465B000B449B001344013301221A7032
:10B84800174B1B781946164A0B465B000B449B00A6
:10B8580013447A68C3F80220114B1B781946104A22
:10B868000B465B000B449B00134406337A881A800E
:10B878000B4B1B785A1CD1B2094A11701946084A59
:10B888000B465B000B449B00134408337A781A700C
:10B8980000E000BF0C37BD465DF8047B704700BF71
:10B8A800B8F6002090B583B000AF0346FB71FB7972
:10B8B800002B65D1FA79344913465B0013449B0089
:10B8C8000B4401331B78002B5BD0FA792E491346C1
:10B8D8005B0013449B000B4408331B78002B21D1D9
:10B8E800FA79294913465B0013449B000B44D3F8AB
:10B8F80002305969FA79244813465B0013449B00C7
:10B90800034406331B88DB431C46FA791E4813465A
:10B918005B0013449B000344D3F8023001EA04029D
:10B928005A611FE0FA79184913465B0013449B00DB
:10B938000B44D3F802305969FA79134813465B006F
:10B9480013449B00034406331B881C46FA790E48AF
:10B9580013465B0013449B000344D3F8023041EACA
:10B9680004025A61FC79F6F71FFA02460649234693
:10B978005B0023449B000B440833C3F8012000E01C
:10B9880000BF0C37BD4690BDB8F6002090B583B017
:10B9980000AF00237B6069E03A497A6813465B0090
:10B9A80013449B000B4401331B78002B5BD03549B3
:10B9B8007A6813465B0013449B000B440833D3F8A2
:10B9C8000140F6F7F1F903469C424CD02D497A68BC
:10B9D80013465B0013449B000B4408331B78002B71
:10B9E80020D128497A6813465B0013449B000B4416
:10B9F800D3F80230596923487A6813465B00134428
:10BA08009B00034406331B881C461E487A6813466D
:10BA18005B0013449B000344D3F8023041EA04025C
:10BA28005A6120E017497A6813465B0013449B006B
:10BA38000B44D3F80230596912487A6813465B0000
:10BA480013449B00034406331B88DB431C460D4804
:10BA58007A6813465B0013449B000344D3F8023012
:10BA680001EA04025A617B6801337B60054B1B784D
:10BA78001A467B6893428FDB00BF00BF0C37BD4678
:10BA880090BD00BFB8F6002080B483B000AF034675
:10BA9800FB71FB79174941F6042203FB02F20A44C1
:10BAA80002321288013290B2124A41F6042101FB97
:10BAB80003F31344023302461A80FB790D4A41F618
:10BAC800042101FB03F3134402331B88B3F5007F01
:10BAD80009D3FB79074A41F6042101FB03F3134418
:10BAE800023300221A8000BF0C37BD465DF8047B84
:10BAF800704700BFB4DC002080B483B000AF0346B9
:10BB0800FB71FB79154941F6042203FB02F20A4452
:10BB18001288013290B2114A41F6042101FB03F365
:10BB2800134402461A80FB790C4A41F6042101FBB2
:10BB380003F313441B88B3F5007F08D3FB79074A46
:10BB480041F6042101FB03F3134400221A8000BFCD
:10BB58000C37BD465DF8047B704700BFB4DC00209D
:10BB680080B483B000AF786000BF0C37BD465DF885
:10BB7800047B704790B585B000AF78607B681B6820
:10BB8800434A93427DD10023FB6073E07B681A68C7
:10BB98004049FB689B010B4404331B681B689A42AD
:10BBA80065D1FB689B0108333A4A1344191D3A4A88
:10BBB800FB6841F6042000FB03F3134402331B889F
:10BBC80003F5A073DA00FB6841F6042000FB03F3D9
:10BBD8001344314A134404330A4600217868F6F7BF
:10BBE8001FFC0346002B01D0FFF70EFE294AFB6815
:10BBF8009B0113441C331C68274AFB6841F6042147
:10BC080001FB03F3134402331B881846E4B22249AC
:10BC1800FA6803469B00034441F6042000FB02F245
:10BC280013440B44043322461A701B4AFB6841F63E
:10BC3800042101FB03F3134402331B881C46154AF5
:10BC4800FB689B01134410331A681348F9682346AC
:10BC58009B00234441F6042404FB01F10B440344F4
:10BC6800C3F80520FB68DBB21846FFF70DFFFB6839
:10BC78000133FB60074B1B781A46FB68934285DB50
:10BC880002E07868FFF76CFF00BF1437BD4690BD2F
:10BC98000064004070DC0020B4DC002090B585B062
:10BCA80000AF0023FB6095E0514AFB6841F6042190
:10BCB80001FB03F3134402331A884D49FB6841F62C
:10BCC800042000FB03F30B441B889A427FD0484AA8
:10BCD800FB6841F6042101FB03F313441B881A4651
:10BCE80013469B001344FA6841F6042101FB02F253
:10BCF80013443F4A134404337B600023BB605BE07A
:10BD08007B68DB78C3F30313DBB21A46394B5B78E5
:10BD18009A4206D07B68DB7823F00F03DBB2F02B66
:10BD280047D17B685B78C3F30403DBB21946314A19
:10BD3800BB68134402331B78994206D07B685B7852
:10BD480003F01F03DBB21F2B33D1FB68DBB21846AD
:10BD5800FFF7A8FDFB68D8B2254AFB6841F6042125
:10BD680001FB03F313441B881A4613469B00134434
:10BD7800FA6841F6042101FB02F213441C4A1344F9
:10BD8800191D1B4AFB6841F6042404FB03F3134402
:10BD98001B8803F5A073DA00FB6841F6042404FB52
:10BDA80003F31344124A134404331A4600F028FCE0
:10BDB80008E0BB680133BB600E4B1B781A46BB68B2
:10BDC80093429DDBFB68DBB21846FFF795FEFB68E4
:10BDD8000133FB60084B1B781A46FB689342FFF659
:10BDE80063AFFFF7D3FD00BF1437BD4690BD00BF5A
:10BDF800B4DC00204CDC002070DC002080B400AFF4
:10BE0800FEE7000080B483B000AF78600B467B800B
:10BE180013467B701F4B1B78002B34D11D4B1B78AE
:10BE280019461C4A0B465B000B449B001344013324
:10BE380001221A70174B1B781946164A0B465B00ED
:10BE48000B449B0013447A68C3F80220114B1B78FB
:10BE58001946104A0B465B000B449B0013440633FB
:10BE68007A881A800B4B1B785A1CD1B2094A117078
:10BE78001946084A0B465B000B449B0013440833E1
:10BE88007A781A7000E000BF0C37BD465DF8047B75
:10BE9800704700BFDC10012090B583B000AF0346A7
:10BEA800FB71FB79002B65D1FA79344913465B00A5
:10BEB80013449B000B4401331B78002B5BD0FA79A9
:10BEC8002E4913465B0013449B000B4408331B7830
:10BED800002B21D1FA79294913465B0013449B00B2
:10BEE8000B44D3F802305969FA79244813465B00A9
:10BEF80013449B00034406331B88DB431C46FA7932
:10BF08001E4813465B0013449B000344D3F80230D9
:10BF180001EA04025A611FE0FA79184913465B00E6
:10BF280013449B000B44D3F802305969FA7913483B
:10BF380013465B0013449B00034406331B881C46CE
:10BF4800FA790E4813465B0013449B000344D3F868
:10BF5800023041EA04025A61FC79F5F725FF0246EE
:10BF6800064923465B0023449B000B440833C3F86F
:10BF7800012000E000BF0C37BD4690BDDC10012059
:10BF880090B583B000AF00237B6069E03A497A68D6
:10BF980013465B0013449B000B4401331B78002BB2
:10BFA8005BD035497A6813465B0013449B000B4409
:10BFB8000833D3F80140F5F7F7FE03469C424CD00E
:10BFC8002D497A6813465B0013449B000B440833E1
:10BFD8001B78002B20D128497A6813465B0013444C
:10BFE8009B000B44D3F80230596923487A681346FA
:10BFF8005B0013449B00034406331B881C461E4801
:10C008007A6813465B0013449B000344D3F802305C
:10C0180041EA04025A6120E017497A6813465B0036
:10C0280013449B000B44D3F80230596912487A68CC
:10C0380013465B0013449B00034406331B88DB4311
:10C048001C460D487A6813465B0013449B00034462
:10C05800D3F8023001EA04025A617B6801337B603D
:10C06800054B1B781A467B6893428FDB00BF00BFE5
:10C078000C37BD4690BD00BFDC10012080B483B0F2
:10C0880000AF0346FB71FB79174941F6042203FB15
:10C0980002F20A4402321288013290B2124A41F680
:10C0A800042101FB03F31344023302461A80FB798F
:10C0B8000D4A41F6042101FB03F3134402331B88A4
:10C0C800B3F5007F09D3FB79074A41F6042101FB48
:10C0D80003F31344023300221A8000BF0C37BD4615
:10C0E8005DF8047B704700BFC8F6002080B483B0B9
:10C0F80000AF0346FB71FB79154941F6042203FBA7
:10C1080002F20A441288013290B2114A41F604211F
:10C1180001FB03F3134402461A80FB790C4A41F6EB
:10C12800042101FB03F313441B88B3F5007F08D3F4
:10C13800FB79074A41F6042101FB03F3134400226B
:10C148001A8000BF0C37BD465DF8047B704700BFFE
:10C15800C8F6002080B584B000AF0346B9607A60A5
:10C16800FB73FA7BFB7B1E4941F6042000FB03F3BB
:10C178000B4402331B8819460B469B000B4441F6BF
:10C18800042101FB02F21344154A13440433052227
:10C19800B968184601F08EF9FB7BFA7B104941F625
:10C1A800042000FB02F20A440232128802F5A0724F
:10C1B800D20041F6042101FB03F31344084A134457
:10C1C800181DBB681B781A46796801F073F9FB7B68
:10C1D8001846FFF753FF00BF1037BD4680BD00BFAC
:10C1E800C8F6002090B583B000AF00237B60A1E0C3
:10C1F800574A7B6841F6042101FB03F313440233D9
:10C208001A8853497B6841F6042000FB03F30B446A
:10C218001B889A4200F08B804E4A7B689B0113442E
:10C2280004331B681846F6F7C6F80346032B7ED17D
:10C23800484A7B689B011344303304221A60444AFD
:10C248007B6841F6042101FB03F313441B8818465D
:10C258003F497A6803469B00034441F6042000FBEB
:10C2680002F213440B4404331B781946394A7B689D
:10C278009B01134438331960354A7B6841F6042121
:10C2880001FB03F313441B88184631497A680346B7
:10C298009B00034441F6042000FB02F213440B44C4
:10C2A800D3F805202B497B689B010B442C331A607B
:10C2B800284A7B689B0113443C3300221A70254AA4
:10C2C8007B689B011344043318687B689B01203307
:10C2D800204A134403F108011D4A7B6841F60424EF
:10C2E80004FB03F313441B8803F5A073DA007B688F
:10C2F80041F6042404FB03F31344154A13441A1D9E
:10C308007B689B013833134C23440833F5F778FFD7
:10C318000346002B01D0FFF771FD7B68DBB218469E
:10C32800FFF7E4FE7B68DBB21846FFF7B5FD7B68D4
:10C3380001337B60074B1B781A467B689342FFF6F4
:10C3480057AFFFF71DFE00BF0C37BD4690BD00BFBD
:10C35800C8F6002070DC002080B485B000AF78609B
:10C36800054BFB60FB687A681A60034B1846143764
:10C37800BD465DF8047B7047D410012080B400AF3F
:10C38800024B1846BD465DF8047B7047D410012067
:10C3980090B484B000AF0446084611461A462346B6
:10C3A800FB710346BB800B467B8013463B800B4BDF
:10C3B800FB60FB68FA791A70FB68BA88A3F8012059
:10C3C800FB687A88A3F80320FB683A88A3F805205D
:10C3D800024B18461037BD4690BC7047D410012058
:10C3E80080B485B000AF03460A46FB711346BB71A3
:10C3F800074BFB60FB68FA791A70FB68BA795A70C8
:10C40800034B18461437BD465DF8047B704700BFE0
:10C41800D410012080B485B000AF03460A46FB71F2
:10C428001346BB71074BFB60FB68FA791A70FB680F
:10C43800BA795A70034B18461437BD465DF8047B29
:10C44800704700BFD410012080B485B000AF786079
:10C45800054BFB60FB687A681A60034B1846143773
:10C46800BD465DF8047B7047D410012080B485B0C8
:10C4780000AF7860054BFB60FB687A681A60034B75
:10C4880018461437BD465DF8047B7047D410012068
:10C4980080B400AF024B1846BD465DF8047B704778
:10C4A800D410012080B400AF024B1846BD465DF899
:10C4B800047B7047D410012080B485B000AF0346D8
:10C4C8000A46FB711346BB71074BFB60FB68FA79A0
:10C4D8001A70FB68BA795A70034B18461437BD4670
:10C4E8005DF8047B704700BFD410012090B482B07F
:10C4F80000AF0446084611461A462346FB71034618
:10C50800BB710B467B7113463B713C4ABB79137078
:10C518007B7903F00103D9B2384A137961F3041324
:10C5280013713B7903F00F03D9B2344A137961F3DD
:10C53800030313713B7C03F00F03D9B22F4AD3785E
:10C5480061F30713D370FB7903F00303D9B22B4AC5
:10C55800D37861F38303D3703B7D03F00F03DAB222
:10C56800264B02F003018C01997801F03F0108463F
:10C578002146014399709208D2B202F0030202F0F8
:10C588000300DA7822F00302114602460A43DA7001
:10C598003B7E03F00F03D9B2184A937861F3850301
:10C5A80093703B7F03F01F03DAB2144B02F00701CC
:10C5B8004C01597801F01F01084621460143597082
:10C5C800D208D2B202F0030202F003009A7822F0F5
:10C5D8000302114602460A439A7097F8203003F086
:10C5E8001F03D9B2054A537861F304035370034B10
:10C5F80018460837BD4690BC704700BFCC100120D4
:10C6080080B584B000AF0346B9607A60FB73BB683D
:10C618009A789209D2B2DB7803F003039B001343A4
:10C62800DBB2072B4AD801A252F823F055C60008FE
:10C6380063C6000871C600087FC600088DC60008DA
:10C648009BC60008A9C60008B7C60008FB7B7A6825
:10C65800B968184600F070F930E0FB7B7A68B96871
:10C66800184600F0BDFD29E0FB7B7A68B9681846DA
:10C6780000F07AFB22E0FB7B7A68B968184600F084
:10C6880021F81BE0FB7B7A68B968184600F0A7FE22
:10C6980014E0FB7B7A68B968184600F059FE0DE093
:10C6A800FB7B7A68B968184600F054F806E0FB7B13
:10C6B8007A68B968184600F0D7FA00BF00BF10378B
:10C6C800BD4680BD80B584B000AF0346B9607A60CE
:10C6D800FB73BB689B78C3F38303DBB2002B06D1E3
:10C6E800FB7B7A68B968184600F005F800BF00BF00
:10C6F8001037BD4680BD80B584B000AF0346B96031
:10C708007A60FB73BB68DB78C3F38103DBB2022B6F
:10C7180014D0022B19DC002B02D0012B07D014E017
:10C72800FB7B7A68B9681846FEF756FA0DE0FB7B82
:10C738007A68B9681846FEF75CFA06E0FB7B7A6807
:10C74800B9681846FEF762FA00BF00BF1037BD4649
:10C7580080BD000080B584B000AF0346B9607A6040
:10C76800FB73BB689B78C3F38303DBB2032B27D827
:10C7780001A252F823F000BF91C700089FC7000824
:10C78800ADC70008BBC70008FB7B7A68B9681846C4
:10C7980000F01AF814E0FB7B7A68B968184600F0D4
:10C7A80041F80DE0FB7B7A68B968184600F068F834
:10C7B80006E0FB7B7A68B968184600F08FF800BF7E
:10C7C80000BF1037BD4680BD80B584B000AF0346BA
:10C7D800B9607A60FB73BB68DB78C3F38103DBB2B3
:10C7E800022B14D0022B19DC002B02D0012B07D00E
:10C7F80014E0FB7B7A68B9681846FEF714FA0DE076
:10C80800FB7B7A68B9681846FEF71AFA06E0FB7BE4
:10C818007A68B9681846FEF720FA00BF00BF1037DB
:10C82800BD4680BD80B584B000AF0346B9607A606C
:10C83800FB73BB68DB78C3F38103DBB2022B14D034
:10C84800022B19DC002B02D0012B07D014E0FB7B54
:10C858007A68B9681846FEF70DFA0DE0FB7B7A682E
:10C86800B9681846FEF713FA06E0FB7B7A68B968E0
:10C878001846FEF719FA00BF00BF1037BD4680BD45
:10C8880080B584B000AF0346B9607A60FB73BB68BB
:10C89800DB78C3F38103DBB2022B14D0022B19DC43
:10C8A800002B02D0012B07D014E0FB7B7A68B96813
:10C8B8001846FEF734FA0DE0FB7B7A68B96818462B
:10C8C800FEF73AFA06E0FB7B7A68B9681846FEF785
:10C8D80040FA00BF00BF1037BD4680BD80B584B0A8
:10C8E80000AF0346B9607A60FB73BB68DB78C3F3BB
:10C8F8008103DBB2022B14D0022B19DC002B02D0EF
:10C90800012B07D014E0FB7B7A68B9681846FAF760
:10C9180021FF0DE0FB7B7A68B9681846FEF726FA16
:10C9280006E0FB7B7A68B9681846FEF72CFA00BF68
:10C9380000BF1037BD4680BD80B584B000AF034648
:10C94800B9607A60FB73BB689B78C3F38303DBB27F
:10C95800062B42D801A252F823F000BF81C9000873
:10C968008FC900089DC90008ABC90008B9C90008EB
:10C97800C7C90008D5C90008FB7B7A68B96818469A
:10C9880000F030F829E0FB7B7A68B968184600F0B7
:10C9980057F822E0FB7B7A68B968184600F07EF801
:10C9A8001BE0FB7B7A68B968184600F0A5F814E02C
:10C9B800FB7B7A68B968184600F0CCF80DE0FB7B81
:10C9C8007A68B968184600F0F3F806E0FB7B7A68E5
:10C9D800B968184600F01AF900BF00BF1037BD4605
:10C9E80080BD00BF80B584B000AF0346B9607A60EF
:10C9F800FB73BB68DB78C3F38103DBB2022B14D073
:10CA0800022B19DC002B02D0012B07D014E0FB7B92
:10CA18007A68B9681846FEF7C3F90DE0FB7B7A68B7
:10CA2800B9681846FEF7C9F906E0FB7B7A68B96869
:10CA38001846FEF7CFF900BF00BF1037BD4680BDCE
:10CA480080B584B000AF0346B9607A60FB73BB68F9
:10CA5800DB78C3F38103DBB2022B14D0022B19DC81
:10CA6800002B02D0012B07D014E0FB7B7A68B96851
:10CA78001846FAF7C5F80DE0FB7B7A68B9681846DE
:10CA8800FEF7E2F906E0FB7B7A68B9681846FEF71C
:10CA9800E8F900BF00BF1037BD4680BD80B584B03F
:10CAA80000AF0346B9607A60FB73BB68DB78C3F3F9
:10CAB8008103DBB2022B14D0022B19DC002B02D02D
:10CAC800012B07D014E0FB7B7A68B9681846FEF79B
:10CAD80007FA0DE0FB7B7A68B9681846FEF70DFA8D
:10CAE80006E0FB7B7A68B9681846FEF713FA00BFC0
:10CAF80000BF1037BD4680BD80B584B000AF034687
:10CB0800B9607A60FB73BB68DB78C3F38103DBB27F
:10CB1800022B14D0022B19DC002B02D0012B07D0DA
:10CB280014E0FB7B7A68B9681846FEF700FA0DE056
:10CB3800FB7B7A68B9681846FEF706FA06E0FB7BC5
:10CB48007A68B9681846FAF799FA00BF00BF103733
:10CB5800BD4680BD80B584B000AF0346B9607A6039
:10CB6800FB73BB68DB78C3F38103DBB2022B14D001
:10CB7800022B19DC002B02D0012B07D014E0FB7B21
:10CB88007A68B9681846FAF793F80DE0FB7B7A687B
:10CB9800B9681846FEF74BFA06E0FB7B7A68B96875
:10CBA8001846FAF779F900BF00BF1037BD4680BDB7
:10CBB80080B584B000AF0346B9607A60FB73BB6888
:10CBC800DB78C3F38103DBB2022B14D0022B19DC10
:10CBD800002B02D0012B07D014E0FB7B7A68B968E0
:10CBE8001846F9F7A7FF0DE0FB7B7A68B968184685
:10CBF800FEF786FA06E0FB7B7A68B9681846FEF706
:10CC08008CFA00BF00BF1037BD4680BD80B584B028
:10CC180000AF0346B9607A60FB73BB68DB78C3F387
:10CC28008103DBB2022B14D0022B19DC002B02D0BB
:10CC3800012B07D014E0FB7B7A68B9681846FAF72D
:10CC480075F80DE0FB7B7A68B9681846FEF79FFA1D
:10CC580006E0FB7B7A68B9681846FAF79BF800BFCC
:10CC680000BF1037BD4680BD80B584B000AF034615
:10CC7800B9607A60FB73BB689B78C3F38303DBB24C
:10CC8800002B02D0012B07D00DE0FB7B7A68B96836
:10CC9800184600F00CF806E0FB7B7A68B96818467D
:10CCA80000F033F800BF00BF1037BD4680BD80B527
:10CCB80084B000AF0346B9607A60FB73BB68DB7869
:10CCC800C3F38103DBB2022B14D0022B19DC002B37
:10CCD80002D0012B07D014E0FB7B7A68B9681846AC
:10CCE800F9F7FAFC0DE0FB7B7A68B9681846FEF79D
:10CCF80088FA06E0FB7B7A68B9681846FEF78EFA70
:10CD080000BF00BF1037BD4680BD80B584B000AFFE
:10CD18000346B9607A60FB73BB68DB78C3F38103B1
:10CD2800DBB2022B14D0022B19DC002B02D0012B12
:10CD380007D014E0FB7B7A68B9681846FEF77BFADF
:10CD48000DE0FB7B7A68B9681846FEF781FA06E0C1
:10CD5800FB7B7A68B9681846FEF787FA00BF00BF00
:10CD68001037BD4680BD000080B584B000AF0346D3
:10CD7800B9607A60FB73BB689B78C3F38303DBB24B
:10CD8800092B5DD801A252F823F000BFBDCD0008E1
:10CD9800CBCD0008D9CD0008E7CD0008F5CD0008B7
:10CDA80003CE000811CE00081FCE00082DCE0008C3
:10CDB8003BCE0008FB7B7A68B968184600F044F857
:10CDC8003EE0FB7B7A68B968184600F06BF837E0FC
:10CDD800FB7B7A68B968184600F092F830E0FB7B74
:10CDE8007A68B968184600F0B9F829E0FB7B7A68D8
:10CDF800B968184600F0E0F822E0FB7B7A68B96869
:10CE0800184600F007F91BE0FB7B7A68B9681846FA
:10CE180000F02EF914E0FB7B7A68B968184600F038
:10CE280055F90DE0FB7B7A68B968184600F07CF983
:10CE380006E0FB7B7A68B968184600F0A3F900BFE2
:10CE480000BF1037BD4680BD80B584B000AF034633
:10CE5800B9607A60FB73BB68DB78C3F38103DBB22C
:10CE6800022B14D0022B19DC002B02D0012B07D087
:10CE780014E0FB7B7A68B9681846FEF703FA0DE000
:10CE8800FB7B7A68B9681846FEF709FA06E0FB7B6F
:10CE98007A68B9681846FEF70FFA00BF00BF103766
:10CEA800BD4680BD80B584B000AF0346B9607A60E6
:10CEB800FB73BB68DB78C3F38103DBB2022B14D0AE
:10CEC800022B19DC002B02D0012B07D014E0FB7BCE
:10CED8007A68B9681846FEF7FCF90DE0FB7B7A68BA
:10CEE800B9681846FEF702FA06E0FB7B7A68B9686B
:10CEF8001846FEF708FA00BF00BF1037BD4680BDD0
:10CF080080B584B000AF0346B9607A60FB73BB6834
:10CF1800DB78C3F38103DBB2022B14D0022B19DCBC
:10CF2800002B02D0012B07D014E0FB7B7A68B9688C
:10CF38001846FEF7F5F90DE0FB7B7A68B9681846E4
:10CF4800FEF7FBF906E0FB7B7A68B9681846FEF73E
:10CF580001FA00BF00BF1037BD4680BD80B584B060
:10CF680000AF0346B9607A60FB73BB68DB78C3F334
:10CF78008103DBB2022B14D0022B19DC002B02D068
:10CF8800012B07D014E0FB7B7A68B9681846FEF7D6
:10CF9800EEF90DE0FB7B7A68B9681846FEF7F4F9FC
:10CFA80006E0FB7B7A68B9681846FEF7FAF900BF15
:10CFB80000BF1037BD4680BD80B584B000AF0346C2
:10CFC800B9607A60FB73BB68DB78C3F38103DBB2BB
:10CFD800022B14D0022B19DC002B02D0012B07D016
:10CFE80014E0FB7B7A68B9681846FEF7E7F90DE0AC
:10CFF800FB7B7A68B9681846FEF7EDF906E0FB7B1B
:10D008007A68B9681846FEF7F3F900BF00BF103711
:10D01800BD4680BD80B584B000AF0346B9607A6074
:10D02800FB73BB68DB78C3F38103DBB2022B14D03C
:10D03800022B19DC002B02D0012B07D014E0FB7B5C
:10D048007A68B9681846FEF7E0F90DE0FB7B7A6864
:10D05800B9681846FEF7E6F906E0FB7B7A68B96816
:10D068001846FEF7ECF900BF00BF1037BD4680BD7B
:10D0780080B584B000AF0346B9607A60FB73BB68C3
:10D08800DB78C3F38103DBB2022B14D0022B19DC4B
:10D09800002B02D0012B07D014E0FB7B7A68B9681B
:10D0A8001846FEF7D9F90DE0FB7B7A68B96818468F
:10D0B800FEF7DFF906E0FB7B7A68B9681846FEF7E9
:10D0C800E5F900BF00BF1037BD4680BD80B584B00C
:10D0D80000AF0346B9607A60FB73BB68DB78C3F3C3
:10D0E8008103DBB2022B14D0022B19DC002B02D0F7
:10D0F800012B07D014E0FB7B7A68B9681846FEF765
:10D10800D2F90DE0FB7B7A68B9681846FEF7D8F9C2
:10D1180006E0FB7B7A68B9681846FEF7DEF900BFBF
:10D1280000BF1037BD4680BD80B584B000AF034650
:10D13800B9607A60FB73BB68DB78C3F38103DBB249
:10D14800022B14D0022B19DC002B02D0012B07D0A4
:10D1580014E0FB7B7A68B9681846FEF7CBF90DE056
:10D16800FB7B7A68B9681846FEF7D1F906E0FB7BC5
:10D178007A68B9681846FEF7D7F900BF00BF1037BC
:10D18800BD4680BD80B584B000AF0346B9607A6003
:10D19800FB73BB68DB78C3F38103DBB2022B14D0CB
:10D1A800022B19DC002B02D0012B07D014E0FB7BEB
:10D1B8007A68B9681846FEF7C4F90DE0FB7B7A680F
:10D1C800B9681846FEF7CAF906E0FB7B7A68B968C1
:10D1D8001846FEF7D0F900BF00BF1037BD4680BD26
:10D1E80080B584B000AF0346B9607A60FB73BB6852
:10D1F8009B78C3F38303DBB2022B14D0022B19DC18
:10D20800002B02D0012B07D014E0FB7B7A68B968A9
:10D21800184600F013F80DE0FB7B7A68B9681846E9
:10D2280000F03AF806E0FB7B7A68B968184600F027
:10D2380061F800BF00BF1037BD4680BD80B584B01F
:10D2480000AF0346B9607A60FB73BB68DB78C3F351
:10D258008103DBB2022B14D0022B19DC002B02D085
:10D26800012B07D014E0FB7B7A68B9681846F9F7F8
:10D2780095FC0DE0FB7B7A68B9681846FEF788F9DB
:10D2880006E0FB7B7A68B9681846FEF78EF900BF9E
:10D2980000BF1037BD4680BD80B584B000AF0346DF
:10D2A800B9607A60FB73BB68DB78C3F38103DBB2D8
:10D2B800022B14D0022B19DC002B02D0012B07D033
:10D2C80014E0FB7B7A68B9681846FEF77BF90DE035
:10D2D800FB7B7A68B9681846FEF781F906E0FB7BA4
:10D2E8007A68B9681846FEF787F900BF00BF10379B
:10D2F800BD4680BD80B584B000AF0346B9607A6092
:10D30800FB73BB68DB78C3F38103DBB2022B14D059
:10D31800022B19DC002B02D0012B07D014E0FB7B79
:10D328007A68B9681846F9F761FD0DE0FB7B7A6801
:10D33800B9681846FEF76DF906E0FB7B7A68B968AC
:10D348001846FEF773F900BF00BF1037BD4680BD11
:10D3580080B584B000AF0346B9607A60FB73BB68E0
:10D368009B78C3F38303DBB2002B06D1FB7B7A687F
:10D37800B968184600F005F800BF00BF1037BD4671
:10D3880080BD80B584B000AF0346B9607A60FB7396
:10D39800BB68DB78C3F38103DBB2022B14D0022B0A
:10D3A80019DC002B02D0012B07D014E0FB7B7A6834
:10D3B800B9681846FEF747F90DE0FB7B7A68B9684B
:10D3C8001846FEF74DF906E0FB7B7A68B9681846FF
:10D3D800FEF753F900BF00BF1037BD4680BD80B5CA
:10D3E80084B000AF0346B9607A60FB73BB689B7872
:10D3F800C3F38303DBB2002B06D1FB7B7A68B968E1
:10D40800184600F005F800BF00BF1037BD4680BDC4
:10D4180080B584B000AF0346B9607A60FB73BB681F
:10D42800DB78C3F38103DBB2022B14D0022B19DCA7
:10D43800002B02D0012B07D014E0FB7B7A68B96877
:10D448001846FEF75AF90DE0FB7B7A68B96818466A
:10D45800FEF760F906E0FB7B7A68B9681846FEF7C4
:10D4680066F900BF00BF1037BD4680BD70B50D4DD1
:10D478000D4C641BA4100026A64209D10B4D0C4C80
:10D4880000F0AEF8641BA4100026A64205D170BDBA
:10D4980055F8043B98470136EEE755F8043B9847A2
:10D4A8000136F2E728D8000828D8000828D800084C
:10D4B8002CD800080A44914200F1FF3300D170478C
:10D4C80010B511F8014B03F8014F9142F9D110BD85
:10D4D80002440346934200D1704703F8011BF9E761
:10D4E80051EC100B2DE9F041C1F30A57A7F2FF36B2
:10D4F800132E10EE105A10EE108A0C4632DC002E55
:10D5080014DA33A3D3E90023F2F780FE00220023C4
:10D51800F3F7C2FA38B1002C57DA24F000431D4360
:10D5280001D02D4C00252146284625E02B4F3741B8
:10D5380001EA070303431FD025A3D3E90023F2F729
:10D5480065FE00220023F3F7A7FA0028EBD0002C91
:10D55800BEBF4FF4801343FA06F6A41924EA070461
:10D568000025E0E7332E0BDDB6F5806F04D110EE11
:10D57800102A0B46F2F74AFE41EC100BBDE8F08189
:10D58800A7F213474FF0FF3323FA07F70742F3D008
:10D598000FA3D3E90023F2F739FE00220023F3F7A3
:10D5A8007BFA0028BFD0002C02DA142E03D10134F4
:10D5B80025EA0705B7E70123C6F1340603FA06F69C
:10D5C8003544454538BFE418F2E700252C46AAE75C
:10D5D8009C7500883CE4377E0000F0BFFFFF0F0019
:10D5E800F8B500BFF8BC08BC9E467047F8B500BF48
:08D5F800F8BC08BC9E46704718
:10D6000000000000000000000102030406070809F2
:10D6100000000000010203040006101600061016A8
:10D6200000002110422063308440A550C660E7709E
:10D63000088129914AA16BB18CC1ADD1CEE1EFF146
:10D640003112100273325222B5529442F772D662EE
:10D65000399318837BB35AA3BDD39CC3FFF3DEE396
:10D660006224433420040114E664C774A44485543E
:10D670006AA54BB528850995EEE5CFF5ACC58DD5E6
:10D680005336722611163006D776F6669556B4468E
:10D690005BB77AA719973887DFF7FEE79DD7BCC736
:10D6A000C448E5588668A7784008611802282338DE
:10D6B000CCC9EDD98EE9AFF9488969990AA92BB986
:10D6C000F55AD44AB77A966A711A500A333A122A2E
:10D6D000FDDBDCCBBFFB9EEB799B588B3BBB1AABD6
:10D6E000A66C877CE44CC55C222C033C600C411C7E
:10D6F000AEED8FFDECCDCDDD2AAD0BBD688D499D26
:10D70000977EB66ED55EF44E133E322E511E700ECD
:10D710009FFFBEEFDDDFFCCF1BBF3AAF599F788F75
:10D720008891A981CAB1EBA10CD12DC14EF16FE155
:10D730008010A100C230E32004502540467067608D
:10D74000B9839893FBA3DAB33DC31CD37FE35EF3A5
:10D75000B1029012F322D2323542145277625672DD
:10D76000EAB5CBA5A89589856EF54FE52CD50DC5F5
:10D77000E234C324A014810466744764245405442D
:10D78000DBA7FAB79987B8975FE77EF71DC73CD745
:10D79000D326F2369106B01657667676154634567D
:10D7A0004CD96DC90EF92FE9C899E9898AB9ABA995
:10D7B0004458654806782768C018E1088238A328CD
:10D7C0007DCB5CDB3FEB1EFBF98BD89BBBAB9ABBE5
:10D7D000754A545A376A167AF10AD01AB32A923A1D
:10D7E0002EFD0FED6CDD4DCDAABD8BADE89DC98D35
:10D7F000267C076C645C454CA23C832CE01CC10C6D
:10D800001FEF3EFF5DCF7CDF9BAFBABFD98FF89F84
:10D81000176E367E554E745E932EB23ED10EF01EBC
:08D820005433FF7F01000000FA
:04D82800ED01000806
:04D82C00C901000826
:10D830000024F4001000000001010000E338DE4184
:08D840000101010101020102D6
:0400000508001C9142
:00000001FF
