:020000040800F2
:1000000000000220311B0008451A0008531A00089E
:10001000591A00085F1A0008651A0008000000005D
:100020000000000000000000000000006B1A000843
:10003000791A000800000000871A0008951A0008C5
:10004000811B0008811B0008811B0008811B000820
:10005000811B0008811B0008811B0008811B000810
:10006000811B0008811B0008811B0008A11A0008E1
:10007000811B0008811B0008811B0008B51A0008BD
:10008000811B0008811B0008811B0008C91A000899
:10009000DD1A0008811B0008811B0008811B000875
:1000A000811B0008811B0008811B0008811B0008C0
:1000B000811B0008811B0008811B0008811B0008B0
:1000C000811B0008811B0008811B0008811B0008A0
:1000D000811B0008811B0008F11A0008811B000821
:1000E000811B0008811B0008811B0008811B000880
:1000F000811B0008811B0008811B0008811B000870
:10010000811B0008811B0008811B0008811B00085F
:10011000811B0008811B0008811B0008811B00084F
:10012000811B0008811B0008811B0008811B00083F
:10013000811B00080000000000000000811B000877
:10014000811B0008811B0008811B0008811B00081F
:10015000811B0008811B0008811B0008811B00080F
:10016000811B0008811B0008811B0008811B0008FF
:10017000811B0008811B0008811B00080000000093
:1001800000000000811B00080000000000000000CB
:10019000811B00080000000000000000811B000817
:1001A000000000000000000000000000811B0008AB
:1001B000811B0008811B0008811B0008811B0008AF
:0401C000811B000897
:1001C80010B5054C237833B9044B13B10448AFF389
:1001D80000800123237010BD1800002000000000DB
:1001E80050CA000808B5034B1BB103490348AFF3D5
:1001F800008008BD000000001C00002050CA000854
:1002080081F0004102E000BF83F0004330B54FEABF
:1002180041044FEA430594EA050F08BF90EA020F2C
:100228001FBF54EA000C55EA020C7FEA645C7FEABF
:10023800655C00F0E2804FEA5454D4EB5555B8BFE2
:100248006D420CDD2C4480EA020281EA030382EA53
:10025800000083EA010180EA020281EA0303362DE5
:1002680088BF30BD11F0004F4FEA01314FF4801CB8
:100278004CEA113102D0404261EB410113F0004FCA
:100288004FEA03334CEA133302D0524263EB430381
:1002980094EA050F00F0A780A4F10104D5F1200E1F
:1002A8000DDB02FA0EFC22FA05F2801841F100017A
:1002B80003FA0EF2801843FA05F359410EE0A5F14E
:1002C80020050EF1200E012A03FA0EFC28BF4CF07F
:1002D800020C43FA05F3C01851EBE37101F0004535
:1002E80007D54FF0000EDCF1000C7EEB00006EEB42
:1002F8000101B1F5801F1BD3B1F5001F0CD34908CC
:100308005FEA30004FEA3C0C04F101044FEA445222
:1003180012F5800F80F09A80BCF1004F08BF5FEAA9
:10032800500C50F1000041EB045141EA050130BD89
:100338005FEA4C0C404141EB0101013C28BFB1F59B
:10034800801FE9D291F0000F04BF01460020B1FAE6
:1003580081F308BF2033A3F10B03B3F120020CDAB9
:100368000C3208DD02F1140CC2F10C0201FA0CF097
:1003780021FA02F10CE002F11402D8BFC2F1200CFC
:1003880001FA02F120FA0CFCDCBF41EA0C019040B2
:10039800E41AA2BF01EB0451294330BD6FEA0404FB
:1003A8001F3C1CDA0C340EDC04F11404C4F12002E6
:1003B80020FA04F001FA02F340EA030021FA04F3F8
:1003C80045EA030130BDC4F10C04C4F1200220FA4F
:1003D80002F001FA04F340EA0300294630BD21FA8D
:1003E80004F0294630BD94F0000F83F4801306BF53
:1003F80081F480110134013D4EE77FEA645C18BF47
:100408007FEA655C29D094EA050F08BF90EA020FDD
:1004180005D054EA000C04BF1946104630BD91EAD5
:10042800030F1EBF0021002030BD5FEA545C05D1D8
:100438004000494128BF41F0004130BD14F5800417
:100448003CBF01F5801130BD01F0004545F0FE418B
:1004580041F470014FF0000030BD7FEA645C1ABFC0
:10046800194610467FEA655C1CBF0B46024650EAF7
:10047800013406BF52EA033591EA030F41F4002123
:1004880030BD00BF90F0000F04BF0021704730B5A9
:100498004FF4806404F132044FF000054FF000017E
:1004A80050E700BF90F0000F04BF0021704730B53F
:1004B8004FF4806404F1320410F0004548BF404214
:1004C8004FF000013EE700BF42004FEAE2014FEA69
:1004D80031014FEA02701FBF12F07F4393F07F4F44
:1004E80081F06051704732F07F4208BF704793F047
:1004F8007F4F04BF41F40021704730B54FF460745A
:1005080001F0004521F000411CE700BF50EA01025C
:1005180008BF704730B54FF000050AE050EA010205
:1005280008BF704730B511F0004502D5404261EB75
:1005380041014FF4806404F132045FEA915C3FF4B6
:10054800D8AE4FF003025FEADC0C18BF03325FEA53
:10055800DC0C18BF033202EBDC02C2F1200300FA04
:1005680003FC20FA02F001FA03FE40EA0E0021FA29
:1005780002F11444BDE600BF70B54FF0FF0C4CF417
:10058800E06C1CEA11541DBF1CEA135594EA0C0FC9
:1005980095EA0C0F00F0DEF82C4481EA030621EA04
:1005A8004C5123EA4C5350EA013518BF52EA03353F
:1005B80041F4801143F4801338D0A0FB02CE4FF0F1
:1005C8000005E1FB02E506F00042E0FB03E54FF021
:1005D8000006E1FB03569CF0000F18BF4EF0010E19
:1005E800A4F1FF04B6F5007F64F5407404D25FEA15
:1005F8004E0E6D4146EB060642EAC62141EA5551C8
:100608004FEAC52040EA5E504FEACE2EB4F1FD0C09
:1006180088BFBCF5E06F1ED8BEF1004F08BF5FEA87
:10062800500E50F1000041EB045170BD06F0004639
:1006380046EA010140EA020081EA0301B4EB5C04E6
:10064800C2BFD4EB0C0541EA045170BD41F48011DE
:100658004FF0000E013C00F3AB8014F1360FDEBF03
:10066800002001F0004170BDC4F10004203C35DADF
:100678000C341BDC04F11404C4F1200500FA05F362
:1006880020FA04F001FA05F240EA020001F0004203
:1006980021F0004110EBD37021FA04F642EB060179
:1006A8005EEA430E08BF20EAD37070BDC4F10C04A3
:1006B800C4F1200500FA04F320FA05F001FA04F267
:1006C80040EA020001F0004110EBD37041F1000153
:1006D8005EEA430E08BF20EAD37070BDC4F120055E
:1006E80000FA05F24EEA020E20FA04F301FA05F2C6
:1006F80043EA020321FA04F001F0004121FA04F26E
:1007080020EA020000EBD3705EEA430E08BF20EA3D
:10071800D37070BD94F0000F0FD101F00046400077
:1007280041EB010111F4801F08BF013CF7D041EAF9
:10073800060195F0000F18BF704703F000465200FD
:1007480043EB030313F4801F08BF013DF7D043EACE
:100758000603704794EA0C0F0CEA135518BF95EA84
:100768000C0F0CD050EA410618BF52EA4306D1D10B
:1007780081EA030101F000414FF0000070BD50EA2A
:10078800410606BF1046194652EA430619D094EAB4
:100798000C0F02D150EA013613D195EA0C0F05D19E
:1007A80052EA03361CBF104619460AD181EA0301F2
:1007B80001F0004141F0FE4141F470014FF00000AA
:1007C80070BD41F0FE4141F4780170BD70B54FF045
:1007D800FF0C4CF4E06C1CEA11541DBF1CEA1355C5
:1007E80094EA0C0F95EA0C0F00F0A7F8A4EB0504A7
:1007F80081EA030E52EA03354FEA013100F088809E
:100808004FEA03334FF0805545EA131343EA126366
:100818004FEA022245EA111545EA10654FEA00261B
:100828000EF000419D4208BF964244F1FD0404F5D4
:10083800407402D25B084FEA3202B61A65EB030530
:100848005B084FEA32024FF480104FF4002CB6EBED
:10085800020E75EB030E22BFB61A754640EA0C006D
:100868005B084FEA3202B6EB020E75EB030E22BFAD
:10087800B61A754640EA5C005B084FEA3202B6EBEE
:10088800020E75EB030E22BFB61A754640EA9C00AD
:100898005B084FEA3202B6EB020E75EB030E22BF7D
:1008A800B61A754640EADC0055EA060E18D04FEA3B
:1008B800051545EA16754FEA06164FEAC30343EADB
:1008C80052734FEAC2025FEA1C1CC0D111F4801FA8
:1008D8000BD141EA00014FF000004FF0004CB6E7A1
:1008E80011F4801F04BF01430020B4F1FD0C88BF40
:1008F800BCF5E06F3FF6AFAEB5EB030C04BFB6EB4B
:10090800020C5FEA500C50F1000041EB045170BD3D
:100918000EF0004E4EEA113114EB5C04C2BFD4EB6A
:100928000C0541EA045170BD41F480114FF0000EEE
:10093800013C90E645EA060E8DE60CEA135594EA6A
:100948000C0F08BF95EA0C0F3FF43BAF94EA0C0F6D
:100958000AD150EA01347FF434AF95EA0C0F7FF4E2
:1009680025AF104619462CE795EA0C0F06D152EA36
:1009780003353FF4FDAE1046194622E750EA41061A
:1009880018BF52EA43067FF4C5AE50EA41047FF42B
:100998000DAF52EA43057FF4EBAE12E74FF0FF3C90
:1009A80006E000BF4FF0010C02E000BF4FF0010C61
:1009B8004DF804CD4FEA410C7FEA6C5C4FEA430CDA
:1009C80018BF7FEA6C5C1BD001B050EA410C0CBF29
:1009D80052EA430C91EA030F02BF90EA020F00208B
:1009E800704710F1000F91EA030F58BF994208BFF2
:1009F80090422CBFD8176FEAE37040F001007047AF
:100A08004FEA410C7FEA6C5C02D150EA013C07D105
:100A18004FEA430C7FEA6C5CD6D152EA033CD3D050
:100A28005DF8040B704700BF8446104662468C464A
:100A38001946634600E000BF01B5FFF7B7FF00287D
:100A480048BF10F1000F01BD4DF808EDFFF7F4FFA6
:100A58000CBF012000205DF808FB00BF4DF808ED31
:100A6800FFF7EAFF34BF012000205DF808FB00BF54
:100A78004DF808EDFFF7E0FF94BF012000205DF876
:100A880008FB00BF4DF808EDFFF7CEFF94BF01202B
:100A980000205DF808FB00BF4DF808EDFFF7C4FF24
:100AA80034BF012000205DF808FB00BF4FEA410277
:100AB80012F5001215D211D56FF47873B3EB6252A8
:100AC80012D94FEAC12343F0004343EA505311F0CF
:100AD800004F23FA02F018BF404270474FF0000061
:100AE800704750EA013005D111F0004008BF6FF09F
:100AF800004070474FF00000704700BF4A0011D215
:100B080012F5001211D20DD56FF47873B3EB62525F
:100B18000ED44FEAC12343F0004343EA505323FA6B
:100B280002F070474FF00000704750EA013002D1E0
:100B38004FF0FF3070474FF00000704753B94AB983
:100B4800002908BF00281CBF4FF0FF314FF0FF30CD
:100B580000F06EB9ADF1080C6DE904CE00F006F8AE
:100B6800DDF804E0DDE9022304B070472DE9F04721
:100B7800089D04468C46002B40F083808A42174625
:100B880047D9B2FA82F242B1C2F1200024FA00F049
:100B98009140974040EA010C94404FEA1748230CD3
:100BA800BCFBF8F61FFA87FE08FB16C143EA0143AF
:100BB80006FB0EF1994209D9FB1806F1FF3080F0C7
:100BC8001981994240F21681023E3B445B1AA4B255
:100BD800B3FBF8F008FB103344EA034400FB0EFEB5
:100BE800A64509D93C1900F1FF3380F00581A645D7
:100BF80040F2028102383C4440EA0640A4EB0E046D
:100C080000261DB1D4400023C5E900433146BDE8A4
:100C1800F08702B9FFDEB2FA82F2002A50D1CB1B6C
:100C28004FEA174E1FFA87F80126B3FBFEFC210C8A
:100C38000EFB1C3341EA034108FB0CF38B4207D936
:100C480079180CF1FF3002D28B4200F2E980844619
:100C5800C91AA3B2B1FBFEF00EFB101143EA01441E
:100C680008FB00F8A04507D93C1900F1FF3302D270
:100C7800A04500F2D9801846A4EB080440EA0C40CD
:100C8800BFE78B4209D9002D00F0B1800026C5E9E5
:100C9800000130463146BDE8F087B3FA83F6002EEE
:100CA8004AD18B4202D3824200F2B880841A61EBA7
:100CB800030101208C46002DA8D0C5E9004CA5E70A
:100CC800C2F1200320FA03F6974001FA02F04FEA36
:100CD800174ED9403043030CB1FBFEF61FFA87F8D4
:100CE8000EFB161143EA014306FB08F1994204FA88
:100CF80002F409D9FB1806F1FF3C80F08D80994277
:100D080040F28A80023E3B445B1A81B2B3FBFEF09C
:100D18000EFB103341EA034100FB08F38B4207D96D
:100D2800791800F1FF3C73D28B4271D902383944EB
:100D3800CB1A40EA064678E7C6F1200C03FA06F417
:100D480022FA0CF31C4320FA0CF701FA06F34FEAD7
:100D5800144E21FA0CF11F433B0CB1FBFEF91FFAAC
:100D680084F80EFB191143EA014109FB08FA8A4588
:100D780002FA06F200FA06F308D9611809F1FF3001
:100D880048D28A4546D9A9F102092144A1EB0A01B2
:100D9800BFB2B1FBFEF00EFB101147EA014700FBA2
:100DA80008F8B84507D9E71900F1FF312ED2B84540
:100DB8002CD90238274440EA0940A7EB0807A0FBD2
:100DC80002894F45C64649461AD317D05DB1B3EBE1
:100DD8000E0267EB010707FA0CFCF2404CEA02022C
:100DE800F740C5E9002700263146BDE8F0872E46C2
:100DF80028460BE70646E9E61846FDE64345E5D2F0
:100E0800B8EB020E69EB04010138DFE70846D2E7C8
:100E180060468DE78146B9E7664675E730464AE79A
:100E2800ACF1020C394413E702383C4424E700BF14
:100E3800704700BF80B400AF054B5B69044A83F478
:100E48000043536100BFBD465DF8047B704700BF97
:100E58000000024080B500AF034805F069FA034876
:100E680005F066FA00BF80BD34CC00202CCC0020F1
:100E780080B500AF4FF4FA720549064808F027FE1E
:100E880064220549054808F022FE00BF80BD00BF66
:100E9800340000203D0E0008380000205D0E0008D8
:100EA80080B500AF00F05EF800F020F800F0B8F868
:100EB80000F08CF800F064F800F03CF805F082F9D6
:100EC80003461A46064B1A7005F07CF903461A4683
:100ED800044B1A70044805F07DFA00BF80BD00BFBE
:100EE800B49F0020919F0020790E000880B500AFC4
:100EF80004220021002005F023F900224FF400719C
:100F08000B4805F0BBF800224FF48071084805F043
:100F1800B5F800228021064805F0B0F800224021EB
:100F2800034805F0ABF805F065F900BF80BD00BFC8
:100F38000008024080B500AF0749084808F00CFED9
:100F4800064808F01BFE054806F09EF8044805F020
:100F580041FA00BF80BD00BFB0A90020A4A00020B6
:100F68008170000880B500AF01220349034805F0ED
:100F78004DFA00BF80BD00BFC001002040CC00205A
:100F880080B582B002AF0A4B019300230093094B4E
:100F980000220949094806F09BFD094A0949074802
:100FA80006F0EAFD084805F015FA00BFBD4680BD09
:100FB80010A9002004A00020B89F0020C001002034
:100FC800E0A80020D0A80020A57B000880B584B048
:100FD80004AF0123029300230193202300930C4BB9
:100FE800002200210B4808F078FC0123029301231A
:100FF800019310230093064B01220021064808F0B4
:101008006CFC064805F0E6F900BFBD4680BD00BF90
:1010180000080240D0A80020E0A800208599000818
:1010280080B500AF044805F039F90349034805F0D5
:101038006DF900BF80BD00BFF0A9002018AA0020EC
:1010480080B582B000AF0023FB7000F097FD00F080
:1010580065F800F059FA00F02FFA00F0D1F800F026
:1010680051F900F0A7F900F0FDF900F0FFF800F0E1
:10107800CFFA264802F02EFB05F0A4F803461A46DC
:10108800234B1A7000224FF48061224809F0CEFDEC
:1010980000224FF400611F480AF0A8F8FFF700FF8C
:1010A80005F090F803461A46194B1A701A4809F0C9
:1010B80093FD05F07FFB04F0B3FE786808F0E7FCC9
:1010C8000346B3F5FA7F16D3FB78002B04D105F05D
:1010D8007FFD0123FB700BE0FB78012B04D105F0A9
:1010E80051FE0223FB7003E005F0FCFD0023FB70BA
:1010F80008F0E6FC786005F04DF909F0CDFF0AF03C
:1011080069FA024802F0E6FAD7E700BFF89F002024
:10111800919F002000080240F0A9002080B594B0FB
:1011280000AF07F11C033422002118460BF004FC21
:1011380007F1080300221A605A609A60DA601A619F
:1011480000237B602C4B1B6C2B4A43F080531364A9
:10115800294B1B6C03F080537B607B6800233B604A
:10116800264B1B68254A43F440431360234B1B68F6
:1011780003F440433B603B680123FB614FF4803339
:101188003B6202237B634FF48003BB630F23FB6343
:10119800D8233B6402237B640223BB640223FB64E1
:1011A80007F11C03184602F06BFD0346002B01D023
:1011B80000F048FA02F09EFA0346002B01D000F036
:1011C80041FA0F23BB600223FB6000233B614FF40D
:1011D800A0537B614FF48053BB6107F108030521DD
:1011E800184602F0D7FA0346002B01D000F02AFA7D
:1011F80000BF5037BD4680BD003802400070004037
:1012080080B500AF174B184A1A60164B05225A6072
:10121800144B00229A60134B0022DA60114B4FF4F2
:1012280080221A610F4B4FF400125A610D4B0022B5
:101238001A760C4B01225A760A4B00229A76094BF1
:101248000022DA76074B00221A77064B00225A77DB
:10125800044800F005FD0346002B01D000F0F2F928
:1012680000BF80BDF0A900200064004080B586B0B2
:1012780000AF07F1080300221A605A609A60DA602A
:101288003B4600221A605A601D4B4FF080421A609C
:101298001B4B00225A601A4B00229A60184B0022FE
:1012A800DA60174B00221A61154B00229A61144824
:1012B80002F040FF0346002B01D000F0C3F94FF4C1
:1012C8008053BB6007F1080319460D4803F012FA72
:1012D8000346002B01D000F0B5F900233B60002342
:1012E8007B603B461946064803F06EFE0346002B1A
:1012F80001D000F0A7F900BF1837BD4680BD00BF78
:1013080010A9002080B58AB000AF07F120030022A1
:101318001A605A603B1D00221A605A609A60DA60AF
:101328001A615A619A61214B214A1A601F4B0022A7
:101338005A601E4B00229A601C4BB322DA601B4B8A
:1013480000221A61194B00229A61184802F01DFF09
:101358000346002B01D000F075F900233B620023FF
:101368007B6207F120031946104803F02DFE03465F
:10137800002B01D000F066F970237B600023BB606E
:101388000023FB6000237B613B1D002219460748B0
:1013980003F0EAF80346002B01D000F053F90348A4
:1013A80000F09CFA00BF2837BD4680BD04A000208D
:1013B8000004004080B58AB000AF07F12003002286
:1013C8001A605A603B1D00221A605A609A60DA60FF
:1013D8001A615A619A61214B214A1A601F4B0022F7
:1013E8005A601E4B00229A601C4BB322DA601B4BDA
:1013F80000221A61194B00229A61184802F0C5FEB2
:101408000346002B01D000F01DF900233B620023A6
:101418007B6207F120031946104803F0D5FD034607
:10142800002B01D000F00EF970237B600023BB6015
:101438000023FB6000237B613B1D002219460748FF
:1014480003F092F80346002B01D000F0FBF80348A4
:1014580000F044FA00BF2837BD4680BDB89F002081
:101468000008004080B500AF114B124A1A60104BBB
:101478004FF416525A600E4B00229A600C4B002211
:10148800DA600B4B00221A61094B0C225A61084B97
:1014980000229A61064B0022DA61054803F010FE2B
:1014A8000346002B01D000F0CDF800BF80BD00BF7F
:1014B800B0A900200044004080B582B000AF0023EE
:1014C8007B60104B1B6B0F4A43F4001313630D4BE7
:1014D8001B6B03F400137B607B68002200210B2048
:1014E80001F031FB0B2001F04AFB002201210F2003
:1014F80001F029FB0F2001F042FB00BF0837BD4671
:1015080080BD00BF0038024080B58AB000AF07F147
:10151800140300221A605A609A60DA601A61002384
:101528003B61384B1B6B374A43F080031363354BE1
:101538001B6B03F080033B613B690023FB60314B6D
:101548001B6B304A43F0010313632E4B1B6B03F0F4
:101558000103FB60FB680023BB602A4B1B6B294A15
:1015680043F004031363274B1B6B03F00403BB60B6
:10157800BB6800237B60234B1B6B224A43F00203AA
:101588001363204B1B6B03F002037B607B68012213
:101598004FF400411C4802F04BF801224FF440611F
:1015A8001A4802F045F84FF47C737B610023BB6155
:1015B8000023FB6107F114031946144801F08CFE5F
:1015C8004FF400437B610123BB610023FB610023CF
:1015D8003B6207F1140319460B4801F07DFE4FF4F6
:1015E80040637B610123BB610023FB6100233B62F5
:1015F80007F114031946054801F06EFE00BF2837AD
:10160800BD4680BD0038024000000240000802408C
:1016180080B500AF094B0A4A1A60084B03225A608A
:10162800064B40F6FF729A60044802F01AF8034627
:10163800002B01D000F006F800BF80BDF89F002005
:101648000030004080B400AF00BFBD465DF8047BA9
:101658007047000080B483B000AF00237B60104B5C
:101668005B6C0F4A43F4804353640D4B5B6C03F48B
:1016780080437B607B6800233B60094B1B6C084AF6
:1016880043F080531364064B1B6C03F080533B609C
:101698003B6800BF0C37BD465DF8047B704700BF50
:1016A8000038024080B58AB000AF786007F11403B3
:1016B80000221A605A609A60DA601A617B681B68B7
:1016C800214A93423CD100233B61204B1B6C1F4AAB
:1016D80043F0007313641D4B1B6C03F000733B61F4
:1016E8003B690023FB60194B1B6B184A43F001034D
:1016F8001363164B1B6B03F00103FB60FB684FF48D
:10170800C0537B610223BB610023FB6103233B625F
:1017180009237B6207F1140319460D4801F0DCFD2B
:1017280000220321132001F00EFA132001F027FAFA
:1017380000220221142001F006FA142001F01FFAF9
:1017480000BF2837BD4680BD006400400038024015
:101758000000024080B485B000AF78607B681B68E9
:10176800B3F1804F0DD10023FB60094B1B6C084A75
:1017780043F001031364064B1B6C03F00103FB6089
:10178800FB6800BF1437BD465DF8047B704700BF97
:101798000038024080B584B000AF78607B681B6871
:1017A800474A934244D10023FB60464B1B6C454A91
:1017B80043F002031364434B1B6C03F00203FB600A
:1017C800FB68414B414A1A603F4B4FF020625A6018
:1017D8003D4B40229A603C4B0022DA603A4B4FF472
:1017E80080621A61384B4FF400625A61364B4FF4ED
:1017F80000529A61344B0022DA61334B00221A629C
:10180800314B00225A62304801F0D4F90346002BCC
:1018180001D0FFF717FF7B682B4A5A622A4A7B6878
:1018280093637B68284A9A63274A7B68936342E0FC
:101838007B681B68264A93423DD10023BB60214B3D
:101848001B6C204A43F0040313641E4B1B6C03F00B
:101858000403BB60BB681F4B1F4A1A601D4B4FF047
:1018680080625A601B4B40229A601A4B0022DA6051
:10187800184B4FF480621A61164B4FF400625A619C
:10188800144B4FF400529A61124B0022DA61114B4B
:1018980000221A620F4B00225A620E4801F08AF9A0
:1018A8000346002B01D0FFF7CDFE7B68094A5A6238
:1018B800084A7B68936300BF1037BD4680BD00BFF0
:1018C800000400400038024044A00020706002403C
:1018D8000008004050A900201060024080B58AB07E
:1018E80000AF786007F1140300221A605A609A600A
:1018F800DA601A617B681B68244A93421ED1002370
:101908003B61234B1B6B224A43F002031363204BBA
:101918001B6B03F002033B613B6910237B610223CD
:10192800BB610223FB6100233B6202237B6207F158
:1019380014031946174801F0CFFC22E07B681B68A6
:10194800154A93421DD10023FB60114B1B6B104AB3
:1019580043F0020313630E4B1B6B03F00203FB609F
:10196800FB6840237B610223BB610223FB610023E8
:101978003B6202237B6207F114031946054801F014
:10198800ABFC00BF2837BD4680BD00BF0004004047
:1019980000380240000402400008004080B58AB0C8
:1019A80000AF786007F1140300221A605A609A6049
:1019B800DA601A617B681B681D4A934233D10023A1
:1019C8003B611C4B1B6C1B4A43F400331364194BDB
:1019D8001B6C03F400333B613B690023FB60154B30
:1019E8001B6B144A43F001031363124B1B6B03F088
:1019F8000103FB60FB680C237B610223BB610023AE
:101A0800FB6103233B6207237B6207F1140319463A
:101A1800094801F061FC00220421262001F093F816
:101A2800262001F0ACF800BF2837BD4680BD00BFB6
:101A380000440040003802400000024080B400AF7B
:101A480000BFBD465DF8047B704780B400AFFEE779
:101A580080B400AFFEE780B400AFFEE780B400AF0B
:101A6800FEE780B400AF00BFBD465DF8047B704759
:101A780080B400AF00BFBD465DF8047B704780B4FA
:101A880000AF00BFBD465DF8047B704780B500AF6E
:101A980000F0C6F800BF80BD80B500AF024801F075
:101AA800B1F900BF80BD00BF50A9002080B500AFCC
:101AB800024801F0A7F900BF80BD00BF44A0002084
:101AC80080B500AF024800F033FD00BF80BD00BF05
:101AD800F0A9002080B500AF024800F029FD00BF42
:101AE80080BD00BFF0A9002080B500AF024803F018
:101AF800CFFB00BF80BD00BFB0A9002080B400AFFD
:101B0800084BD3F88830074A43F47003C2F888308A
:101B1800044B4FF000629A6000BFBD465DF8047B3D
:101B2800704700BF00ED00E0DFF834D0002103E08B
:101B38000C4B5B58435004310B480C4B42189A42EB
:101B4800F6D30B4A02E0002342F8043B094B9A42C1
:101B5800F9D3FFF7D3FF0AF0BDFEFFF771FA70471C
:101B68000000022098CA0008000000201800002089
:101B78001800002048050120FEE7000080B500AFEE
:101B88000E4B1B680D4A43F4007313600B4B1B6824
:101B98000A4A43F480631360084B1B68074A43F4FE
:101BA80080731360032000F0C3FF002000F008F8E2
:101BB800FFF750FD0023184680BD00BF003C0240DF
:101BC80080B582B000AF7860124B1A68124B1B7850
:101BD80019464FF47A73B3FBF1F3B2FBF3F31846EB
:101BE80000F0DBFF0346002B01D001230EE07B68E9
:101BF8000F2B0AD8002279684FF0FF3000F0A3FFBE
:101C0800064A7B681360002300E001231846083762
:101C1800BD4680BD00000020080000200400002010
:101C280080B400AF064B1B781A46064B1B6813445A
:101C3800044A136000BFBD465DF8047B704700BFCF
:101C48000800002088CC002080B400AF034B1B683C
:101C58001846BD465DF8047B704700BF88CC00205D
:101C680080B584B000AF78607B68002B01D1012378
:101C7800EDE07B6893F82030DBB2002B02D1786866
:101C8800FFF710FD7B681B681A687B681B6822F0E9
:101C980002021A60FFF7D8FFF86012E0FFF7D4FFDE
:101CA8000246FB68D31A0A2B0BD97B685B6A43F49C
:101CB80000327B685A627B68052283F82020012362
:101CC800C5E07B681B685B6803F00203002BE5D165
:101CD8007B681B681A687B681B6842F001021A60FF
:101CE800FFF7B2FFF86012E0FFF7AEFF0246FB68AD
:101CF800D31A0A2B0BD97B685B6A43F400327B68E2
:101D08005A627B68052283F8202001239FE07B68C4
:101D18001B685B6803F00103002BE5D07B681B7E22
:101D2800012B08D17B681B681A687B681B6842F026
:101D380080021A6007E07B681B681A687B681B686A
:101D480022F080021A607B685B7E012B08D17B68D9
:101D58001B681A687B681B6842F040021A6007E03B
:101D68007B681B681A687B681B6822F040021A604F
:101D78007B689B7E012B08D17B681B681A687B688F
:101D88001B6842F020021A6007E07B681B681A682B
:101D98007B681B6822F020021A607B68DB7E012BBF
:101DA80008D17B681B681A687B681B6822F01002E0
:101DB8001A6007E07B681B681A687B681B6842F03A
:101DC80010021A607B681B7F012B08D17B681B6897
:101DD8001A687B681B6842F008021A6007E07B6893
:101DE8001B681A687B681B6822F008021A607B6807
:101DF8005B7F012B08D17B681B681A687B681B68AE
:101E080042F004021A6007E07B681B681A687B6866
:101E18001B6822F004021A607B689A687B68DB689A
:101E28001A437B681B691A437B685B6942EA0301B2
:101E38007B685B685A1E7B681B680A43DA617B68AB
:101E480000225A627B68012283F82020002318466A
:101E58001037BD4680BD000080B487B000AF786001
:101E680039607B681B687B617B6893F82030FB7462
:101E7800FB7C012B03D0FB7C022B40F0BE80654B22
:101E88007B617B69D3F8003243F001027B69C3F8B8
:101E980000227B69D3F8003223F47C527B69C3F8B3
:101EA80000227B69D3F800223B685B6A1B021A4355
:101EB8007B69C3F800223B685B6903F01F030122BA
:101EC80002FA03F3FB607B69D3F81C22FB68DB434F
:101ED8001A407B69C3F81C223B68DB69002B23D1BD
:101EE8007B69D3F80C22FB68DB431A407B69C3F893
:101EF8000C223B68DB6819043B685B689BB23A6854
:101F0800526919437B69483243F832103B689B6831
:101F180019043B681B689AB23B685B690A43796994
:101F28004833DB000B445A603B68DB69012B22D144
:101F38007B69D3F80C22FB681A437B69C3F80C222F
:101F48003B681B6819043B685B689BB23A68526936
:101F580019437B69483243F832103B689B6819047F
:101F68003B68DB689AB23B685B690A437969483326
:101F7800DB000B445A603B689B69002B09D17B69E5
:101F8800D3F80422FB68DB431A407B69C3F80422B8
:101F980007E07B69D3F80422FB681A437B69C3F81E
:101FA80004223B681B69002B09D17B69D3F81422F2
:101FB800FB68DB431A407B69C3F8142207E07B699E
:101FC800D3F81422FB681A437B69C3F814223B68D0
:101FD8001B6A012B07D17B69D3F81C22FB681A43C3
:101FE8007B69C3F81C227B69D3F8003223F0010215
:101FF8007B69C3F80022002306E07B685B6A43F430
:1020080080227B685A62012318461C37BD465DF85A
:10201800047B70470064004080B584B000AF7860EE
:102028007B6893F82030DBB2012B2ED17B6802222B
:1020380083F820207B681B681A687B681B6822F07D
:1020480001021A60FFF700FEF86012E0FFF7FCFDDE
:102058000246FB68D31A0A2B0BD97B685B6A43F4E8
:1020680000327B685A627B68052283F820200123AE
:1020780012E07B681B685B6803F00103002BE5D165
:102088007B6800225A62002306E07B685B6A43F49F
:1020980000227B685A62012318461037BD4680BD6E
:1020A80080B489B000AFF860B9607A603B60FB68C3
:1020B80093F82030FB77FB681B689B68BB61FB7F4C
:1020C800012B03D0FB7F022B40F0B880BB6903F0E3
:1020D8008063002B0AD1BB6903F00063002B05D194
:1020E800BB6903F08053002B00F0A080BB691B0E76
:1020F80003F003037B617B69022B07D9FB685B6AEA
:1021080043F40002FB685A6201239EE001227B69C6
:102118009A403B681A60BB689B68002B0DD1BB686E
:102128001B685A05BB68DB68F96809681A437B694C
:1021380018331B010B441A600FE0BB685B68DA00B8
:10214800BB689B681A43BB68DB68F96809681A436F
:102158007B6918331B010B441A60FB681968BB685C
:102168001A697B6918331B010B4404331A60BB6876
:102178001B7D012B11D1FB681A687B6918331B0181
:10218800134404331B68FA68116843F480727B694E
:1021980018331B010B4404331A607B6807331B7820
:1021A8001A067B6806331B781B041A437B680533C1
:1021B8001B781B0213437A68043212781046FA68B7
:1021C800116843EA00027B691B010B4403F5C673DF
:1021D8001A607B6803331B781A067B6802331B7806
:1021E8001B041A437B6801331B781B0213437A686C
:1021F80012781046FA68116843EA00027B691B01ED
:102208000B4403F5C4731A60FB681A687B691833BA
:102218001B0113441B68FA68116843F001027B69CB
:1022280018331B010B441A6000230EE0FB685B6A3D
:1022380043F40012FB685A62012306E0FB685B6AFC
:1022480043F48022FB685A62012318462437BD46AE
:102258005DF8047B704780B485B000AF78600023D8
:10226800FB607B6893F82030FB72FB7A012B02D06D
:10227800FB7A022B1DD17B681B689B6803F0806387
:10228800002B02D0FB680133FB607B681B689B68EE
:1022980003F00063002B02D0FB680133FB607B680E
:1022A8001B689B6803F08053002B02D0FB68013346
:1022B800FB60FB6818461437BD465DF8047B704721
:1022C80080B487B000AFF860B9607A603B60FB68A3
:1022D80093F82030FB75FB7D012B03D0FB7D022B8F
:1022E80040F0F380BB68002B0ED1FB681B68DB68ED
:1022F80003F00303002B16D1FB685B6A43F400125A
:10230800FB685A620123E7E0FB681B681B6903F05E
:102318000303002B07D1FB685B6A43F40012FB68D8
:102328005A620123D8E0FB681A68BB681B331B019B
:1023380013441B6803F004027B689A607B689B68FF
:10234800002B0CD1FB681A68BB681B331B011344B4
:102358001B685B0DC3F30A027B681A600BE0FB681D
:102368001A68BB681B331B0113441B68DB0823F086
:1023780060427B685A60FB681A68BB681B331B01A4
:1023880013441B6803F002027B68DA60FB681A6872
:10239800BB681B331B01134404331B6803F00F0293
:1023A8007B681A61FB681A68BB681B331B011344FE
:1023B80004331B681B0ADAB27B689A61FB681A68E7
:1023C800BB681B331B01134404331B681B0C9AB2F4
:1023D8007B685A61FB681A68BB681B01134403F5E4
:1023E800DC731B68DAB23B681A70FB681A68BB6852
:1023F8001B01134403F5DC731B681A0A3B6801339D
:10240800D2B21A70FB681A68BB681B01134403F543
:10241800DC731B681A0C3B680233D2B21A70FB6873
:102428001A68BB681B01134403F5DC731B681A0E9A
:102438003B680333D2B21A70FB681A68BB681B0189
:10244800134403F5DE731A683B680433D2B21A707A
:10245800FB681A68BB681B01134403F5DE731B682D
:102468001A0A3B680533D2B21A70FB681A68BB684F
:102478001B01134403F5DE731B681A0C3B68063313
:10248800D2B21A70FB681A68BB681B01134403F5C3
:10249800DE731B681A0E3B680733D2B21A70BB682A
:1024A800002B08D1FB681B68DA68FB681B6842F0E0
:1024B8002002DA6007E0FB681B681A69FB681B6882
:1024C80042F020021A61002306E0FB685B6A43F4CD
:1024D8008022FB685A62012318461C37BD465DF806
:1024E800047B704780B485B000AF786039607B6842
:1024F80093F82030FB73FB7B012B02D0FB7B022B74
:1025080009D17B681B6859697B681B683A680A436C
:102518005A61002306E07B685B6A43F480227B688B
:102528005A62012318461437BD465DF8047B70478C
:1025380080B58AB000AF786000237B627B681B6837
:102548005B693B627B681B685B68FB617B681B6837
:102558009B68BB617B681B68DB687B617B681B6869
:102568001B693B617B681B689B69FB603B6A03F0E6
:102578000103002B7CD0BB6903F00103002B23D09F
:102588007B681B6801229A60BB6903F00203002B79
:1025980003D0786800F083F916E0BB6903F0040300
:1025A800002B04D07B6A43F400637B620CE0BB69B8
:1025B80003F00803002B04D07B6A43F480537B624A
:1025C80002E0786800F089F9BB6903F48073002B96
:1025D80024D07B681B684FF480729A60BB6903F44F
:1025E8000073002B03D0786800F063F916E0BB692C
:1025F80003F48063002B04D07B6A43F400537B62AE
:102608000CE0BB6903F40063002B04D07B6A43F43D
:1026180080437B6202E0786800F069F9BB6903F4E3
:102628008033002B24D07B681B684FF480329A607B
:10263800BB6903F40033002B03D0786800F043F93A
:1026480016E0BB6903F48023002B04D07B6A43F4B3
:1026580000437B620CE0BB6903F40023002B04D029
:102668007B6A43F480337B6202E0786800F049F9C2
:102678003B6A03F00803002B0CD07B6903F01003BE
:10268800002B07D07B6A43F400737B627B681B686E
:102698001022DA603B6A03F00403002B0BD07B693D
:1026A80003F00803002B06D07B681B680822DA6059
:1026B800786800F030F93B6A03F00203002B09D078
:1026C8007B681B68DB6803F00303002B02D0786883
:1026D80008F058FC3B6A03F04003002B0CD03B6920
:1026E80003F01003002B07D07B6A43F480637B62FE
:1026F8007B681B6810221A613B6A03F02003002BD9
:102708000BD03B6903F00803002B06D07B681B68DD
:1027180008221A61786800F012F93B6A03F0100386
:10272800002B09D07B681B681B6903F00303002B8F
:1027380002D0786800F0F9F83B6A03F40033002B04
:102748000BD0FB6903F01003002B06D07B681B68D5
:1027580010225A60786800F0FCF83B6A03F4803372
:10276800002B0BD0FB6903F00803002B06D07B6815
:102778001B6808225A60786800F0F5F83B6A03F491
:102788000043002B7BD0FB6903F00403002B72D0BD
:102798003B6A03F48073002B08D0FB6803F0010345
:1027A800002B03D07B6A43F001037B623B6A03F48E
:1027B8000073002B08D0FB6803F00203002B03D042
:1027C8007B6A43F002037B623B6A03F48063002B5D
:1027D80008D0FB6803F00403002B03D07B6A43F0A6
:1027E80004037B623B6A03F40063002B43D0FB685D
:1027F80003F07003002B3ED0FB6803F07003602BDE
:102808002BD0602B2ED8502B22D0502B2AD8402BDF
:1028180019D0402B26D8302B10D0302B22D8102B93
:1028280002D0202B05D01DE07B6A43F008037B62B1
:1028380019E07B6A43F010037B6214E07B6A43F083
:1028480020037B620FE07B6A43F040037B620AE06F
:102858007B6A43F080037B6205E07B6A43F4807304
:102868007B6200E000BF7B681B689A697B681B6815
:1028780022F070029A617B681B6804225A607B6AA6
:10288800002B08D07B685A6A7B6A1A437B685A62B5
:10289800786800F072F800BF2837BD4680BD80B464
:1028A80083B000AF786000BF0C37BD465DF8047B8D
:1028B800704780B483B000AF786000BF0C37BD4666
:1028C8005DF8047B704780B483B000AF786000BFC8
:1028D8000C37BD465DF8047B704780B483B000AF09
:1028E800786000BF0C37BD465DF8047B704780B444
:1028F80083B000AF786000BF0C37BD465DF8047B3D
:10290800704780B483B000AF786000BF0C37BD4615
:102918005DF8047B704780B483B000AF786000BF77
:102928000C37BD465DF8047B704780B483B000AFB8
:10293800786000BF0C37BD465DF8047B704780B4F3
:1029480083B000AF786000BF0C37BD465DF8047BEC
:10295800704780B483B000AF786000BF0C37BD46C5
:102968005DF8047B704780B483B000AF786000BF27
:102978000C37BD465DF8047B704780B483B000AF68
:10298800786000BF0C37BD465DF8047B70470000D7
:1029980080B485B000AF78607B6803F00703FB6004
:1029A8000C4BDB68BB60BA684FF6FF031340BB6093
:1029B800FB681A02BB68134343F0BF6343F4003358
:1029C800BB60044ABB68D36000BF1437BD465DF8DE
:1029D800047B704700ED00E080B400AF044BDB6877
:1029E8001B0A03F007031846BD465DF8047B7047D1
:1029F80000ED00E080B483B000AF0346FB7197F9A7
:102A08000730002B0BDBFB7903F01F02074997F90E
:102A180007305B09012000FA02F241F8232000BFC9
:102A28000C37BD465DF8047B704700BF00E100E04D
:102A380080B483B000AF03463960FB7197F9073063
:102A4800002B0ADB3B68DAB20C4997F90730120110
:102A5800D2B20B4483F800230AE03B68DAB2084993
:102A6800FB7903F00F03043B1201D2B20B441A7630
:102A780000BF0C37BD465DF8047B704700E100E0FD
:102A880000ED00E080B489B000AFF860B9607A600A
:102A9800FB6803F00703FB61FB69C3F10703042B21
:102AA80028BF0423BB61FB690433062B02D9FB69E9
:102AB800033B00E000237B614FF0FF32BB6902FA61
:102AC80003F3DA43BB681A407B699A404FF0FF3141
:102AD8007B6901FA03F3D9437B680B40134318461B
:102AE8002437BD465DF8047B7047000080B582B08E
:102AF80000AF78607B68013BB3F1807F01D301238D
:102B08000FE00A4A7B68013B53600F214FF0FF300A
:102B1800FFF78EFF054B00229A60044B07221A60CC
:102B2800002318460837BD4680BD00BF10E000E00E
:102B380080B582B000AF78607868FFF729FF00BFE2
:102B48000837BD4680BD80B586B000AF0346B96082
:102B58007A60FB7300237B61FFF73EFF78617A6838
:102B6800B9687869FFF78EFF024697F90F3011466A
:102B78001846FFF75DFF00BF1837BD4680BD80B51A
:102B880082B000AF0346FB7197F907301846FFF78C
:102B980031FF00BF0837BD4680BD80B582B000AFA9
:102BA80078607868FFF7A2FF034618460837BD46E5
:102BB80080BD000080B586B000AF786000237B61DF
:102BC800FFF742F838617B68002B01D1012399E0B7
:102BD8007B68002283F834207B68022283F8352042
:102BE8007B681B681A687B681B6822F001021A6000
:102BF8000FE0FFF729F802463B69D31A052B08D9DD
:102C08007B6820225A657B68032283F835200323DA
:102C180078E07B681B681B6803F00103002BE8D190
:102C28007B681B681B687B617A69384B13407B6142
:102C38007B685A687B689B681A437B68DB681A4321
:102C48007B681B691A437B685B691A437B689B69CD
:102C58001A437B68DB691A437B681B6A13437A69EA
:102C680013437B617B685B6A042B07D17B68DA6A54
:102C78007B681B6B13437A6913437B617B681B6812
:102C88007A691A607B681B685B697B617B6923F0E2
:102C980007037B617B685B6A7A6913437B617B68A6
:102CA8005B6A042B17D17B689B6A7A6913437B6143
:102CB8007B68DB6A002B0ED0786800F091FA034637
:102CC800002B08D07B6840225A657B68012283F874
:102CD8003520012316E07B681B687A695A61786899
:102CE80000F048FA0346FB607B68DB6D3F229A40A0
:102CF800FB689A607B6800225A657B68012283F82A
:102D08003520002318461837BD4680BD3F8010F097
:102D180080B586B000AFF860B9607A603B60002388
:102D2800FB75FB689B6D3B61FB6893F83430012BA6
:102D380001D1022340E0FB68012283F83420FB68BC
:102D480093F83530DBB2012B2FD1FB68022283F8D0
:102D58003520FB6800225A653B687A68B968F868CC
:102D680000F0DAF9FB68DB6D3F229A403B699A6014
:102D7800FB681B681A68FB681B6842F016021A6039
:102D8800FB681B6C002B07D0FB681B681A68FB6884
:102D98001B6842F008021A60FB681B681A68FB6827
:102DA8001B6842F001021A6005E0FB68002283F804
:102DB80034200223FB75FB7D18461837BD4680BDBD
:102DC80080B483B000AF78607B6893F83530DBB2AD
:102DD800022B04D07B6880225A6501230CE07B68B3
:102DE800052283F835207B681B681A687B681B6896
:102DF80022F001021A60002318460C37BD465DF820
:102E0800047B704780B586B000AF78600023BB6054
:102E1800924B1B68924AA2FB03239B0A7B617B6847
:102E28009B6D3B613B691B68FB607B68DB6D08221F
:102E38009A40FB681340002B1AD07B681B681B68FC
:102E480003F00403002B13D07B681B681A687B68A7
:102E58001B6822F004021A607B68DB6D08229A4026
:102E68003B699A607B685B6D43F001027B685A6539
:102E78007B68DB6D01229A40FB681340002B12D05F
:102E88007B681B685B6903F08003002B0BD07B68B1
:102E9800DB6D01229A403B699A607B685B6D43F069
:102EA80002027B685A657B68DB6D04229A40FB68E6
:102EB8001340002B12D07B681B681B6803F00203C9
:102EC800002B0BD07B68DB6D04229A403B699A602B
:102ED8007B685B6D43F004027B685A657B68DB6D39
:102EE80010229A40FB681340002B43D07B681B6874
:102EF8001B6803F00803002B3CD07B68DB6D1022B5
:102F08009A403B699A607B681B681B6803F48023BE
:102F1800002B18D07B681B681B6803F40023002B68
:102F280008D17B681B6C002B24D07B681B6C7868ED
:102F380098471FE07B689B6C002B1BD07B689B6CC1
:102F48007868984716E07B681B681B6803F48073F1
:102F5800002B07D17B681B681A687B681B6822F006
:102F680008021A607B681B6C002B03D07B681B6C03
:102F7800786898477B68DB6D20229A40FB6813408D
:102F8800002B00F08E807B681B681B6803F0100321
:102F9800002B00F086807B68DB6D20229A403B691D
:102FA8009A607B6893F83530DBB2052B36D17B68A5
:102FB8001B681A687B681B6822F016021A607B6817
:102FC8001B685A697B681B6822F080025A617B681B
:102FD8001B6C002B03D17B689B6C002B07D07B6894
:102FE8001B681A687B681B6822F008021A607B68F5
:102FF800DB6D3F229A403B699A607B68002283F828
:1030080034207B68012283F835207B681B6D002BF8
:103018007DD07B681B6D7868984778E07B681B6873
:103028001B6803F48023002B1CD07B681B681B687B
:1030380003F40023002B08D17B685B6C002B30D095
:103048007B685B6C786898472BE07B68DB6B002BB0
:1030580027D07B68DB6B7868984722E00000002067
:10306800B5814E1B7B681B681B6803F48073002BBB
:103078000FD17B681B681A687B681B6822F01002F6
:103088001A607B68002283F834207B68012283F869
:1030980035207B68DB6B002B03D07B68DB6B7868A3
:1030A80098477B685B6D002B32D07B685B6D03F0C3
:1030B8000103002B22D07B68052283F835207B682A
:1030C8001B681A687B681B6822F001021A60BB68DB
:1030D8000133BB607A699A4207D37B681B681B6817
:1030E80003F00103002BF2D100E000BF7B6800224F
:1030F80083F834207B68012283F835207B68DB6CF9
:10310800002B05D07B68DB6C7868984700E000BF2F
:103118001837BD4680BD00BF80B485B000AFF860E9
:10312800B9607A603B60FB681B681A68FB681B68BB
:1031380022F480221A60FB681B683A685A60FB68B0
:103148009B68402B08D1FB681B687A689A60FB680B
:103158001B68BA68DA6007E0FB681B68BA689A609F
:10316800FB681B687A68DA6000BF1437BD465DF8F3
:10317800047B704780B485B000AF78607B681B68BB
:10318800DBB2103B144AA2FB03231B09FB60134A62
:10319800FB6813441B781A467B68DA65FB68032BC7
:1031A80009D97B681B6823F47F7323F003031A1D76
:1031B8007B689A6507E07B681B6823F47F7323F0BC
:1031C80003037A6893657B689B6D18461437BD4680
:1031D8005DF8047B704700BFABAAAAAA80CA0008A2
:1031E80080B485B000AF78600023FB737B689B6A6E
:1031F800BB607B689B69002B1FD1BB68032B56D82B
:1032080001A252F823F000BF21320008333200082F
:1032180021320008B73200087B68DB6A03F080734C
:10322800002B46D00123FB7343E07B68DB6AB3F1D4
:10323800C07F40D10123FB733DE07B689B69B3F5F8
:10324800005F21D1BB68032B37D801A252F823F0C5
:10325800693200086F3200086932000881320008BC
:103268000123FB7330E07B68DB6A03F08073002B7B
:1032780025D00123FB7322E07B68DB6AB3F1C07FB2
:103288001FD10123FB731CE0BB68022B03D9BB6869
:10329800032B03D018E00123FB7315E07B68DB6A7E
:1032A80003F08073002B0ED00123FB730BE000BFEB
:1032B8000AE000BF08E000BF06E000BF04E000BF6E
:1032C80002E000BF00E000BFFB7B18461437BD4694
:1032D8005DF8047B704700BF80B489B000AF7860A8
:1032E800396000237B6100233B610023BB6100231D
:1032F800FB6165E10122FB6902FA03F37B613B682C
:103308001B687A6913403B613A697B699A4240F0CD
:1033180054813B685B68012B0BD03B685B68022BD0
:1033280007D03B685B68112B03D03B685B68122BA6
:1033380030D17B689B68BB61FB695B00032202FAA2
:1033480003F3DB43BA691340BB613B68DA68FB6986
:103358005B0002FA03F3BA691343BB617B68BA697D
:103368009A607B685B68BB610122FB6902FA03F320
:10337800DB43BA691340BB613B685B681B0903F018
:103388000102FB6902FA03F3BA691343BB617B6864
:10339800BA695A607B68DB68BB61FB695B00032222
:1033A80002FA03F3DB43BA691340BB613B689A68CE
:1033B800FB695B0002FA03F3BA691343BB617B68DC
:1033C800BA69DA603B685B68022B03D03B685B68CC
:1033D800122B23D1FB69DA087B68083253F82230B4
:1033E800BB61FB6903F007039B000F2202FA03F39A
:1033F800DB43BA691340BB613B681A69FB6903F098
:1034080007039B0002FA03F3BA691343BB61FB6924
:10341800DA087B680832B96943F822107B681B68B0
:10342800BB61FB695B00032202FA03F3DB43BA6961
:103438001340BB613B685B6803F00302FB695B00F8
:1034480002FA03F3BA691343BB617B68BA691A606D
:103458003B685B6803F08053002B00F0AE800023CC
:10346800FB605D4B5B6C5C4A43F4804353645A4B8E
:103478005B6C03F48043FB60FB68584AFB699B085C
:10348800023352F82330BB61FB6903F003039B004E
:103498000F2202FA03F3DB43BA691340BB617B686E
:1034A8004F4A934225D07B684E4A93421FD07B688F
:1034B8004D4A934219D07B684C4A934213D07B689B
:1034C8004B4A93420DD07B684A4A934207D07B68A7
:1034D800494A934201D106230CE007230AE0052359
:1034E80008E0042306E0032304E0022302E00123AA
:1034F80000E00023FA6902F0030292009340BA69DF
:103508001343BB613549FB699B080233BA6941F82B
:1035180023203A4B1B68BB613B69DB43BA69134004
:10352800BB613B685B6803F48033002B03D0BA6946
:103538003B691343BB61314ABB6913602F4B5B681E
:10354800BB613B69DB43BA691340BB613B685B689D
:1035580003F40033002B03D0BA693B691343BB6102
:10356800264ABB695360254B9B68BB613B69DB43BB
:10357800BA691340BB613B685B6803F48013002B96
:1035880003D0BA693B691343BB611C4ABB699360AA
:103598001A4BDB68BB613B69DB43BA691340BB610B
:1035A8003B685B6803F40013002B03D0BA693B69DE
:1035B8001343BB61114ABB69D360FB690133FB61EB
:1035C800FB690F2B7FF696AE00BF00BF2437BD46C0
:1035D8005DF8047B704700BF0038024000380140A6
:1035E800000002400004024000080240000C0240B3
:1035F800001002400014024000180240003C014044
:1036080080B485B000AF78600B467B807B681A6910
:103618007B881340002B02D00123FB7301E00023B9
:10362800FB73FB7B18461437BD465DF8047B704777
:1036380080B483B000AF78600B467B8013467B7004
:103648007B78002B03D07A887B689A6103E07B88BB
:103658001A047B689A6100BF0C37BD465DF8047B8D
:10366800704780B584B000AF78607B68002B01D1CB
:1036780001232BE07B681B684CF6CC421A607B6800
:103688001B6845F255521A607B681B687A68526855
:103698005A607B681B687A6892689A60FEF7D4FA69
:1036A800F86008E0FEF7D0FA0246FB68D31A302B20
:1036B80001D903230AE07B681B68DB68002BF1D182
:1036C8007B681B684AF6AA221A600023184610373E
:1036D800BD4680BD80B483B000AF78607B681B684E
:1036E8004AF6AA221A60002318460C37BD465DF830
:1036F800047B704780B582B000AF00237B60002355
:103708003B60204B1B6C1F4A43F0805313641D4BD6
:103718001B6C03F080533B603B681B4B01221A6013
:10372800FEF792FA786009E0FEF78EFA02467B68A7
:10373800D31AB3F57A7F01D903231FE0134B5B68D3
:1037480003F48033B3F5803FEED1114B01221A60A8
:10375800FEF77AFA786009E0FEF776FA02467B68A7
:10376800D31AB3F57A7F01D9032307E0074B5B68C7
:1037780003F40033B3F5003FEED1002318460837B1
:10378800BD4680BD0038024040000E420070004037
:1037980044000E4280B584B000AF786039607B6821
:1037A800002B01D10123CCE0684B1B6803F00F0309
:1037B8003A689A420CD9654B3A68D2B21A70634B90
:1037C8001B6803F00F033A689A4201D00123B8E05E
:1037D8007B681B6803F00203002B20D07B681B6802
:1037E80003F00403002B05D0594B9B68584A43F457
:1037F800E05393607B681B6803F00803002B05D037
:10380800534B9B68524A43F460439360504B9B6808
:1038180023F0F0027B689B684D4913438B607B68FB
:103828001B6803F00103002B44D07B685B68012B05
:1038380007D1474B1B6803F40033002B19D1012330
:103848007FE07B685B68022B03D07B685B68032B97
:1038580007D13F4B1B6803F00073002B09D10123EC
:103868006FE03B4B1B6803F00203002B01D10123DF
:1038780067E0374B9B6823F003027B685B68344939
:1038880013438B60FEF7E0F9F8600AE0FEF7DCF915
:103898000246FB68D31A41F28832934201D90323C6
:1038A8004FE02B4B9B6803F00C027B685B689B0026
:1038B8009A42EBD1254B1B6803F00F033A689A42F2
:1038C8000CD2224B3A68D2B21A70204B1B6803F014
:1038D8000F033A689A4201D0012332E07B681B68E3
:1038E80003F00403002B08D0194B9B6823F4E05223
:1038F8007B68DB68164913438B607B681B6803F0A1
:103908000803002B09D0124B9B6823F460427B68A4
:103918001B69DB000E4913438B6000F055F8024623
:103928000B4B9B681B0903F00F030A49CB5C22FA77
:1039380003F3094A1360094B1B681846FEF740F960
:10394800002318461037BD4680BD00BF003C02402A
:103958000038024068CA0008000000200400002067
:1039680080B400AF034B1B681846BD465DF8047B66
:10397800704700BF0000002080B500AFFFF7F0FFE0
:103988000246054B9B689B0A03F007030349CB5C7F
:1039980022FA03F3184680BD0038024078CA0008AE
:1039A80080B500AFFFF7DCFF0246054B9B685B0B59
:1039B80003F007030349CB5C22FA03F3184680BDE2
:1039C8000038024078CA00082DE9F04387B000AFFC
:1039D8000026FE6000267E610026BE6000267E600E
:1039E80000263E61A34EB66806F00C060C2E00F2C7
:1039F80037810FF2080C5CF826F000BF393A00084E
:103A0800693C0008693C0008693C00083F3A000826
:103A1800693C0008693C0008693C0008453A000810
:103A2800693C0008693C0008693C00085B3B0008E9
:103A3800914B3B6117E1914B3B6114E18D4B5B6806
:103A480003F03F03FB608B4B5B6803F48003002BA0
:103A580024D0884B5B689B091A464FF0000340F25C
:103A6800FF144FF0000502EA040003EA0501834B46
:103A780003FB01F2002303FB00F313447F4AA0FB7E
:103A880002010B441946FB681A464FF00003FDF784
:103A980055F802460B4613467B614CE0754B5B6854
:103AA8009B091A464FF0000340F2FF104FF0000147
:103AB80002EA000803EA0109404649464FF00002BD
:103AC8004FF000034B0143EAD06342011046194608
:103AD800B0EB080061EB09014FF000024FF0000362
:103AE8008B0143EA90638201121A63EB01034FF0E2
:103AF80000004FF00001D90041EA5271D00002469F
:103B08000B4612EB080243EB09034FF000004FF09D
:103B18000001990241EA9251900202460B46104672
:103B28001946FB681A464FF00003FDF707F80246EE
:103B38000B4613467B614F4B5B681B0C03F003037A
:103B480001335B00BB607A69BB68B2FBF3F33B618E
:103B580089E04849496801F03F01F96045494968E9
:103B680001F48001002924D042494968890908469E
:103B78004FF0000140F2FF144FF0000500EA040284
:103B880001EA05033D4901FB03F0002101FB02F1B5
:103B980044183A49A2FB010163181946FB681A4602
:103BA8004FF00003FCF7CAFF02460B4613467B6141
:103BB8004AE0304B5B689B091A464FF0000340F21D
:103BC800FF104FF0000102EA000403EA0105204655
:103BD80029464FF000024FF000034B0143EAD0633F
:103BE800420110461946001B61EB05014FF0000227
:103BF8004FF000038B0143EA90638201121A63EBD2
:103C080001034FF000004FF00001D90041EA527162
:103C1800D00002460B46121945EB03034FF0000093
:103C28004FF00001990241EA9251900202460B4678
:103C380010461946FB681A464FF00003FCF77EFF52
:103C480002460B4613467B610A4B5B681B0F03F069
:103C580007037B607A697B68B2FBF3F33B6102E0A0
:103C6800054B3B6100BF3B6918461C37BD46BDE8A4
:103C7800F08300BF003802400024F40040787D0142
:103C880080B586B000AF786000233B617B681B6815
:103C980003F00103002B00F08380954B9B6803F031
:103CA8000C03042B19D0924B9B6803F00C03082BD0
:103CB80006D18F4B5B6803F48003B3F5800F0CD0FB
:103CC8008B4B9B6803F00C030C2B12D1884B5B6861
:103CD80003F48003B3F5800F0BD1854B1B6803F405
:103CE8000033002B5BD07B685B68002B57D1012326
:103CF80016E27B685B68B3F5803F06D17C4B1B6896
:103D08007B4A43F4803313601DE07B685B68B3F53E
:103D1800A02F0CD1764B1B68754A43F4802313609F
:103D2800734B1B68724A43F4803313600BE0704B8B
:103D38001B686F4A23F4803313606D4B1B686C4A11
:103D480023F4802313607B685B68002B13D0FDF796
:103D58007BFF386108E0FDF777FF02463B69D31A1D
:103D6800642B01D90323DBE1614B1B6803F40033A7
:103D7800002BF0D014E0FDF767FF386108E0FDF78D
:103D880063FF02463B69D31A642B01D90323C7E1B9
:103D9800574B1B6803F40033002BF0D100E000BF41
:103DA8007B681B6803F00203002B6FD0504B9B68A5
:103DB80003F00C03002B17D04D4B9B6803F00C034A
:103DC800082B05D14A4B5B6803F48003002B0BD00A
:103DD800474B9B6803F00C030C2B1CD1444B5B68CE
:103DE80003F48003002B16D1414B1B6803F0020338
:103DF800002B05D07B68DB68012B01D001238FE104
:103E08003B4B1B6823F0F8027B681B69DB003849D1
:103E180013430B603AE07B68DB68002B20D0354BFE
:103E280001221A60FDF710FF386108E0FDF70CFF6A
:103E380002463B69D31A022B01D9032370E12C4BAC
:103E48001B6803F00203002BF0D0294B1B6823F0FA
:103E5800F8027B681B69DB00254913430B6015E0FA
:103E6800244B00221A60FDF7EFFE386108E0FDF7E9
:103E7800EBFE02463B69D31A022B01D903234FE11B
:103E88001B4B1B6803F00203002BF0D17B681B68F7
:103E980003F00803002B37D07B685B69002B16D032
:103EA800154B01221A60FDF7CFFE386108E0FDF7D7
:103EB800CBFE02463B69D31A022B01D903232FE11B
:103EC8000B4B5B6F03F00203002BF0D01CE00A4B96
:103ED80000221A60FDF7B8FE38610FE0FDF7B4FE66
:103EE80002463B69D31A022B08D9032318E100BF05
:103EF8000038024000004742800E47428A4B5B6F01
:103F080003F00203002BE9D17B681B6803F004036C
:103F1800002B00F097800023FB75834B1B6C03F08C
:103F28008053002B0FD10023FB607F4B1B6C7E4A14
:103F380043F0805313647C4B1B6C03F08053FB608D
:103F4800FB680123FB75794B1B6803F48073002B16
:103F580018D1764B1B68754A43F480731360FDF7DC
:103F680073FE386108E0FDF76FFE02463B69D31A1D
:103F7800022B01D90323D3E06C4B1B6803F4807335
:103F8800002BF0D07B689B68012B06D1664B1B6F1A
:103F9800654A43F0010313671CE07B689B68052BA7
:103FA8000CD1614B1B6F604A43F0040313675E4BEF
:103FB8001B6F5D4A43F0010313670BE05A4B1B6FFD
:103FC800594A23F001031367574B1B6F564A23F0D6
:103FD800040313677B689B68002B15D0FDF734FE3C
:103FE80038610AE0FDF730FE02463B69D31A41F218
:103FF8008832934201D9032392E04B4B1B6F03F0A5
:104008000203002BEED014E0FDF71EFE38610AE033
:10401800FDF71AFE02463B69D31A41F288329342F1
:1040280001D903237CE0404B1B6F03F00203002BF4
:10403800EED1FB7D012B05D13B4B1B6C3A4A23F09B
:10404800805313647B689B69002B68D0364B9B6850
:1040580003F00C03082B60D07B689B69022B45D1C9
:10406800334B00221A60FDF7EFFD386108E0FDF7D9
:10407800EBFD02463B69D31A022B01D903234FE01B
:10408800294B1B6803F00073002BF0D17B68DA69B9
:104098007B681B6A1A437B685B6A9B011A437B68CF
:1040A8009B6A5B08013B1B041A437B68DB6A1B069F
:1040B8001A437B681B6B1B071B4913434B601C4B44
:1040C80001221A60FDF7C0FD386108E0FDF7BCFD6C
:1040D80002463B69D31A022B01D9032320E0124B75
:1040E8001B6803F00073002BF0D018E0104B00227F
:1040F8001A60FDF7A9FD386108E0FDF7A5FD024645
:104108003B69D31A022B01D9032309E0064B1B682C
:1041180003F00073002BF0D101E0012300E000233D
:1041280018461837BD4680BD003802400070004070
:104138006000474280B582B000AF78607B68002B92
:1041480001D101231DE07B6893F83D30DBB2002BE1
:1041580006D17B68002283F83C207868FDF7FAFADC
:104168007B68022283F83D207B681A687B680433E9
:104178001946104600F018FC7B68012283F83D20A0
:10418800002318460837BD4680BD80B582B000AF11
:1041980078607B68002B01D101231DE07B6893F8D0
:1041A8003D30DBB2002B06D17B68002283F83C202F
:1041B8007868FDF7EFFA7B68022283F83D207B6878
:1041C8001A687B6804331946104600F0EDFB7B68DB
:1041D800012283F83D20002318460837BD4680BDDC
:1041E80080B586B000AFF860B9607A607B80FB6804
:1041F80093F83D30DBB2022B01D10223F3E0FB68D8
:1042080093F83D30DBB2012B0BD17B68002B04D136
:104218007B88002B01D00123E5E0FB68022283F8AC
:104228003D20BB680C2B00F2AD8001A252F823F0B0
:104238006D4200088D4300088D4300088D43000837
:10424800B54200088D4300088D4300088D430008DF
:10425800FD4200088D4300088D4300088D43000887
:1042680045430008FB685B6A614ADA63FB685B6A7E
:10427800604A1A64FB685B6A5F4ADA64FB68586ADA
:104288007968FB681B6834331A467B88FEF740FD63
:104298000346002B01D00123A5E0FB681B68DA6800
:1042A800FB681B6842F40072DA606CE0FB689B6A8A
:1042B8004F4ADA63FB689B6A4E4A1A64FB689B6A3A
:1042C8004D4ADA64FB68986A7968FB681B6838337A
:1042D8001A467B88FEF71CFD0346002B01D00123FC
:1042E80081E0FB681B68DA68FB681B6842F480623F
:1042F800DA6048E0FB68DB6A3D4ADA63FB68DB6A40
:104308003C4A1A64FB68DB6A3B4ADA64FB68D86A91
:104318007968FB681B683C331A467B88FEF7F8FC13
:104328000346002B01D001235DE0FB681B68DA68B7
:10433800FB681B6842F40062DA6024E0FB681B6BD0
:104348002B4ADA63FB681B6B2A4A1A64FB681B6BEF
:10435800294ADA64FB68186B7968FB681B68403384
:104368001A467B88FEF7D4FC0346002B01D00123B4
:1043780039E0FB681B68DA68FB681B6842F4805206
:10438800DA6000E000BFFB681B680122B9681846C4
:1043980000F0F4FDFB681B68184A934204D0FB68E0
:1043A8001B68174A934201D1012300E00023002B28
:1043B80007D0FB681B685A6CFB681B6842F4004214
:1043C8005A64FB681B689B6803F007037B617B6981
:1043D800062B07D0FB681B681A68FB681B6842F04D
:1043E80001021A60002318461837BD4680BD00BF79
:1043F800D148000841490008AD48000800000140C4
:104408000004014080B582B000AF786039603B6835
:104418000C2B55D801A252F823F000BF59440008CC
:10442800C9440008C9440008C94400087544000884
:10443800C9440008C9440008C94400089144000858
:10444800C9440008C9440008C9440008AD4400082C
:104458007B681B68DA687B681B6822F40072DA6084
:104468007B685B6A1846FEF7ABFC2AE07B681B6832
:10447800DA687B681B6822F48062DA607B689B6A72
:104488001846FEF79DFC1CE07B681B68DA687B68B1
:104498001B6822F40062DA607B68DB6A1846FEF764
:1044A8008FFC0EE07B681B68DA687B681B6822F467
:1044B8008052DA607B681B6B1846FEF781FC00E0CF
:1044C80000BF7B681B6800223968184600F056FD5B
:1044D8007B681B68224A934204D07B681B68214A88
:1044E800934201D1012300E00023002B17D07B6801
:1044F8001B681A6A41F211131340002B0FD17B6815
:104508001B681A6A40F244431340002B07D17B68AA
:104518001B685A6C7B681B6822F400425A647B68EB
:104528001B681A6A41F211131340002B0FD17B68E4
:104538001B681A6A40F244431340002B07D17B687A
:104548001B681A687B681B6822F001021A607B6886
:10455800012283F83D20002318460837BD4680BD58
:10456800000001400004014080B584B000AFF8604D
:10457800B9607A60FB6893F83C30012B01D10223C3
:10458800B4E0FB68012283F83C20FB68022283F830
:104598003D207B680C2B00F29F8001A252F823F08B
:1045A800DD450008E1460008E1460008E14600084C
:1045B8001D460008E1460008E1460008E1460008FB
:1045C8005F460008E1460008E1460008E1460008A9
:1045D8009F460008FB681B68B968184600F084FA13
:1045E800FB681B689A69FB681B6842F008029A61BD
:1045F800FB681B689A69FB681B6822F004029A61D1
:10460800FB681B689969BB681A69FB681B680A43E1
:104618009A6162E0FB681B68B968184600F0D4FA32
:10462800FB681B689A69FB681B6842F400629A6120
:10463800FB681B689A69FB681B6822F480629A61B0
:10464800FB681B689969BB681B691A02FB681B68D1
:104658000A439A6141E0FB681B68B968184600F094
:1046680029FBFB681B68DA69FB681B6842F00802D3
:10467800DA61FB681B68DA69FB681B6822F00402D0
:10468800DA61FB681B68D969BB681A69FB681B6833
:104698000A43DA6121E0FB681B68B968184600F034
:1046A8007DFBFB681B68DA69FB681B6842F40062E3
:1046B800DA61FB681B68DA69FB681B6822F48062B0
:1046C800DA61FB681B68D969BB681B691A02FB6859
:1046D8001B680A43DA6100E000BFFB68012283F827
:1046E8003D20FB68002283F83C2000231846103741
:1046F800BD4680BD80B584B000AF786039607B6806
:1047080093F83C30012B01D10223B3E07B680122EE
:1047180083F83C207B68022283F83D207B681B6875
:104728009B68FB60FB6823F07703FB60FB6823F45E
:104738007F43FB607B681B68FA689A603B681B686C
:10474800B3F5005F3ED0B3F5005F00F28780B3F5A4
:10475800805F00F08580B3F5805F7FD8702B1AD01A
:10476800702B7BD8602B50D0602B77D8502B3CD047
:10477800502B73D8402B58D0402B6FD8302B64D097
:10478800302B6BD8202B60D0202B67D8002B5CD027
:10479800102B5AD062E07B6818683B6899683B68C0
:1047A8005A683B68DB6800F0C9FB7B681B689B683C
:1047B800FB60FB6843F07703FB607B681B68FA6863
:1047C8009A604EE07B6818683B6899683B685A684D
:1047D8003B68DB6800F0B2FB7B681B689A687B6803
:1047E8001B6842F480429A603BE07B6818683B682B
:1047F80059683B68DB681A4600F026FB7B681B6833
:104808005021184600F07FFB2BE07B6818683B6856
:1048180059683B68DB681A4600F045FB7B681B68F3
:104828006021184600F06FFB1BE07B6818683B6846
:1048380059683B68DB681A4600F006FB7B681B6812
:104848004021184600F05FFB0BE07B681A683B6864
:104858001B681946104600F056FB02E000BF00E056
:1048680000BF7B68012283F83D207B68002283F823
:104878003C20002318461037BD4680BD80B483B065
:1048880000AF786000BF0C37BD465DF8047B704709
:1048980080B483B000AF786000BF0C37BD465DF8C8
:1048A800047B704780B584B000AF78607B689B6BF1
:1048B800FB60FB68012283F83D20F868FFF7E8FFFA
:1048C80000BF1037BD4680BD80B584B000AF7860AA
:1048D8007B689B6BFB60FB68012283F83D20FB68CB
:1048E8005B6A7A689A4203D1FB6801221A7719E059
:1048F800FB689B6A7A689A4203D1FB6802221A779E
:1049080010E0FB68DB6A7A689A4203D1FB680422EC
:104918001A7707E0FB681B6B7A689A4202D1FB683A
:1049280008221A77F86804F0B5FEFB6800221A77A7
:1049380000BF1037BD4680BD80B584B000AF786039
:104948007B689B6BFB60FB68012283F83D20FB685A
:104958005B6A7A689A4203D1FB6801221A7719E0E8
:10496800FB689B6A7A689A4203D1FB6802221A772D
:1049780010E0FB68DB6A7A689A4203D1FB6804227C
:104988001A7707E0FB681B6B7A689A4202D1FB68CA
:1049980008221A77F868FFF771FFFB6800221A7778
:1049A80000BF1037BD4680BD80B485B000AF7860C9
:1049B80039607B681B68FB607B68404A934213D070
:1049C8007B68B3F1804F0FD07B683D4A93420BD090
:1049D8007B683C4A934207D07B683B4A934203D0AA
:1049E8007B683A4A934208D1FB6823F07003FB6066
:1049F8003B685B68FA681343FB607B682F4A934205
:104A08002BD07B68B3F1804F27D07B682C4A934228
:104A180023D07B682B4A93421FD07B682A4A934253
:104A28001BD07B68294A934217D07B68284A934257
:104A380013D07B68274A93420FD07B68264A93425B
:104A48000BD07B68254A934207D07B68244A93425F
:104A580003D07B68234A934208D1FB6823F4407350
:104A6800FB603B68DB68FA681343FB60FB6823F074
:104A780080023B685B691343FB607B68FA681A60D5
:104A88003B689A687B68DA623B681A687B689A6256
:104A98007B680A4A934203D07B680C4A934203D14D
:104AA8003B681A697B681A637B6801225A6100BFF8
:104AB8001437BD465DF8047B704700BF0000014015
:104AC8000004004000080040000C004000040140C1
:104AD80000400140004401400048014000180040E7
:104AE800001C00400020004080B487B000AF786010
:104AF80039607B681B6A23F001027B681A627B6855
:104B08001B6A7B617B685B683B617B689B69FB60B8
:104B1800FB6823F07003FB60FB6823F00303FB6072
:104B28003B681B68FA681343FB607B6923F0020348
:104B38007B613B689B687A6913437B617B68204A89
:104B4800934203D07B681F4A93420CD17B6923F0C0
:104B580008037B613B68DB687A6913437B617B6987
:104B680023F004037B617B68154A934203D07B687A
:104B7800144A934211D13B6923F480733B613B692A
:104B880023F400733B613B685B693A6913433B61FB
:104B98003B689B693A6913433B617B683A695A6091
:104BA8007B68FA689A613B685A687B685A637B68D5
:104BB8007A691A6200BF1C37BD465DF8047B7047EE
:104BC800000001400004014080B487B000AF786065
:104BD80039607B681B6A23F010027B681A627B6865
:104BE8001B6A7B617B685B683B617B689B69FB60D8
:104BF800FB6823F4E043FB60FB6823F44073FB602D
:104C08003B681B681B02FA681343FB607B6923F04F
:104C180020037B613B689B681B017A6913437B61B6
:104C28007B68224A934203D07B68214A93420DD184
:104C38007B6923F080037B613B68DB681B017A6931
:104C480013437B617B6923F040037B617B68174AD0
:104C5800934203D07B68164A934213D13B6923F4ED
:104C680080633B613B6923F400633B613B685B699C
:104C78009B003A6913433B613B689B699B003A6917
:104C880013433B617B683A695A607B68FA689A61AA
:104C98003B685A687B689A637B687A691A6200BFC6
:104CA8001C37BD465DF8047B704700BF000001401B
:104CB8000004014080B487B000AF786039607B6839
:104CC8001B6A23F480727B681A627B681B6A7B61AB
:104CD8007B685B683B617B68DB69FB60FB6823F092
:104CE8007003FB60FB6823F00303FB603B681B68F1
:104CF800FA681343FB607B6923F400737B613B68AC
:104D08009B681B027A6913437B617B68214A934243
:104D180003D07B68204A93420DD17B6923F400635A
:104D28007B613B68DB681B027A6913437B617B69A3
:104D380023F480637B617B68164A934203D07B68C7
:104D4800154A934213D13B6923F480533B613B6975
:104D580023F400533B613B685B691B013A691343C9
:104D68003B613B689B691B013A6913433B617B6864
:104D78003A695A607B68FA68DA613B685A687B6806
:104D8800DA637B687A691A6200BF1C37BD465DF832
:104D9800047B7047000001400004014080B487B0E4
:104DA80000AF786039607B681B6A23F480527B68A7
:104DB8001A627B681B6A3B617B685B687B617B6806
:104DC800DB69FB60FB6823F4E043FB60FB6823F4CA
:104DD8004073FB603B681B681B02FA681343FB6067
:104DE8003B6923F400533B613B689B681B033A69AA
:104DF80013433B617B68124A934203D07B68114A94
:104E0800934209D17B6923F480437B613B685B69EA
:104E18009B017A6913437B617B687A695A607B6876
:104E2800FA68DA613B685A687B681A647B683A6991
:104E38001A6200BF1C37BD465DF8047B704700BF8F
:104E4800000001400004014080B487B000AFF86062
:104E5800B9607A60FB681B6A7B61FB681B6A23F098
:104E68000102FB681A62FB689B693B613B6923F09E
:104E7800F0033B617B681B013A6913433B617B6923
:104E880023F00A037B617A69BB6813437B61FB6883
:104E98003A699A61FB687A691A6200BF1C37BD4695
:104EA8005DF8047B704780B487B000AFF860B960E4
:104EB8007A60FB681B6A23F01002FB681A62FB68C1
:104EC8009B697B61FB681B6A3B617B6923F47043C8
:104ED8007B617B681B037A6913437B613B6923F021
:104EE800A0033B61BB681B013A6913433B61FB6844
:104EF8007A699A61FB683A691A6200BF1C37BD4635
:104F08005DF8047B704780B485B000AF7860396085
:104F18007B689B68FB60FB6823F07003FB603A6862
:104F2800FB68134343F00703FB607B68FA689A60E9
:104F380000BF1437BD465DF8047B704780B487B066
:104F480000AFF860B9607A603B60FB689B687B6182
:104F58007B6923F47F437B613B681A027B681A43B1
:104F6800BB6813437A6913437B61FB687A699A606B
:104F780000BF1C37BD465DF8047B704780B487B01E
:104F880000AFF860B9607A60BB6803F01F030122C4
:104F980002FA03F37B61FB681A6A7B69DB431A40F8
:104FA800FB681A62FB681A6ABB6803F01F0379681A
:104FB80001FA03F31A43FB681A6200BF1C37BD46A7
:104FC8005DF8047B7047000080B485B000AF78605E
:104FD80039607B6893F83C30012B01D102235AE0F9
:104FE8007B68012283F83C207B68022283F83D20FD
:104FF8007B681B685B68FB607B681B689B68BB60A1
:10500800FB6823F07003FB603B681B68FA68134376
:10501800FB607B681B68FA685A607B681B68214ADA
:10502800934222D07B681B68B3F1804F1DD07B6808
:105038001B681D4A934218D07B681B681B4A934221
:1050480013D07B681B681A4A93420ED07B681B6892
:10505800184A934209D07B681B68174A934204D0C8
:105068007B681B68154A93420CD1BB6823F0800308
:10507800BB603B685B68BA681343BB607B681B68AE
:10508800BA689A607B68012283F83D207B68002219
:1050980083F83C20002318461437BD465DF8047B8E
:1050A800704700BF000001400004004000080040B5
:1050B800000C00400004014000400140001800407E
:1050C80080B582B000AF78607B68002B01D10123E6
:1050D8003FE07B6893F83930DBB2002B06D17B6860
:1050E800002283F838207868FCF758FC7B68242273
:1050F80083F839207B681B68DA687B681B6822F4B0
:105108000052DA60786800F0EFFA7B681B681A6969
:105118007B681B6822F490421A617B681B685A6995
:105128007B681B6822F02A025A617B681B68DA6870
:105138007B681B6842F40052DA607B680022DA63FD
:105148007B68202283F839207B68202283F83A2064
:10515800002318460837BD4680BD80B485B000AF2F
:10516800F860B9601346FB80FB6893F83930DBB20E
:10517800202B30D1BB68002B02D0FB88002B01D13B
:10518800012329E0FB6893F83830012B01D1022371
:1051980022E0FB68012283F83820FB68BA681A62AB
:1051A800FB68FA889A84FB68FA88DA84FB6800222C
:1051B800DA63FB68212283F83920FB68002283F830
:1051C8003820FB681B68DA68FB681B6842F08002BD
:1051D800DA60002300E0022318461437BD465DF864
:1051E800047B704780B485B000AFF860B96013469F
:1051F800FB80FB6893F83A30DBB2202B40D1BB68C8
:10520800002B02D0FB88002B01D1012339E0FB6879
:1052180093F83830012B01D1022332E0FB680122D8
:1052280083F83820FB68BA689A62FB68FA889A851E
:10523800FB68FA88DA85FB680022DA63FB682222B9
:1052480083F83A20FB68002283F83820FB681B6843
:10525800DA68FB681B6842F48072DA60FB681B68D6
:105268005A69FB681B6842F001025A61FB681B68B7
:10527800DA68FB681B6842F02002DA60002300E06D
:10528800022318461437BD465DF8047B70470000BA
:1052980080B588B000AF78607B681B681B68FB61CD
:1052A8007B681B68DB68BB617B681B685B697B612B
:1052B80000233B610023FB60FB6903F00F033B61A4
:1052C8003B69002B0DD1FB6903F02003002B08D0AC
:1052D800BB6903F02003002B03D0786800F082F943
:1052E800D0E03B69002B00F0B0807B6903F001033C
:1052F800002B05D1BB6903F49073002B00F0A58047
:10530800FB6903F00103002B0AD0BB6903F4807327
:10531800002B05D07B68DB6B43F001027B68DA6306
:10532800FB6903F00403002B0AD07B6903F0010337
:10533800002B05D07B68DB6B43F002027B68DA63E5
:10534800FB6903F00203002B0AD07B6903F0010319
:10535800002B05D07B68DB6B43F004027B68DA63C3
:10536800FB6903F00803002B0FD0BB6903F020038F
:10537800002B04D17B6903F00103002B05D07B6867
:10538800DB6B43F008027B68DA637B68DB6B002B1E
:1053980077D0FB6903F02003002B07D0BB6903F02B
:1053A8002003002B02D0786800F01CF97B681B688A
:1053B8005B6903F04003402B0CBF01230023DBB2E1
:1053C800FB607B68DB6B03F00803002B02D1FB68F2
:1053D800002B31D0786800F065F87B681B685B6942
:1053E80003F04003402B23D17B681B685A697B6814
:1053F8001B6822F040025A617B685B6B002B13D05C
:105408007B685B6B214A1A657B685B6B1846FDF706
:10541800D7FC0346002B16D07B685B6B1B6D7A6844
:10542800526B104698470EE0786800F031F80AE0B1
:10543800786800F02DF806E0786800F029F87B68B5
:105448000022DA631DE000BF1BE0FB6903F0800364
:10545800002B08D0BB6903F08003002B03D07868C9
:1054680000F052F80EE0FB6903F04003002B09D06E
:10547800BB6903F04003002B04D0786800F09AF869
:1054880000E000BF2037BD4680BD00BFE9540008DA
:1054980080B483B000AF786000BF0C37BD465DF8BC
:1054A800047B704780B483B000AF78607B681B686A
:1054B800DA687B681B6822F49072DA607B681B6884
:1054C8005A697B681B6822F001025A617B682022B6
:1054D80083F83A2000BF0C37BD465DF8047B70475F
:1054E80080B584B000AF78607B689B6BFB60FB681D
:1054F8000022DA85FB680022DA84F868FFF7C8FF23
:1055080000BF1037BD4680BD80B485B000AF78605D
:105518007B6893F83930DBB2212B44D17B689B68D8
:10552800B3F5805F1AD17B681B6AFB60FB681B8838
:105538001A467B681B68C2F308025A607B681B69BD
:10554800002B05D17B681B6A9A1C7B681A620EE0E7
:105558007B681B6A5A1C7B681A6208E07B681B6AB6
:10556800591C7A6811621A787B681B685A607B68D4
:10557800DB8C9BB2013B9BB27A681946D184002B25
:105588000FD17B681B68DA687B681B6822F0800291
:10559800DA607B681B68DA687B681B6842F0400247
:1055A800DA60002300E0022318461437BD465DF890
:1055B800047B704780B582B000AF78607B681B6859
:1055C800DA687B681B6822F04002DA607B68202278
:1055D80083F83920786804F057FC00231846083708
:1055E800BD4680BD80B584B000AF78607B6893F815
:1055F8003A30DBB2222B71D17B689B68B3F5805FB0
:1056080023D17B689B6AFB607B681B69002B0ED1EA
:105618007B681B685B689BB2C3F308039AB2FB689C
:105628001A807B689B6A9A1C7B689A6229E07B686F
:105638001B685B689BB2DBB29AB2FB681A807B6816
:105648009B6A5A1C7B689A621BE07B681B69002B6B
:105658000AD17B681B6858687B689B6A591C7A6802
:105668009162C2B21A700CE07B681B685B68DAB2A0
:105678007B689B6A581C7968886202F07F02D2B204
:105688001A707B68DB8D9BB2013B9BB27A68194626
:10569800D185002B20D17B681B68DA687B681B6882
:1056A80022F02002DA607B681B68DA687B681B6876
:1056B80022F48072DA607B681B685A697B681B6811
:1056C80022F001025A617B68202283F83A20786828
:1056D80004F030FC002302E0002300E00223184617
:1056E8001037BD4680BD00002DE9F04FBDB000AFBA
:1056F800C7F8E400D7F8E4301B681B6923F440506E
:10570800D7F8E430D968D7F8E4301A6840EA0103DA
:105718001361D7F8E4309A68D7F8E4301B691A4364
:10572800D7F8E4305B691A43D7F8E430DB691343F0
:10573800C7F8EC30D7F8E4301B68DB6823F416416F
:1057480021F00C01D7F8E4301A68D7F8EC300B4395
:10575800D360D7F8E4301B685B6923F44070D7F84E
:10576800E4309969D7F8E4301A6840EA01035361D4
:10577800D7F8E430DB69B3F5004F40F0A581D7F8DE
:10578800E4301A68CD4B9A4206D0D7F8E4301A684C
:10579800CB4B9A4240F0CB80FEF702F9C7F8E800FD
:1057A800D7F8E8301C464FF0000522462B469118E2
:1057B800C7F888105B41C7F88C30D7E92223121943
:1057C80045EB03034FF000004FF00001D90041EA18
:1057D8005271D00002460B461119C7F8D8106B4118
:1057E800C7F8DC30D7F8E4305B681A464FF000039E
:1057F8009118C7F880105B41C7F88430D7E9202397
:10580800D7E93601FBF79AF902460B46AD4BA3FBE5
:1058180002235B091E01D7F8E8301C464FF000054B
:1058280022462B469118B9675B41FB67D7E91E23CF
:10583800121945EB03034FF000004FF00001D900A7
:1058480041EA5271D00002460B461119C7F8D01030
:105858006B41C7F8D430D7F8E4305B681A464FF08C
:105868000003911839675B417B67D7E91C23D7E9A7
:105878003401FBF763F902460B46924BA3FB021374
:105888005B09642101FB03F3D31ADB0032338D4A31
:10589800A2FB03235B095B0003F4F8731E44D7F8EB
:1058A800E83018464FF0000102460B469418BC66D3
:1058B8005B41FB66D7E91A23121841EB03034FF04B
:1058C80000044FF00005DD0045EA5275D400224679
:1058D8002B461418C7F8C8404B41C7F8CC30D7F846
:1058E800E4305B681A464FF00003911839665B4153
:1058F8007B66D7E91823D7E93201FBF71FF902467F
:105908000B46704BA3FB02135B09642101FB03F3F5
:10591800D31ADB0032336B4AA2FB03235B0903F083
:105928000702D7F8E4301B6832449A606DE2FEF74C
:1059380023F8C7F8E800D7F8E8301C464FF0000510
:1059480022462B469118B9655B41FB65D7E91623BA
:10595800121945EB03034FF000004FF00001D90086
:1059680041EA5271D00002460B461119C7F8C0101F
:105978006B41C7F8C430D7F8E4305B681A464FF07B
:105988000003911839655B417B65D7E91423D7E992
:105998003001FBF7D3F802460B464A4BA3FB022320
:1059A8005B091E01D7F8E8301C464FF00005224677
:1059B8002B469118B9645B41FB64D7E9122312198D
:1059C80045EB03034FF000004FF00001D90041EA16
:1059D8005271D00002460B461119C7F8B8106B4136
:1059E800C7F8BC30D7F8E4305B681A464FF00003BC
:1059F800911839645B417B64D7E91023D7E92E01FC
:105A0800FBF79CF802460B462E4BA3FB02135B09DF
:105A1800642101FB03F3D31ADB003233294AA2FBCA
:105A280003235B095B0003F4F8731E44D7F8E830DE
:105A380018464FF0000102460B469418BC635B41C0
:105A4800FB63D7E90E23121841EB03034FF0000460
:105A58004FF00005DD0045EA5275D40022462B467A
:105A68001418C7F8B0404B41C7F8B430D7F8E43041
:105A78005B681A464FF00003911839635B417B63FA
:105A8800D7E90C23D7E92C01FBF758F802460B4657
:105A98000C4BA3FB02135B09642101FB03F3D31A2C
:105AA800DB003233074AA2FB03235B0903F007023A
:105AB800D7F8E4301B6832449A60A6E10010014030
:105AC800001401401F85EB51D7F8E4301A68D14B18
:105AD8009A4206D0D7F8E4301A68CF4B9A4240F081
:105AE800CA80FDF75DFFC7F8E800D7F8E8301C4624
:105AF8004FF0000522462B469118B9625B41FB62C4
:105B0800D7E90A23121945EB03034FF000004FF0C1
:105B18000001D90041EA5271D00002460B4612EB4F
:105B2800040A43EB050BD7F8E4305B6818464FF0DE
:105B380000014FF000024FF000038B0043EA90731E
:105B4800820050465946FAF7F9FF02460B46B34B16
:105B5800A3FB02235B091E01D7F8E83018464FF073
:105B6800000102460B4694183C625B417B62D7E910
:105B78000823121841EB03034FF000044FF000050F
:105B8800DD0045EA5275D40022462B461418C7F8A2
:105B9800A8404B41C7F8AC30D7F8E4305B681846EA
:105BA8004FF000014FF000024FF000038B0043EA72
:105BB80090738200D7E92A01FAF7C0FF02460B4624
:105BC800964BA3FB02135B09642101FB03F3D31A71
:105BD8001B013233914AA2FB03235B0903F0F00354
:105BE8001E44D7F8E83018464FF0000102460B462D
:105BF8009418BC615B41FB61D7E90623121841EB9D
:105C080003034FF000044FF00005DD0045EA52752C
:105C1800D40022462B461418C7F8A0404B41C7F8B9
:105C2800A430D7F8E4305B6818464FF000014FF015
:105C380000024FF000038B0043EA90738200D7E91B
:105C48002801FAF77BFF02460B46744BA3FB0213AD
:105C58005B09642101FB03F3D31A1B0132336F4A3A
:105C6800A2FB03235B0903F00F02D7F8E4301B689B
:105C780032449A60C9E0FDF77FFEC7F8E800D7F81C
:105C8800E8301C464FF0000522462B469118396132
:105C98005B417B61D7E90423121945EB03034FF0FD
:105CA80000004FF00001D90041EA5271D0000246CD
:105CB8000B4612EB040843EB0509D7F8E4305B68A0
:105CC80018464FF000014FF000024FF000038B0020
:105CD80043EA9073820040464946FAF72FFF02468E
:105CE8000B464E4BA3FB02235B091E01D7F8E83095
:105CF80018464FF0000102460B469418BC605B4101
:105D0800FB60D7E90223121841EB03034FF00004AC
:105D18004FF00005DD0045EA5275D40022462B46B7
:105D28001418C7F898404B41C7F89C30D7F8E430AE
:105D38005B6818464FF000014FF000024FF0000377
:105D48008B0043EA90738200D7E92601FAF7F6FE42
:105D580002460B46314BA3FB02135B09642101FB8E
:105D680003F3D31A1B0132332C4AA2FB03235B092A
:105D780003F0F0031E44D7F8E83018464FF000014E
:105D880002460B4694183C605B417B60D7E90023D0
:105D9800121841EB03034FF000044FF00005DD003B
:105DA80045EA5275D40022462B461418C7F890408D
:105DB8004B41C7F89430D7F8E4305B6818464FF089
:105DC80000014FF000024FF000038B0043EA90738C
:105DD8008200D7E92401FAF7B1FE02460B460F4BC1
:105DE800A3FB02135B09642101FB03F3D31A1B0114
:105DF80032330A4AA2FB03235B0903F00F02D7F8E8
:105E0800E4301B6832449A60FFE700BFF437BD46B0
:105E1800BDE8F08F00100140001401401F85EB51D0
:105E280080B400AF0D4B0122DA700C4B0C4AC3F85A
:105E380015200C4B9B6B0B33084AC2F82230094BD8
:105E4800DB6B0B33054AC2F82630044B064A5A6608
:105E580000BFBD465DF8047B704700BF6C000020A2
:105E6800E9D00020C0010020BC9E002080B596B07B
:105E780002AF03463A60FB710B46BB713B68FB649B
:105E88000023FB6000233B61FB6C1B78062B00F2B0
:105E9800C18001A252F823F0BD5E0008D95E000857
:105EA800ED5E00080D5F0008CB5F00081D6000086C
:105EB800ED5F000807F10C03BB61BB6901337B612F
:105EC800BB6900221A705C4BDA787B691A70A1E012
:105ED80007F10C033B623B6A0133FB613B6A012219
:105EE8001A7097E007F10C03BB62BB6A01337B624F
:105EF800BB6A02221A70504BD3F815301A787B6AA5
:105F08001A7087E007F10C037B637B6B01333B63FB
:105F1800FB6C0133FB627B6B03221A703B6B022222
:105F28005A70FB6A1B78002B12D13B6B00221A7047
:105F3800414BD3F822301B78002B6AD13E4BD3F863
:105F480026301B78002B64D13B6B01225A7060E02D
:105F5800FB6A1B78012B12D13B6B01221A70364B5E
:105F6800D3F822301B78002B53D1334BD3F826308B
:105F78001B78002B4DD13B6B01225A7049E0FB6A1C
:105F88001B78022B0CD13B6B02221A702A4BD3F8D8
:105F980022301B78012B3CD13B6B01225A7038E030
:105FA800FB6A1B78032B34D13B6B03221A70224BFC
:105FB800D3F826301B78012B2BD13B6B01225A706A
:105FC80027E007F10C03FB63FB6B0133BB63FB6B3F
:105FD80004221A7000F002F9184B93F83020BB6BBA
:105FE8001A7017E007F10C03BB64BB6C01337B64C8
:105FF800FB6C01333B64BB6C06221A703B6C1A784D
:106008007B6C1A700C4B5B6E1A687B6CC3F80120B2
:1060180000E000BF0A4B1A78B979F87907F10C0348
:106028000193002300930B46002104F023FB00BFDB
:106038005037BD4680BD00BF6C000020D400002052
:10604800919F002080B584B000AF0346B9607A60A4
:10605800FB73BB68DA789209D2B21B7903F00F039D
:106068009B001343DBB21946FB7B7A681846FFF79F
:10607800FDFE00BF1037BD4680BD000080B483B070
:1060880000AF78600B467B8013467B702B4B93F8F0
:106098003130032B4BD8294B93F831301946274A16
:1060A8000B465B000B449B00134401221A70234BE0
:1060B80093F831301946214A0B465B000B449B008C
:1060C800134404337A681A601C4B93F8313019462C
:1060D8001A4A0B465B000B449B00134408337A882A
:1060E8001A80164B93F831301946144A0B465B0058
:1060F8000B449B0013440A337A781A700F4B93F8B9
:10610800313019460D4B93F831000C4A0B465B00B1
:106118000B449B0013440B3302461A70074B93F849
:1061280031300133DAB2054B83F8312000E000BF8B
:106138000C37BD465DF8047B704700BFD4000020D3
:1061480080B483B000AF0346FB710B46BB711346A6
:106158007B71094AFB7982F83430074ABB7982F8A7
:106168003530054A7B7982F8363000BF0C37BD469A
:106178005DF8047B704700BFD400002080B582B072
:1061880000AF78607B681B78012B01D0002315E0F5
:106198007B685A687B681B8919461046FDF730FAF8
:1061A80003461A467B689B7A9A4206D17B68DB7A5B
:1061B8001A4601239340DBB200E000231846083753
:1061C800BD4680BD80B400AF034B93F8303018460D
:1061D800BD465DF8047B7047D400002080B500AF51
:1061E80000F008F8024B93F83030184680BD00BF25
:1061F800D400002080B582B000AF0023FB710023DB
:10620800BB710023BB7111E0BA7913465B001344DC
:106218009B000C4A13441846FFF7B0FF03461A4682
:10622800FB791343FB71BB790133BB71BB79032B3A
:10623800EAD9044AFB7982F8303000BF0837BD46F6
:1062480080BD00BFD400002080B582B000AF786068
:106258003960114B93F8283019460F4A3B6842F8C9
:1062680031300D4B93F828300B4ADB0013447A6821
:106278005A60094B93F828300133DAB2064B83F899
:106288002820054B93F82830042B01D9FBF7DAF9BD
:1062980000BF0837BD4680BD0C01002080B58CB01A
:1062A80000AF78600023FB6100233B6201237B621F
:1062B8000023BB600023FB6000233B6100237B615C
:1062C8000023BB610123BB620E23FB6207F10803B5
:1062D80019467868FBF7C0FD0346002B01D0FBF791
:1062E800B1F97868FBF798FE0346002B01D0FBF75D
:1062F800A9F902217868FCF7F5F80346002B01D0CC
:10630800FBF7A0F900BF3037BD4680BD80B582B02D
:1063180000AF786039607B683A681A603B681B6830
:1063280019467868FFF790FF00BF0837BD4680BD63
:1063380080B483B000AF78607B681B78012B23D1D1
:106348007B685B78002B1FD17B685B78002B0DD1B5
:106358007B68D3F802305A697B68DB889BB21946A0
:106368007B68D3F802300A435A610DE07B68D3F8A2
:1063780002305A697B68DB889BB2DB4319467B682D
:10638800D3F802300A405A6100BF0C37BD465DF8A9
:10639800047B704780B500AF0D4B1B6D002B14D0EC
:1063A8000B4B5B6D0A4A52F823309847084B5B6DDC
:1063B8000133074A5365064B5A6D054B1B6D9A42CC
:1063C80004D3034B00225A6500E000BF80BD00BF24
:1063D8003801002080B582B000AF78600A4B1B6D91
:1063E80009497A6841F82320074B1B6D0133064A97
:1063F8001365054B1B6D132B01D9FBF723F900BF60
:106408000837BD4680BD00BF3801002080B485B084
:1064180000AFF860B9601346FB71FB68BA681A6090
:10642800FB79002B24D0012B00D022E0FB68144A12
:106438005A61FB68134A9A61FB68134ADA61FB6880
:10644800124A1A62FB68124A1A63FB68114A5A62B6
:10645800FB68114A9A62FB68104ADA62FB68104AC4
:106468005A63FB680F4A9A63FB680F4ADA6300E0D5
:1064780000BF00BF1437BD465DF8047B704700BFFE
:10648800C1960008C7980008DF96000829970008F9
:106498000D9800085F970008A5970008E79700087F
:1064A8002F980008739800089398000880B588B062
:1064B80002AF0346B9607A60FB730023FB75BB68C3
:1064C8005B78C3F30403DBB2FB75FB7D012B10D8AB
:1064D8000A4B1B68184603F018F9FFF773FE0346CA
:1064E8001A46F87BFB7D00930023002104F045F851
:1064F80000E000BF1837BD4680BD00BF40CC00207B
:1065080080B588B000AF0346B9607A60FB7300239A
:10651800FB77BB685B78C3F30403DBB2FB77FB7FD5
:10652800012B0FD87B68BB61BB691A785B781B02AB
:106538001343FB82054B1B68FA8A1146184603F081
:10654800BBF800E000BF2037BD4680BD40CC00202E
:1065580090B58FB006AF0346B9607A60FB7300232D
:10656800FB77BB685B78C3F30403DBB2FB77FB7F85
:10657800012B34D87B68BB61BB691B78FB75BB6991
:106588005A789B781B021343BB82BB69DA781B7964
:106598001B0213437B82BB69B3F805309BB27B7443
:1065A800114B18687C8ABA8AF97D7B7C0093234654
:1065B80003F0B6F8FFF706FE03461A467B7C9BB24B
:1065C800F87B04937B8A0393BB8A0293FB7D019338
:1065D800FB7F00930023002103F080FE00E000BF52
:1065E8002437BD4690BD00BF40CC002080B58AB09E
:1065F80002AF0346B9607A60FB730023FB77BB6880
:106608005B78C3F30403DBB2FB77FB7F012B18D85D
:106618007B68BB61BB691B687B610C4B1B68796934
:10662800184603F0DCF8FFF7CDFD03461A46F87B61
:106638007B690193FB7F00930023002103F057FF40
:1066480000E000BF2037BD4680BD00BF40CC002021
:1066580080B588B002AF0346B9607A60FB73002347
:10666800FB75BB685B78C3F30403DBB2FB75FB7D8A
:10667800012B10D80A4B1B68184603F06CF8FFF77B
:10668800A1FD03461A46F87BFB7D009300230021F9
:1066980003F0ABFF00E000BF1837BD4680BD00BF68
:1066A80040CC002080B588B002AF0346B9607A605C
:1066B800FB730023FB75BB685B78C3F30403DBB291
:1066C800FB75FB7D012B0BD8FFF77CFD03461A46B3
:1066D800F87BFB7D00930023002103F086FF00E098
:1066E80000BF1837BD4680BD80B586B000AF0346F1
:1066F800B9607A60FB7300237B75BB685B78C3F372
:106708000403DBB27B757B7D012B18D87B683B616A
:106718003B695B78002B06D13B699B789BB25B4257
:106728009BB2FB8202E03B699B78FB82064B9B6A2B
:10673800054A1268B7F916101046984700E000BFDE
:106748001837BD4680BD00BF40CC002080B584B05E
:1067580000AF0346FB71FB79002B01D0002307E053
:10676800054BDB6B044A126810469847F860FB68D3
:1067780018461037BD4680BD40CC002090B587B084
:1067880002AF0346B9607A60FB73FFF71BFD03464F
:106798001C460020FFF7DAFF03460193012300930C
:1067A800002322460021002003F0A1FE00BF143779
:1067B800BD4690BD80B582B002AFFFF703FD03462A
:1067C8001A460123009300230021002003F041FD15
:1067D80000BFBD4680BD80B586B004AF0346FB71DF
:1067E8000B46BB7113467B71FFF7ECFC03461A4658
:1067F8007B790293BB790193012300930023002145
:10680800002004F092F900BF0837BD4680BD80B56E
:1068180084B002AF03463960FB71FFF7D3FC03462F
:106828001A463B68019301230093002300210020AE
:1068380003F031FE00BF0837BD4680BD90B587B074
:1068480004AF0346FB71FFF7BDFC03461C46FB790A
:106858000B4A9B0113441B68184603F006F80346CD
:106868000293002301930123009300232246002171
:10687800002003F0D3FD00BF0C37BD4690BD00BF1C
:1068880040CC002080B586B004AF03460A46FB71B1
:106898001346BB71FFF796FC03461A46BB79029371
:1068A800042301931F23009300230021002003F0F9
:1068B80085FD00BF0837BD4680BD0000B0B586B075
:1068C80004AF78600B467B80FFF77CFC03461D46CF
:1068D8000D4B9B6B184603F0C1F803461C460A4B48
:1068E800DB6B184603F0BAF80346029301940123C0
:1068F800009300232A460021002004F016F900BF67
:106908000837BD46B0BD00BFC001002090B58BB0B0
:1069180004AF0346B9607A60FB730023BB7500239C
:10692800FB75BB685B78C3F30403DBB2BB75BB7D47
:10693800012B7FD87B683B613B691B78042B7AD895
:1069480001A252F823F000BF656900083F6A0008F9
:106958003F6A000891690008E7690008FFF732FC00
:1069680003461C46354B1B68184602F05CFF03467D
:10697800F87B029300230193BB7D009300232246FA
:10698800002103F04BFD56E02C4B1B68184602F023
:1069980039FF0346FB75FB7D022B02D10123FB75F2
:1069A8000DE0FB7D002B02D10223FB7507E0FB7D88
:1069B800052B02D10223FB7501E00023FB75FFF7CD
:1069C80001FC03461A46F87BFB7D029303230193DF
:1069D800BB7D00930023002103F020FD2BE0174B23
:1069E8001B68184602F00EFF0346FB75FB7D022B61
:1069F80002D10123FB750DE0FB7D002B02D10223A0
:106A0800FB7507E0FB7D052B02D10223FB7501E036
:106A18000023FB75FFF7D6FB03461A46F87BFB7D80
:106A2800029304230193BB7D00930023002103F00C
:106A3800F5FC00E000BF1C37BD4690BD40CC0020EF
:106A480080B485B000AF78600023FB737B681B7847
:106A5800092B3AD801A252F823F000BFD36A0008E4
:106A6800D36A00088D6A0008D36A0008D36A000850
:106A7800D36A0008D36A0008D36A0008D36A0008FA
:106A8800A96A00087B685B78012B02D00D2B03D024
:106A98001BE00523FB7302E00B23FB7300BF14E02C
:106AA8007B685B780B2B0CD00B2B0DDC002B02D0FA
:106AB800042B03D008E00323FB7305E00123FB73D9
:106AC80002E00123FB7300BF00BFFB7B18461437AD
:106AD800BD465DF8047B704780B485B000AF786030
:106AE8007B68FB60FB680333BB60FB689B7803F043
:106AF8000F03DBB2022B58D1FB689B7823F00F03FE
:106B0800DBB2102B53D1BB681B79002B51D12E4B14
:106B180001221A71BB681B682B4AC2F806302A4B3F
:106B28005B79002B47D0284B1A68284B03F51C4388
:106B380098331B689A4240D1244B03F51C43A53374
:106B48001B78002B3AD1214B03F51C43BB331B7830
:106B5800022B33D11D4B03F51C4398331A681B4B8A
:106B680003F51C439C331B689A4227D1164BD3F874
:106B78000620164B03F51C43D0331B68D31A124A60
:106B8800C2F80A30104BD3F80A20104B03F51C4307
:106B98009C331A600D4B03F51C439C331A680B4B4E
:106BA80003F51C4398331A6008E000BF06E000BFF5
:106BB80004E000BF02E000BF00E000BF1437BD469C
:106BC8005DF8047B704700BF90010020C0010020E1
:106BD80080B582B000AF144B03F51C43A5331B7876
:106BE800002B1DD1104B03F51C4398331A680E4B2C
:106BF80003F51C439C331B689A4211D102233B7056
:106C080001237B70094BC7F802303B46184600F059
:106C18005FF9054B03F51C4398331B68044A13605E
:106C280000BF0837BD4680BDC0010020E16A0008EA
:106C38009001002080B485B000AF78607B68FB606D
:106C4800FB680333BB60FB689B7803F00F03DBB280
:106C5800022B38D1FB689B7823F00F03DBB2D02BD3
:106C680033D1BB689B7A002B31D11C4B00225A765A
:106C7800BB681B889AB2194BDA81BB685B889AB2E9
:106C8800164B1A82BB681B791A46BB685B791B02D4
:106C98001A43BB689B791B0413431A460F4BC3F86E
:106CA8001220BB68B3F807309BB21AB20B4BDA82DA
:106CB800BB689A7A094B1A76094B03F51C43F933DA
:106CC80001221A7004E000BF02E000BF00E000BF2C
:106CD8001437BD465DF8047B704700BF9001002063
:106CE800C001002080B582B000AF02233B700D23A5
:106CF8007B70054BC7F802303B46184600F0E8F8B1
:106D080000BF0837BD4680BD3D6C000880B485B023
:106D180000AF78607B68FB60FB680333BB60FB688F
:106D28009B7803F00F03DBB2092B1ED1FB689B781D
:106D380023F00F03DBB2002B19D1BB689B78002B23
:106D480017D1BB689A780E4B1A770D4B1B7F002B17
:106D580002D10B4B00225A77BB681A78084B9A76F7
:106D6800BB685A78064BDA7604E000BF02E000BF41
:106D780000E000BF1437BD465DF8047B704700BFD4
:106D88009001002080B582B000AF09233B7000233A
:106D98007B70054BC7F802303B46184600F098F860
:106DA80000BF0837BD4680BD156D000880B485B0AA
:106DB80000AF78607B68FB60FB680333BB60FB68EF
:106DC8009B7803F00F03DBB2092B16D1FB689B7885
:106DD80023F00F03DBB2402B11D1BB681B78002BCB
:106DE8000FD1BB681A780A4B9A77094B9B7F002B07
:106DF80008D1074B0022DA7704E000BF02E000BFA9
:106E080000E000BF1437BD465DF8047B704700BF43
:106E18009001002080B582B000AF09233B700423A5
:106E28007B70054BC7F802303B46184600F050F817
:106E380000BF0837BD4680BDB56D000880B485B079
:106E480000AF78607B68FB60FB680333BB60FB685E
:106E58009B7803F00F03DBB2092B19D1FB689B78F1
:106E680023F00F03DBB2B02B14D1BB681B78002BC7
:106E780012D1BB681A780B4B83F82020094B93F882
:106E88002030002B09D1074B002283F8212004E091
:106E980000BF02E000BF00E000BF1437BD465DF848
:106EA800047B70479001002080B582B000AF0923B1
:106EB8003B700B237B70054BC7F802303B461846E6
:106EC80000F006F800BF0837BD4680BD456E0008D3
:106ED80080B483B000AF7860264BD3F8DC227B689F
:106EE8001878244913465B0013445B000B4403F5F0
:106EF800397302461A701F4BD3F8DC227B68587826
:106F08001C4913465B0013445B000B4403F2E52362
:106F180002461A70174BD3F8DC227B68D3F80210AC
:106F2800144813465B0013445B00034403F53873AD
:106F3800C3F806100F4BD3F8DC3201330D4AC2F800
:106F4800DC320C4BD3F8DC321D2B0CD9094B002258
:106F580083F8DC22002283F8DD22002283F8DE2277
:106F6800002283F8DF2200BF0C37BD465DF8047BA2
:106F7800704700BF8CCC002080B500AF1A4BD3F807
:106F8800DC22194BD3F8E0329A422BD0164BD3F8B7
:106F9800E02213465B0013445B0003F53873124A82
:106FA800134404331946104800F098FB0346022B9B
:106FB80018D00D4BD3F8E03201330B4AC2F8E03257
:106FC800094BD3F8E0321D2B0CD9074B002283F86C
:106FD800E022002283F8E122002283F8E222002244
:106FE80083F8E32200BF80BD8CCC002080B584B03C
:106FF80000AF0346B9607A60FB73FFF755FFFFF7F0
:1070080009FF00BF1037BD4680BD000080B584B0C1
:1070180002AF174B9B7E002B26D0164B1B681846D9
:1070280002F035FD0346B3F57A7F1DD300237B605C
:107038000F4B9B7E1B047B600D4BDB7E1A467B68E7
:1070480013437B60FFF7BEF803461A467B6801933B
:107058000123009300230021002003F066F802F0CA
:107068002FFD0346034A136000BF0837BD4680BDA5
:1070780090010020B401002080B500AFFFF77CFF2D
:10708800FFF7C4FF00BF80BD80B483B000AF786055
:10709800044A7B68136000BF0C37BD465DF8047B6B
:1070A800704700BF8CCC002080B483B000AF7860FC
:1070B8007B681A687B681B68D2F80C24C3F8102414
:1070C80000BF0C37BD465DF8047B704780B584B0BF
:1070D80000AFF860B9607A603B60244B1B78012BE5
:1070E8000AD1234B00221A60204B00221A7002F0AA
:1070F800E7FC03461F4A13601E4B1B68184602F044
:10710800C6FC02463B68934207D8184B01221A7006
:10711800174B00221A60032324E0FB681A68FB68F7
:1071280004331946104602F048FF0346012B18D1D4
:107138000F4B1B68BA681344FA6812791A700C4B23
:107148001B6801330A4A1360094B1B687A689A4224
:1071580007D8074B00221A60044B01221A7000233B
:1071680000E0022318461037BD4680BD0900002004
:10717800B8010020BC01002080B485B000AF786061
:107188000B46FB700023FB730023BB6008E0BB6861
:107198005A1CBA607A6813441A78FB7B1344FB7351
:1071A800FB785A1EFA70002BF1D1FB7B1846143776
:1071B800BD465DF8047B704780B487B000AF786047
:1071C8000B46FB700023FB750023FB7300233B6118
:1071D80008E03B695A1C3A617A6813441A78FB7DC7
:1071E8001344FB75FB785A1EFA70002BF1D1FB7D16
:1071F800DB43FB73FB7B0133FB73FB7B18461C37BC
:10720800BD465DF8047B704790B585B000AF7860E7
:10721800084611461A460346FB700B46BB701346D8
:107228007B707B6803F51E73FB6097F8243003338B
:10723800BB60FB6897F824201A70FB68FA785A70CC
:107248007B7803F00F03D9B2FA68937861F30713D8
:107258009370BB7803F00F03D9B2FA68937861F39F
:107268000303937097F82430002B07D0FB6803338F
:1072780097F82420396A184605F050FBFB68BA686D
:10728800D2B297F8244011461846FFF795FF0346F7
:107298001A46FB682344DA707B6818687B6803F534
:1072A8001E71BB6801331A4602F097FD00BF143700
:1072B800BD4690BD80B483B000AF78607B68D3F8DA
:1072C80059345A1C7B68C3F859247B68D3F859345D
:1072D800022B03D97B68012283F85D2400BF0C3799
:1072E800BD465DF8047B704780B582B000AF78601A
:1072F8007868FFF7D9FE7B681B680521184602F0FD
:107308005AFD7B68012283F81322022318460837A6
:10731800BD4680BD80B584B000AF78600223FB73A2
:107328007B6803F505714FF4967301227868FFF7BF
:10733800CDFE0346032B42D801A252F823F000BF2A
:10734800597300088F730008A5730008AB73000811
:107358007B6893F81432042B06D17B68022283F8E9
:1073680013220223FB732AE07B68002283F813228E
:107378007B68012283F854247B68012283F85D240A
:107388000123FB731BE07B68002283F813227B68D0
:10739800012283F854240123FB7310E00223FB73BA
:1073A8000DE07868FFF786FF7B68002283F81322D8
:1073B8007B68012283F854240123FB7300BFFB7B05
:1073C80018461037BD4680BD80B586B002AF7860DC
:1073D80039600023FB737868FFF766FE3B681A780C
:1073E8003B6859780023019307F10F0300930B467C
:1073F80001217868FFF708FF7B68032283F81322CE
:10740800022318461037BD4680BD000080B584B001
:1074180000AF78600223FB737B6803F505714FF4B6
:10742800967301227868FFF751FE0346032B3ED876
:1074380001A252F823F000BF517400087F740008BD
:10744800957400089B7400087B6893F81432062B27
:1074580006D17B68042283F813220223FB7326E0FB
:107468007B68002283F813227B68012283F8542466
:107478000123FB731BE07B68002283F813227B68DF
:10748800012283F854240123FB7310E00223FB73C9
:107498000DE07868FFF70EFF7B68002283F813225F
:1074A8007B68012283F854240123FB7300BFFB7B14
:1074B80018461037BD4680BD80B584B000AF7860EF
:1074C8000223FB737B6803F505714FF49673012261
:1074D8007868FFF7FBFD0346032B3ED801A252F85C
:1074E80023F000BFFD7400082B75000841750008E3
:1074F800477500087B6893F81432052B06D17B6822
:10750800052283F813220223FB7326E07B680022FE
:1075180083F813227B68012283F854240123FB7328
:107528001BE07B68002283F813227B68012283F822
:1075380054240123FB7310E00223FB730DE07868E9
:10754800FFF7B8FE7B68002283F813227B680122CC
:1075580083F854240123FB7300BFFB7B18461037C4
:10756800BD4680BD80B582B000AF78607868FFF70F
:107578009BFD7B681B680421184602F01CFC7B6895
:10758800062283F81322022318460837BD4680BD19
:1075980090B585B000AF78607B6803F50573BB6074
:1075A8000223FB737B6803F505747B68D3F8E0223C
:1075B80013465B0013445B0003F538737A68134481
:1075C80004331846FFF73CFA03461A1D4FF4967326
:1075D80021467868FFF77AFD0346032B5FD801A29E
:1075E80052F823F0FD75000875760008A7760008A4
:1075F8008B7600087B6803F50572BB681B7804333B
:10760800DBB219461046FFF7B7FD0346002B1CD125
:107618007B68D3F8E022796813465B0013445B006B
:107628000B4403F53873D3F806307A6802F505720F
:10763800104698477B68072283F813227B6800224C
:1076480083F854240223FB7329E07B681B68152107
:10765800184602F0B0FB7B68002283F813227B688F
:10766800012283F854240123FB7318E07B6800226D
:1076780083F813227B68012283F854240123FB73C7
:107688000DE07868FFF716FE7B68002283F8132266
:107698007B68012283F854240123FB7300BFFB7B22
:1076A80018461437BD4690BD80B582B000AF7860EB
:1076B8007868FFF7F9FC7B681B680621184602F01A
:1076C8007AFB7B68002283F813227B68002283F808
:1076D8005424002318460837BD4680BD80B584B0C1
:1076E80000AF786039600223FB737B68D3F85534A8
:1076F800184602F0CCF90346B3F5FA7F09D302F035
:10770800DFF902467B68C3F855247B68002283F8BA
:1077180054247B6893F85434002B58D17B6893F831
:107728001332072B56D801A252F823F055770008D8
:10773800617700086D7700087B7700088777000875
:10774800937700089F770008AB7700087868FFF701
:10775800CBFD0346FB733DE07868FFF7DBFD03468E
:10776800FB7337E039687868FFF72EFE0346FB7332
:1077780030E07868FFF74AFE0346FB732AE0786832
:10778800FFF79AFE0346FB7324E07868FFF7EAFEEA
:107798000346FB731EE07868FFF7FAFE0346FB73A7
:1077A80018E07868FFF780FF0346FB737B680022C8
:1077B80083F85D247B68D3F85934002B09D07B68A3
:1077C800D3F859345A1E7B68C3F8592401E000BF26
:1077D80000E000BFFB7B18461037BD4680BD00BFE8
:1077E80080B584B000AF87ED030AC7ED020A87EDC4
:1077F800011AC7ED001A134B1B78012B1ED1114B30
:1078080041F288321A620F4B14225A620D4B1A6ADF
:107818000C4B5B6A92FBF3F30A4A9362094B002212
:10782800DA62D7ED001A97ED011AD7ED020A97ED43
:10783800030A00F033F8034B00221A7000BF103718
:10784800BD4680BD3C00002080B400AF124B012231
:107858001A70114B4FF000025A600F4B4FF00002A4
:107868009A600D4B4FF00002DA600B4B4FF00002AC
:107878001A61094B4FF000025A61074B4FF00002A2
:107888009A61054B0022DA61034B0022DA6200BFDD
:10789800BD465DF8047B70473C00002080B48BB087
:1078A80000AF87ED030AC7ED020A87ED011AC7ED9D
:1078B800001A4FF000037B623A4B1B6A07EE903ABE
:1078C800F8EEE77AC7ED087AD7ED027AFDEEE77AA7
:1078D80017EE902A334BDA61324A7B6A5361314A98
:1078E800FB68936197ED087AD7ED097A77EE677AA6
:1078F800C7ED077A97ED027AD7ED037A77EE677AC4
:10790800C7ED067A274B4FF000025A60254A7B687C
:107918009360244B93ED027AD7ED007A37EE277AFD
:10792800D7ED077A27EE277AD7ED067A77EEA77A8A
:1079380077EE677AC7ED057AD7ED077A27EEA77A4B
:10794800D7ED077A27EE277AD7ED056AC6EE877A4C
:10795800144BC3ED047A134BD3ED027A97ED007AFA
:1079680037EE677A0F4BD3ED047AF0EE086A67EECC
:10797800A66AD7ED077A66EEA76AD7ED077A66EEAC
:10798800A77A77EE676AD7ED077A37EEA77AC6EE59
:10799800877A044BC3ED037A00BF2C37BD465DF8E8
:1079A800047B70473C00002080B487B000AF384BA0
:1079B800DB6A07EE903AF8EEE77AC7ED047AD7ED7E
:1079C800047A67EEA77AC7ED037A97ED037AD7EDC5
:1079D800047A67EE277AC7ED027A2D4B5B687B60E5
:1079E8002B4B93ED027AD7ED047A67EE277A97ED61
:1079F800017A77EE277AC7ED017A254B93ED037A62
:107A0800D7ED037A67EE277A97ED017A77EE277A32
:107A1800C7ED017A1E4B93ED047AD7ED027A67EE33
:107A2800277A97ED017A77EE277AC7ED017A184B16
:107A3800D3ED067A97ED017A77EE277AC7ED017ACA
:107A4800D7ED017AFDEEE77A17EE903A7B61104B9D
:107A5800DA6A0F4B1B6A9A4210DA0D4BDB6A07EEA3
:107A6800903AF8EEE77AB3EE047A77EE877AFDEE8D
:107A7800E77A17EE902A064BDA6202E0044BDB69DC
:107A88007B617B6918461C37BD465DF8047B7047EF
:107A98003C00002080B487B000AFF8600B467A60E5
:107AA8007B8100237B6107E07B695A1C7A615B005C
:107AB800FA6813447A891A807B685A1E7A60002B08
:107AC800F2D100BF00BF1C37BD465DF8047B70478C
:107AD80080B584B000AFF860B9607A603B60244B31
:107AE8001A78FB6803F51C43A0331A70204B1B78E7
:107AF8000133DAB21E4B1A70FB68BA681A60FB6869
:107B08003A68DA61FB68FA691A64FB687A685A604D
:107B1800FB68BA691A62FB68164A9A60FB68154ADC
:107B28005A62FB68443342F215725B211846FFF72C
:107B3800B1FFFB6803F59C436E3342F215725B217B
:107B48001846FFF7A7FFFB681A68FB685B681946C9
:107B58001046FCF757FCFB68DA69FB681B6A194694
:107B68001046FCF74FFC00BF1037BD4680BD00BF74
:107B7800E49E00202FE33E3280B485B000AFF86069
:107B8800B9607A60FB68BA689A63FB687A68DA63F6
:107B980000BF1437BD465DF8047B704780B500AF61
:107BA800084801F01FFA074801F042FC054801F0B7
:107BB80001FD044800F008F8024800F085F800BF0D
:107BC80080BD00BFC0010020B0B582B000AF7860B2
:107BD8007B6803F51C43BB331B78052B2AD17B68D4
:107BE80003F51C43CC331B68184601F050FF0346CD
:107BF800B3F5FA7F1ED301F063FF02467B6803F5F5
:107C08001C43CC331A607B6803F51C43A0331C78F3
:107C18007B689B6B184601F021FF03461D467B6875
:107C2800DB6B184601F01AFF03461A462946204620
:107C3800FEF7D1FD7B6803F51C43BB331B78022B91
:107C48003ED17B689B6B184601F008FF0346012B69
:107C580007D07B68DB6B184601F000FF0346012B59
:107C68002ED17B689B6B9B7B012B04D07B68DB6BE5
:107C78009B7B012B24D17B689B6B00229A737B68CA
:107C8800DB6B00229A737B6803F51C43BB33052228
:107C98001A707B6803F51C43A0331C787B689B6BC8
:107CA800184601F0DBFE03461D467B68DB6B184671
:107CB80001F0D4FE03461A4629462046FEF78BFDFE
:107CC80000BF0837BD46B0BD80B582B000AF786050
:107CD8007B6803F51C43F8331B78012B40F0858043
:107CE800444B1B68184601F0D2FE0346B3F5FA7FF1
:107CF80018D37B6803F51C43FA331B780133DAB2D7
:107D08007B6803F51C43FA331A707B6803F51C4340
:107D1800F93300221A70FEF7E5FF01F0D1FE0346A1
:107D2800344A13607B6803F51C43F9331B78012B35
:107D38003BD1314B1B8A9BB2002B1DD07B6803F5CE
:107D48001D4302221A707B6803F51C43FA33002294
:107D58001A707B6803F51C43F83300221A70FFF78A
:107D6800A3F8FFF757F87B6803F51C43A0331B788B
:107D78001846FEF763FD18E07B6803F51D430122F2
:107D88001A707B6803F51C43FA3300221A707B686B
:107D980003F51C43F83300221A707B6803F51C4373
:107DA800A0331B781846FEF749FD7B6803F51C4392
:107DB800FA331B78042B18D97B6803F51D4303227B
:107DC8001A707B6803F51C43FA3300221A707B682B
:107DD80003F51C43F83300221A707B6803F51C4333
:107DE800A0331B781846FEF729FD00BF0837BD46AB
:107DF80080BD00BFE89E0020900100200000000028
:107E080080B58AB000AF786000237B622AA3D3E9EB
:107E18000023C7E906237B6803F51C43B6331B8898
:107E28001846F8F72FFB4FF00002214BF8F7CEFC6D
:107E380002460B46C7E90423D7E90423D7E906011C
:107E4800F8F79AFB02460B46C7E902237B6803F55D
:107E58001C43BA331B781846F8F714FB02460B4646
:107E6800D7E90201F8F788FB02460B46C7E9022367
:107E78004FF000020F4BD7E90201F8F7C7F90246A5
:107E88000B4643EC172BB0EE470AF0EE670A04F0F6
:107E98005BFD53EC102B10461946F8F72FFE0346EE
:107EA8007B627B6A18462837BD4680BDAFF30080E9
:107EB800000059400000E03F721CC7711CC73B40DE
:107EC80080B586B000AF786039603B6807EE903ABD
:107ED800B8EEE77ADFED1D6AC7EE267AC7ED057AB8
:107EE8007B6803F51D4314331B6807EE903AF8EEE0
:107EF800E77A97ED057A67EE277AC7ED047A38694D
:107F0800F8F7E2FA4FF00002114BF8F77FF9024652
:107F18000B4643EC172BB0EE470AF0EE670A04F065
:107F280013FD53EC102B10461946F8F7BFFD034616
:107F3800FB607B6803F51D4308331B68FA6813442C
:107F4800FB60FB6818461837BD4680BD00F07F45CA
:107F58000000E03F80B483B000AF78607B6842F2F5
:107F68000F72934202D942F2107300E07B68184600
:107F78000C37BD465DF8047B7047000080B582B0C1
:107F880000AF786039607B6803F51C43AC331B682D
:107F980044F62062B2FBF3F307EE903AF8EE677A04
:107FA8003B68C3ED037A3B6893ED037ADFED296AFA
:107FB800C7EE267A3B68C3ED037A3B68D3ED036AC4
:107FC8003B6893ED027AC6EE877A3B68C3ED047A84
:107FD8003B681B691846F8F777FA4FF000021E4B0A
:107FE800F8F714F902460B4643EC172BB0EE470A94
:107FF800F0EE670A04F0A8FC53EC102B1046194663
:10800800F8F77CFD02463B685A613B685B694FF6AE
:10801800205293420DD93B681B681B6809229A625B
:108028003B685B690D4AA2FB0323DA083B685A6187
:1080380004E03B681B681B6800229A623B685A6927
:108048003B681B681B68013ADA6200BF0837BD4607
:1080580080BD00BF002474490000E03FCDCCCCCCEB
:1080680080B582B000AF78607B6803F51C43983315
:108078001A687B6803F51C439C331B689A4210D12D
:108088007B681B681B6800225A627B68DB691B6877
:1080980000225A627B6803F51C43A53300221A703C
:1080A800B0E07B6803F51C4398331A687B6803F5D6
:1080B8001C439C331B689A4253DD7B6803F51C43C1
:1080C80098331A687B6803F51C439C331B68D31AE2
:1080D8001A467B6803F51C43A8331A607B6803F5CE
:1080E8001C43A43301221A707B6803F51C43A83390
:1080F8001B681846FFF72EFF02467B6803F51C43F2
:10810800AC331A607B681C3319467868FFF736FF72
:108118007B6803F51C43A53301221A707B68D86974
:108128007B68196A7B6803F59C426E327B6803F5AD
:108138001C43AC331B689BB2FCF752F87B6803F511
:108148001C4398331B681A467B6803F51C43AC3301
:108158001B68D31A1A467B6803F51C4398331A60C8
:1081680050E07B6803F51C439C331A687B6803F571
:108178001C4398331B68D31A1A467B6803F51C43C3
:10818800A8331A607B6803F51C43A43300221A70D5
:108198007B6803F51C43A8331B681846FFF7DAFE13
:1081A80002467B6803F51C43AC331A607B681946AA
:1081B8007868FFF7E3FE7B6803F51C43A5330122CB
:1081C8001A707B6818687B6859687B6803F14402F9
:1081D8007B6803F51C43AC331B689BB2FCF700F8C3
:1081E8007B6803F51C4398331B681A467B6803F5C4
:1081F8001C43AC331B6813441A467B6803F51C43C5
:1082080098331A600837BD4680BD80B582B000AF8C
:10821800786039607B6803F51C43BB331B78022BFD
:1082280014D139687868FFF74BFE02467B6803F57E
:108238001C439C331A607B6803F51C43A5331B78E9
:10824800002B04D17868FFF70BFF00E000BF083768
:10825800BD4680BD00000000B0B586B000AFF86034
:10826800084611461A460346FB720B463B811346E5
:10827800FB80FB6803F51C43D4334FF000021A60FF
:10828800FB6803F51C43D8334FF000021A60FB6803
:1082980003F51C43B433FA7A1A70FB6803F51C43E0
:1082A800B6333A891A80FB6803F51C43B833FA8859
:1082B8001A80FB6803F51C43BA3397F828201A7014
:1082C800FB6803F51C43BA331B7807EE903AB8EE07
:1082D800E77A674BD3ED007A67EE277AFB6803F5F8
:1082E8001C43D433C3ED007AFB6803F51C43D43335
:1082F80093ED007ADFED5F6AC7EE267AFB6803F537
:108308001C43D833C3ED007AFB6803F51C43D8330C
:10831800D3ED007AB7EE007AF4EEC77AF1EE10FAF0
:1083280006D5FB6803F51C43D8334FF07E521A601C
:108338004FF000024FF00003C7E90423FB6803F580
:108348001C43B6331B881846F8F79CF842A3D3E9B8
:108358000023F8F73BFA02460B46C7E90423FB68FB
:1083680003F51C43BA331B781846F8F78BF8024616
:108378000B46D7E90401F8F7FFF802460B46C7E9B0
:10838800042337A3D3E90023D7E90401F8F7F4F865
:1083980002460B46C7E90423FB881846F8F782F81B
:1083A80002460B46D7E90401F8F7E6F802460B4601
:1083B800C7E904232CA3D3E90023D7E90401F8F77C
:1083C80005FA02460B46C7E904233C697B6983F03A
:1083D800004520462946F8F769FB0246FB6803F585
:1083E8001C43E8331A60FB6803F51C43B4331B785D
:1083F800012B18D1FB6803F51C43D833D3ED007A61
:10840800F1EE677AFB6803F51C43D833C3ED007AB5
:10841800FB6803F51C43E8331B685A42FB6803F505
:108428001C43E8331A60144B03F51C43D033002275
:108438001A60FB6803F51C43F43300221A60FB68DA
:1084480003F51C43F03300221A700C4B00225A71BA
:1084580000BF1837BD46B0BD000000000094E140E1
:10846800000000000088C3400000000000FEAF408C
:108478000C00002000007A44C00100209001002078
:1084880080B483B000AF78607B6803F51C43BB33CE
:1084980001221A700D4B03F51C43D03300221A60D9
:1084A8007B6803F51C43F43300221A607B6803F5EC
:1084B8001C43F03300221A70054B00225A7100BF8A
:1084C8000C37BD465DF8047B704700BFC001002033
:1084D800900100200000000080B590B000AF7860E7
:1084E800834B1B8A9BB2002B01D00023F7E0804B03
:1084F8001B7E002B01D00023F1E07D4BD3F8123016
:10850800002B01D10023EAE07B6803F51C43FC3310
:108518001B68002B01D10023E1E00023FB637B688B
:1085280003F51C43B4331B78002B23D17B6803F578
:108538001C43FC331A686F4B9B1ABB63B86BF7F785
:10854800B1FF4FF040426C4BF8F740F902460B463A
:108558001046194664A3D3E90023F8F70DF802463C
:108568000B46C7E90C23D7E90C01F8F79FFA034635
:10857800BB6327E07B6803F51C43B4331B78012BEE
:1085880020D17B6803F51C43FC331B68BB63B86BC5
:10859800F7F788FF4FF04042574BF8F717F90246B4
:1085A8000B461046194650A3D3E90023F7F7E4FF1A
:1085B80002460B46C7E90C23D7E90C01F8F776FA0F
:1085C8000346BB634FF000024FF00003C7E90A23DC
:1085D800474BD3F812301846F7F754FF02460B46BC
:1085E800C7E90823424BB3F916301BB21846F7F710
:1085F80059FF02460B46C7E906234FF000024FF029
:108608000003C7E904234FF000024FF00003C7E955
:10861800022335A3D3E90023D7E90601F7F7ACFF16
:1086280002460B46C7E90623D7E90823C7E90A2308
:108638002DA3D3E90023D7E90A01F7F79DFF0246E6
:108648000B46C7E90A234FF040422B4BD7E90A01F2
:10865800F8F7BCF802460B46C7E90A23D7E90A230C
:10866800C7E908237B6803F51C43FC331B681846DD
:10867800F7F718FF02460B46C7E904231AA3D3E904
:108688000023D7E90401F7F777FF02460B46C7E94D
:1086980004234FF04042184BD7E90401F8F796F845
:1086A80002460B46C7E90423D7E90423C7E9022396
:1086B800D7E90823D7E90601F7F7A8FD02460B46D4
:1086C80010461946D7E90223F7F79EFD02460B46E6
:1086D80010461946F8F7EAF90346FB63FB6B1846A0
:1086E8004037BD4680BD00BF000000000088C34081
:1086F80090010020FFFF7F00FFFF5F4100000000A6
:10870800B0B58EB000AFF860084611461A46034669
:10871800FB720B463B811346FB80002387F83730FA
:10872800894B00225A71FB6803F51C43F033012280
:108738001A70FB6803F51C43F43300221A60FB68C7
:1087480003F51C43D03300221A60FB6803F51C4371
:10875800D4334FF000021A60FB6803F51C43D8338A
:108768004FF000021A60FB6803F51C43B433FA7A31
:108778001A70FB6803F51C43B6333A891A80FB6804
:1087880003F51C43B833FA881A80FB6803F51C43C9
:10879800BA3397F848201A70FB6803F51C43BA33BC
:1087A8001B7807EE903AB8EEE77A684BD3ED007A7B
:1087B80067EE277AFB6803F51C43D433C3ED007AD0
:1087C800FB6803F51C43D43393ED007ADFED606A50
:1087D800C7EE267AFB6803F51C43D833C3ED007A4D
:1087E800FB6803F51C43D833D3ED007AB7EE007A63
:1087F800F4EEC77AF1EE10FA06D5FB6803F51C43D0
:10880800D8334FF07E521A604FF000024FF0000349
:10881800C7E90A23FB6803F51C43B6331B881846CF
:10882800F7F730FE42A3D3E90023F7F7CFFF02465C
:108838000B46C7E90A23FB6803F51C43BA331B78C8
:108848001846F7F71FFE02460B46D7E90A01F7F765
:1088580093FE02460B46C7E90A2337A3D3E9002350
:10886800D7E90A01F7F788FE02460B46C7E90A234B
:10887800FB881846F7F716FE02460B46D7E90A01A9
:10888800F7F77AFE02460B46C7E90A232CA3D3E979
:108898000023D7E90A01F7F799FF02460B46C7E913
:1088A8000A23BC6AFB6A83F0004520462946F8F78C
:1088B800FDF80246FB6803F51C43E8331A60FB68C1
:1088C80003F51C43E8331A68FB6803F51C43F433CB
:1088D8001A60FB6803F51C43B4331B78012B18D1CD
:1088E800FB6803F51C43D833D3ED007AF1EE677AC1
:1088F800FB6803F51C43D833C3ED007AFB6803F526
:108908001C43E8331B685A42FB6803F51C43E833F1
:108918001A60F868FFF7E0FD7862FB6803F51C430E
:10892800FC331B68002B15D197F83730FBE000BFEC
:10893800000000000094E140000000000088C340EF
:108948000000000000FEAF40900100200C00002055
:1089580000007A44FB6803F51C4398337A6A1A606E
:10896800FB6803F51C439C337A6A1A60FB6803F5BD
:108978001C43B4331B78002B62D1FB6803F51D43FD
:108988000C3300221A60F868FFF73AFA03465B4294
:108998001A46FB6803F51D4310331A60FB6803F59C
:1089A8001D4310331A68FB6803F51D4314331A601E
:1089B800FB6803F51C43BB3302221A70786AF7F789
:1089C80071FD5BA3D3E90023F7F7D6FD02460B46FA
:1089D800C7E90423FB6803F51D4314331B681846D5
:1089E800F7F760FD02460B46D7E90401F7F7EEFEFC
:1089F80002460B46C7E904234FF000024E4BD7E965
:108A08000401F7F703FC02460B4643EC172BB0EEC4
:108A1800470AF0EE670A03F097FF53EC102B104655
:108A28001946F8F743F80246FB6803F51C43E033A0
:108A38001A60FB6803F51C43EC337A6A1A6067E036
:108A4800FB6803F51C43B4331B78012B60D1FB682A
:108A580003F51D43103300221A60F868FFF7D0F9B8
:108A680003461A46FB6803F51D430C331A60FB687E
:108A780003F51D430C331A68FB6803F51D431433D3
:108A88001A60FB6803F51C43BB3302221A70786A2C
:108A9800F7F708FD26A3D3E90023F7F76DFD024693
:108AA8000B46C7E90623FB6803F51D4314331B680F
:108AB8001846F7F7F7FC02460B46D7E90601F7F721
:108AC80085FE02460B46C7E906234FF000021A4B03
:108AD800D7E90601F7F79AFB02460B4643EC172B3A
:108AE800B0EE470AF0EE670A03F02EFF53EC102BA6
:108AF80010461946F7F7DAFF0246FB6803F51C43F0
:108B0800E0331A60FB6803F51C43EC337A6A1A6099
:108B1800012387F83730FB6803F51C43BB33022277
:108B28001A7097F8373018463837BD46B0BD00BFC1
:108B38000000000000FEAF400000E03F80B584B0B8
:108B480000AFF860B9607A60FB6803F51C43DC335A
:108B58001B68184600F09BFF0346002B22D000F04C
:108B6800AFFF0246FB6803F51C43DC331A60FB6861
:108B780003F51C439C331B681946BB687A6802FBE3
:108B880003F30B441A46FB6803F51C439C331A6035
:108B9800FB6803F51C43A5331B78002B02D1F8684A
:108BA800FFF75EFA00BF1037BD4680BD80B584B0C0
:108BB80000AF786039600023FB737B6803F51C43C2
:108BC800B4331B78002B0BD17B6803F51C439C3313
:108BD8001B683A689A420FDB0123FB73FB7B30E08A
:108BE8007B6803F51C439C331B683A689A4203DC94
:108BF8000123FB73FB7B24E07B6803F51C439C3358
:108C08001B6807EE903AB8EEE77A7B6803F51C43D9
:108C1800D833D3ED007A77EE677AFDEEE77A17EE70
:108C2800902A7B6803F51C439C331A607B6803F524
:108C38001C43A5331B78002B02D17868FFF710FA84
:108C4800FB7B18461037BD4680BD000080B582B05A
:108C580000AF78603960344B1B78012B07D1324B59
:108C680000221A7000F02CFF0346304A13602F4B85
:108C78001B68184600F00BFF034640F6B8329342D3
:108C880001D802234CE02A4B1B78012B0FD1284B2B
:108C980000221A70274B00221A71264B00225A71A3
:108CA800FDF796FF00F00CFF0346234A1360224BA2
:108CB8001B68184600F0EBFE02463B68934207D853
:108CC8001B4B01221A70184B01221A70032327E04C
:108CD8001A4B1B68184600F0DAFE0346B3F57A7F94
:108CE80006D3FDF775FF00F0EBFE0346134A136049
:108CF800104B1B79012B12D10E4B01225A710D4BCF
:108D0800D3F806207B6803F51C43D0331A60084B60
:108D180001221A70044B01221A70002300E002237A
:108D280018460837BD4680BD10000020EC9E002084
:108D38001100002090010020F09E0020F49E0020E9
:108D480080B582B000AF78603960464B1B78012B44
:108D580007D1444B00221A7000F0B2FE0346424A83
:108D68001360414B1B68184600F091FE034640F61D
:108D7800B832934201D802236FE03C4B1B78012B99
:108D88000FD13A4B00221A70394B00221A71384B16
:108D980000225A71FDF71CFF00F092FE0346354A87
:108DA8001360344B1B68184600F071FE02463B689E
:108DB800934207D82D4B01221A702A4B01221A70B0
:108DC80003234AE02C4B1B68184600F060FE03465C
:108DD800B3F57A7F06D3FDF7FBFE00F071FE03467C
:108DE800254A1360224B1B79012B35D1204B0122D8
:108DF8005A717B6803F51C43B4331B78002B0ED1E2
:108E08001B4BD3F806207B6803F51C43F4331B681F
:108E1800D21A7B6803F51C43D0331A6014E07B68D0
:108E280003F51C43B4331B78012B0DD1104BD3F839
:108E380006207B6803F51C43F4331B681A447B68DF
:108E480003F51C43D0331A60084B01221A70054BF6
:108E580001221A70002300E0022318460837BD4695
:108E680080BD00BF12000020F89E002013000020E3
:108E780090010020FC9E0020009F002080B582B059
:108E880000AF78603960524B1B78012B18D1504BDA
:108E980000221A704F4B00221A704F4B012283F8A0
:108EA80021204D4B01225A76FDF7FEFF00F008FE07
:108EB80003464A4A136000F003FE0346484A13601B
:108EC800464B1B68184600F0E2FD02463B68934299
:108ED80007D83F4B01221A703E4B00221A70032319
:108EE80071E03C4B1B78022B3ED0022B6ADC002B36
:108EF80002D0012B25D065E0374B93F82130002BA9
:108F08000AD1FDF7EFFE334B01221A7000F0D8FDAD
:108F18000346334A136055E0314B1B68184600F08E
:108F2800B6FD0346B3F5167F47D32B4B012283F8D2
:108F38002120FDF7B9FF00F0C3FD0346284A13605E
:108F48003BE0274B1B68184600F0A1FD034640F69E
:108F5800B732934233D91F4B02221A7000F0B0FD8A
:108F680003461F4A13602AE01B4B5B7E002B10D17F
:108F7800194BD3F812301A467B6803F51C43FC33AF
:108F88001A60134B01221A70124B00221A70002328
:108F980019E0134B1B68184600F079FD0346B3F53A
:108FA800167F0ED30C4B01225A76FDF79BFE00F07C
:108FB80087FD03460A4A136003E000BF02E000BFD2
:108FC80000E000BF022318460837BD4680BD00BF39
:108FD80014000020049F002090010020089F00201A
:108FE8000C9F002080B584B000AF78600223FB732B
:108FF8007B6803F51C43BB331B78012B40F01282BE
:109008007B6803F51C43BC331B78012B40F00E81B1
:109018007B6803F51C43C0331B68184600F037FD16
:10902800034640F6B732934240F2FE817B6803F56F
:109038001C43C8331B68184600F029FD0346002B63
:1090480000F0F28100F03CFD02467B6803F51C430A
:10905800C8331A607B6803F51C43C4331B68194680
:109068007868FFF7A3FD0346012B40F0DD81AE4B86
:109078001B78002B08D141F658317868FFF7E6FDD8
:1090880003461A46A94B1A70A84B1B78002B03D02D
:10909800A64B1B78032B09D1A34B01221A7042F26D
:1090A80010717868FFF7EAFE0346FB73FB7B002B21
:1090B80003D0FB7B032B40F0B781FB7B032B05D14F
:1090C8007B6803F51C43FC3300221A60964B002290
:1090D8001A70964B02221A707B6803F51C43BC3346
:1090E80000221A707B6803F51C43C43300221A60FF
:1090F8007B6803F51C43B4331B78002B47D17B688E
:1091080003F51C43983300221A607B6803F51C435F
:109118009C3300221A607B6803F51D430C33002240
:109128001A607868FEF76CFE03465B421A467B6855
:1091380003F51D4310331A607B6803F51D43103394
:109148001A687B6803F51D4314331A607B6803F5BE
:109158001C43BB3302221A707B6803F51C43E033BF
:1091680000221A607B6803F51C43EC3300221A6066
:109178007B6803F51C43A0331A787B6803F51C430E
:10918800FC331B6819461046FDF741FB4CE17B6830
:1091980003F51C43B4331B78012B40F045817B68F1
:1091A80003F51C43983300221A607B6803F51C43BF
:1091B8009C3300221A607B6803F51D43103300229C
:1091C8001A607868FEF71CFE03461A467B6803F5AA
:1091D8001D430C331A607B6803F51D430C331A6872
:1091E8007B6803F51D4314331A607B6803F51C4341
:1091F800BB3302221A707B6803F51C43E03300225C
:109208001A607B6803F51C43EC3300221A607B6804
:1092180003F51C43A0331A787B6803F51C43FC3321
:109228001B6819461046FDF7F2FAFDE07B6803F566
:109238001C43B4331B78002B7AD17B689B6B184690
:1092480000F00CFC0346012B5ED17B6803F51C4340
:10925800983300221A607B6803F51C439C33002274
:109268001A607B6803F51D430C3300221A60786886
:10927800FEF7C6FD03465B421A467B6803F51D43AD
:1092880010331A607B6803F51D4310331A687B6836
:1092980003F51D4314331A607B6803F51C43BC3384
:1092A80001221A707B6803F51C43D433D3ED007A8E
:1092B800F1EE677AB1EE047A67EE877AFDEEE77A27
:1092C80017EE902A7B6803F51C43C4331A6000F03C
:1092D800F7FB02467B6803F51C43C8331A6000F0AD
:1092E800EFFB02467B6803F51C43C0331A607B68BA
:1092F80003F51C43E03300221A607B6803F51C4326
:10930800EC3300221A6090E07B6803F51C43D833E5
:10931800D3ED007AFDEEE77A0A2217EE901A786804
:10932800FFF70CFC81E000BF109F00201500002013
:109338007B6803F51C43B4331B78012B75D17B681C
:10934800DB6B184600F08AFB0346012B5BD17B6878
:1093580003F51C43983300221A607B6803F51C430D
:109368009C3300221A607B6803F51D4310330022EA
:109378001A607868FEF744FD03461A467B6803F5D1
:109388001D430C331A607B6803F51D430C331A68C0
:109398007B6803F51D4314331A607B6803F51C438F
:1093A800BC3301221A707B6803F51C43D433D3ED18
:1093B800007AB1EE047A67EE877AFDEEE77A17EE67
:1093C800902A7B6803F51C43C4331A6000F078FBCD
:1093D80002467B6803F51C43C8331A6000F070FB33
:1093E80002467B6803F51C43C0331A607B6803F5AB
:1093F8001C43E03300221A607B6803F51C43EC33FE
:1094080000221A6011E07B6803F51C43D833D3EDC2
:10941800007AFDEEE77A0A2217EE901A7868FFF7CD
:109428008DFB02E000BF00E000BF1037BD4680BDE5
:1094380080B582B000AF78607B6803F51C43BB330E
:109448001B78032B40F0AC80574B1B78012B21D1A4
:10945800FEF7FAF97B6803F51C43EC331B6807EE4B
:10946800903AF8EEE77A7B6803F51C43E8331B680B
:1094780007EE103AB8EEC77ADFED4C1A9FED4B1A9B
:10948800F0EE470AB0EE670AFEF7AAF9464B00224B
:109498001A7085E07B6803F51D4300221A707B680B
:1094A80003F51C43E8331A687B6803F51C43EC3367
:1094B8001B689A422FD07B6803F51C43E4331B6872
:1094C800184600F0E4FA0346132B69D97B6803F5C4
:1094D8001C43A5331B78002B14D1FEF765FA02460E
:1094E8007B6803F51C439C331A607B6803F51C43B7
:1094F8009C331A687B6803F51C43EC331A60786860
:10950800FEF7AEFD00F0DCFA02467B6803F51C436B
:10951800E4331A6044E07B6803F51C43F0331B789E
:10952800012B22D141F658317868FFF709FC034630
:109538001A461F4B1A701E4B1B78022B30D01C4B3F
:1095480002221A707B6803F51C43BB3302221A708F
:109558007B6803F51C43A0331B7802211846FDF7EE
:1095680091F9114B01221A701AE07B6803F51C432C
:10957800F03300221A700E4B02221A707B6803F532
:109588001C43BB3302221A707B6803F51C43A033CB
:109598001B7802211846FDF775F9034B01221A7052
:1095A8000837BD4680BD00BF16000020000000003F
:1095B8001700002080B582B000AF78607B6803F5A3
:1095C8001D4318331B78012B5ED17B6803F51D43BF
:1095D80020331B68184600F05AFA0346C72B0CD9EB
:1095E8007B6803F51D43183300221A707B6803F566
:1095F8001D431C3300221A6049E07B6803F51D43B4
:109608001C331B68002B12DD7B6803F51C43983361
:109618001A687B6803F51D431C331B681A447B6872
:1096280003F51C439C331B689A4212DA2FE07B68CF
:1096380003F51C4398331A687B6803F51D431C33F4
:109648001B681A447B6803F51C439C331B689A42C9
:109658001CDC7B6803F51C439C331A687B6803F5A4
:109668001D431C331B681A447B6803F51C439C3359
:109678001A607B6803F51C43A5331B78002B06D1C1
:109688007868FEF7EDFC02E000BF00E000BF083795
:10969800BD4680BD80B582B000AF78600021786893
:1096A800FAF7B0FE0348FEF7DBFC00BF0837BD46FB
:1096B80080BD00BFC001002080B582B000AF7860D7
:1096C8000B467B807B8819467868FEF79EFD00BFB5
:1096D8000837BD4680BD80B586B002AFF860084641
:1096E80011461A460346FB720B463B811346FB8024
:1096F800F8883A89F97A3B7E00930346F868FEF7C2
:10970800ABFD00BF1037BD4680BD80B582B000AF4D
:1097180078607868FEF7B4FE00BF0837BD4680BDA4
:1097280080B586B002AFF860084611461A4603466F
:10973800FB720B463B811346FB80F8883A89F97A1D
:109748003B7E00930346F868FEF7DAFF03461846A7
:109758001037BD4680BD80B485B000AF78607B68A7
:10976800FB60FB6803F51C43BB331B78022B09D154
:10977800FB6803F51C4398331A68FB6803F51C4320
:10978800EC331A60FB6803F51C43BB3303221A70E1
:1097980000BF1437BD465DF8047B704780B584B0C0
:1097A80000AF78600B467B807B68FB60FB6803F545
:1097B8001D43183301221A70B7F90220FB6803F51C
:1097C8001D431C331A6000F07BF90246FB6803F561
:1097D8001D4320331A6000BF1037BD4680BD80B4DA
:1097E80085B000AF786039607B68FB603A68FB68D9
:1097F80003F51C43FC331A6000BF1437BD465DF8FF
:10980800047B704780B485B000AF78607B68FB60EC
:10981800FB6803F51C43BB331B7818461437BD4659
:109828005DF8047B704780B485B000AF78607B68D2
:10983800FB60FB6803F51C43F8331B78002B0AD147
:10984800FB6803F51D4300221A70FB6803F51C43EF
:10985800F83301221A70FB6803F51D431B7818467C
:109868001437BD465DF8047B704780B485B000AFFF
:1098780078607B68FB60FB6803F51D431B7818461E
:109888001437BD465DF8047B704780B485B000AFDF
:1098980078607B68FB60FB6803F51C43BB331B786F
:1098A800022B05D1FB6803F51C43FC331B6800E061
:1098B800002318461437BD465DF8047B704780B412
:1098C80083B000AF78600B467B8013463B8000BFB7
:1098D8000C37BD465DF8047B704780B584B000AF97
:1098E800F8607B600B46FB721346BB72FB687A68B4
:1098F8001A60FB683A8B9A80FB7A03F07F03D9B22F
:10990800FA68937A61F347039372BB7A03F0010311
:10991800D9B2FA68937A61F300039372FB683A7FCD
:109928001A72FB6897F820205A72F86800F004F859
:1099380000BF1037BD4680BD80B582B000AF7860EB
:109948000D4B93F8283019460B4A7B6842F82130B2
:10995800094B93F828300133DAB2074B83F82820F3
:10996800054B93F82830092B01D9F7F76BFE00BF98
:109978000837BD4680BD00BF149F002080B582B067
:1099880000AF154B93F82830FB710023BB710023FF
:10999800BB7116E0BB79DBB21A460F4B53F8223085
:1099A800184600F01BF8BB79DBB21A460A4B53F88D
:1099B8002230184600F02FF8BB79DBB20133DBB256
:1099C800BB71BB79DBB2FA799A42E3D800BF00BF1A
:1099D8000837BD4680BD00BF149F002080B582B007
:1099E80000AF78607B681A687B689B8819461046C8
:1099F800F9F706FE03461A467B685B7A9A4203D15A
:109A08007B680122DA7202E07B680022DA7200BF0A
:109A18000837BD4680BD80B582B000AF78607B68EE
:109A2800DA7A7B681A737B681A7B7B685B7B9A425D
:109A380010D07B681A7B7B685A737B6801229A7303
:109A48007B6803F10A027B681B7B9BB219461046B0
:109A5800FCF734FF00BF0837BD4680BD80B582B033
:109A680000AF78607B681A687B689B881946104647
:109A7800F9F7C6FD03461A467B685B7A9A4201D11C
:109A8800012300E0002318460837BD4680BD80B595
:109A980082B000AF7860F8F7D7F802467B68934247
:109AA80005D8F8F7D1F802467B68D31A04E0F8F72E
:109AB800CBF802467B68D31A18460837BD4680BDE6
:109AC80080B500AFF8F7C0F80346184680BD80B5EA
:109AD80084B000AFF860B9607A60BB681B6818464C
:109AE800FFF7D5FF02467B68934206D8FB68984784
:109AF800F8F7AAF80246BB681A6000BF1037BD46DF
:109B080080BD000080B582B000AF78603960114B2D
:109B180093F8503019460F4A3B6842F831300D4BE4
:109B280093F850300B4ADB0013447A685A60094BAB
:109B380093F850300133DAB2064B83F85020054BC6
:109B480093F85030092B01D9F7F77CFD00BF08378F
:109B5800BD4680BD409F002080B582B000AF7860D0
:109B680039607B683A681A603B681B6819467868F0
:109B7800FFF7C8FF00BF0837BD4680BD80B582B07B
:109B880000AF786000BF7B6818687B6803F6140331
:109B980001221946FBF726FB0346002BF3D100BF31
:109BA80000BF0837BD4680BD80B483B000AF786081
:109BB8007B6893F81538012B0DD17B68D3F81638DC
:109BC8005A697B68B3F81A389BB219467B68D3F890
:109BD80016380A435A6100BF0C37BD465DF8047B4E
:109BE800704780B483B000AF78607B6893F815380D
:109BF800012B0ED17B68D3F816385A697B68B3F805
:109C08001A389BB2DB4319467B68D3F816380A40EA
:109C18005A6100BF0C37BD465DF8047B704780B4BD
:109C280083B000AF78607B681B78012B1FD17B68FD
:109C38005B78002B0ED17B68D3F802305A697B68B9
:109C4800DB889BB2DB4319467B68D3F802300A40B5
:109C58005A610CE07B68D3F802305A697B68DB886C
:109C68009BB219467B68D3F802300A435A6100BF99
:109C78000C37BD465DF8047B704780B483B000AFF5
:109C880078607B681B78012B23D17B685B78002B7D
:109C98001FD17B685B78002B0DD17B68D3F802302D
:109CA8005A697B68DB889BB219467B68D3F8023017
:109CB8000A435A610DE07B68D3F802305A697B6821
:109CC800DB889BB2DB4319467B68D3F802300A4035
:109CD8005A6100BF0C37BD465DF8047B704780B5FC
:109CE80084B000AF78600023FB607B685A687B68AB
:109CF8009B689A4209D17868FFF773FF7B6803F67F
:109D08001C031846FFF7B9FF2DE07B685A687B688B
:109D18009B689A4206D97B685A687B689B68D31A05
:109D2800FB600AE07B685A687B689B689A4204D2A9
:109D38007B689B68C3F58063FB607868FFF734FF36
:109D48007B6803F61C031846FFF769FF7B681868F1
:109D58007B689B6808337A6813440433FA6892B2C4
:109D68001946FBF7FAF91037BD4680BD80B483B0B9
:109D780000AF78600B46FB707B685B687A681344B9
:109D8800FA781A737B685B685A1C7B685A607B6830
:109D98005B68B3F5806F08D37B6800221A710022D4
:109DA8005A7100229A710022DA7100BF0C37BD4641
:109DB8005DF8047B704780B582B000AF78600B46D1
:109DC800FB70FB7819467868FFF7D0FF7868FFF7D3
:109DD80086FF00BF0837BD4680BD80B586B000AF9E
:109DE800F860B9607A6000237B610AE07B695A1CDD
:109DF8007A611A46BB6813441B781946F868FFF75E
:109E0800B5FF7B685A1E7A60002BEFD1F868FFF720
:109E180066FF00BF1837BD4680BD000080B485B01E
:109E280000AF78600023FB60164B93F85030FB724C
:109E38000023BB720023BB7217E0BB7ADBB21A4661
:109E4800104B53F832301A467B68934208D1BB7ADC
:109E5800DBB20C4ADB0013445B68FB60FB680AE07A
:109E6800BB7ADBB20133DBB2BB72BB7ADBB2FA7A04
:109E78009A42E2D8FB6818461437BD465DF8047B61
:109E8800704700BF409F002080B584B000AF786065
:109E98007B681B681846FFF7C1FFB8600023FB60AA
:109EA800BB68002B42D0BB689B68BA681268928C6A
:109EB8001A44BB689A60BB689B68B3F5806F05D38A
:109EC800BB689B68A3F58062BB689A60BB685A68E8
:109ED800BB689B689A421FD0BB685A68BB689B687E
:109EE8009A4206D9BB685A68BB689B68D31AFB605C
:109EF80004E0BB689B68C3F58063FB60BB681868B7
:109F0800BB689B680833BA6813440433FA6892B292
:109F18001946FBF722F90AE0B868FFF762FEBB684A
:109F280003F61C031846FFF7A8FE00E000BF103731
:109F3800BD4680BD80B584B000AF78607B681B6883
:109F48001846FFF76BFFF860FB68002B31D0FB6801
:109F5800D3F80C34FA6892F81418FA6813440A46CD
:109F680083F81424FB68D3F80C345A1CFB68C3F834
:109F78000C24FB68D3F80C34B3F5806F0CD3FB6862
:109F8800002283F80C24002283F80D24002283F891
:109F98000E24002283F80F2400BFFB6803F6140385
:109FA800012219467868FBF71DF90346002BF4D106
:109FB80000E000BF1037BD4680BD80B582B000AF5D
:109FC800786039607B68D3F80C247B68D3F8103448
:109FD8009A422AD07B68D3F810347A68134493F8ED
:109FE80014243B681A707B68D3F810345A1C7B68B9
:109FF800C3F810247B68D3F81034B3F5806F0CD302
:10A008007B68002283F81024002283F811240022A0
:10A0180083F81224002283F813247B6803F62403B0
:10A028001846FFF7FCFD012306E07B6803F62403CE
:10A038001846FFF722FE002318460837BD4680BDA4
:10A0480080B485B000AF0346B9607A60FB7300BF87
:10A058001437BD465DF8047B704780B485B000AF07
:10A068000346B9607A60FB7300BF1437BD465DF8DC
:10A07800047B704780B485B000AF0346B9607A604E
:10A08800FB7300BF1437BD465DF8047B704780B48E
:10A0980085B000AF0346B9607A60FB7300BF143720
:10A0A800BD465DF8047B704780B485B000AF0346B9
:10A0B800B9607A60FB7300BF1437BD465DF8047B56
:10A0C800704780B485B000AF0346B9607A60FB730F
:10A0D80000BF1437BD465DF8047B704780B485B077
:10A0E80000AF0346B9607A60FB7300BF1437BD4602
:10A0F8005DF8047B704780B485B000AF0346B96053
:10A108007A60FB7300BF1437BD465DF8047B704767
:10A1180080B485B000AF0346B9607A60FB7300BFB6
:10A128001437BD465DF8047B704790B587B004AF1F
:10A138000446084611461A462346FB710346BB717E
:10A148000B467B7113463B717979BA793B7E039351
:10A1580001230293062301933B7900930B460421C4
:10A16800002001F0E1FB0446F86901F0F1FA02462B
:10A17800FB792146184601F0E5F900BF0C37BD46CA
:10A1880090BD80B485B000AF0346B9607A60FB73B8
:10A1980000BF1437BD465DF8047B704780B485B0B6
:10A1A80000AF0346B9607A60FB7300BF1437BD4641
:10A1B8005DF8047B704780B485B000AF0346B96092
:10A1C8007A60FB7300BF1437BD465DF8047B7047A7
:10A1D80080B485B000AF0346B9607A60FB7300BFF6
:10A1E8001437BD465DF8047B704780B485B000AF76
:10A1F8000346B9607A60FB7300BF1437BD465DF84B
:10A20800047B704780B485B000AF0346B9607A60BC
:10A21800FB7300BF1437BD465DF8047B704780B4FC
:10A2280085B000AF0346B9607A60FB7300BF14378E
:10A23800BD465DF8047B704780B485B000AF034627
:10A24800B9607A60FB7300BF1437BD465DF8047BC4
:10A25800704790B587B004AF0446084611461A46C1
:10A268002346FB710346BB710B467B7113463B715A
:10A278007979BA793B7E03930023029300230193F3
:10A288003B7900930B460021002001F04DFB04466A
:10A2980001F070FA0246FB792146184601F052F99E
:10A2A80000BF0C37BD4690BD80B485B000AF0346F3
:10A2B800B9607A60FB7300BF1437BD465DF8047B54
:10A2C800704780B485B000AF0346B9607A60FB730D
:10A2D80000BF1437BD465DF8047B704790B587B062
:10A2E80004AF0446084611461A462346FB71034646
:10A2F800BB710B467B7113463B717979BA793B7E0A
:10A30800039301230293002301933B7900930B46A7
:10A318000721012001F008FB04463B8DBA8C398CDB
:10A32800387F01F031FA0246FB792146184601F0E0
:10A3380009F900BF0C37BD4690BD80B485B000AFA9
:10A348000346B9607A60FB7300BF1437BD465DF8F9
:10A35800047B704780B485B000AF0346B9607A606B
:10A36800FB7300BF1437BD465DF8047B704780B4AB
:10A3780085B000AF0346B9607A60FB7300BF14373D
:10A38800BD465DF8047B704780B485B000AF0346D6
:10A39800B9607A60FB7300BF1437BD465DF8047B73
:10A3A800704780B485B000AF0346B9607A60FB732C
:10A3B80000BF1437BD465DF8047B704790B587B081
:10A3C80004AF0446084611461A462346FB71034665
:10A3D800BB710B467B7113463B717979BA793B7E29
:10A3E800039303230293002301933B7900930B46C5
:10A3F8000221002001F098FA044697F820203B7FBC
:10A408001146184601F0E8F90246FB79214618463C
:10A4180001F098F800BF0C37BD4690BD90B587B0E5
:10A4280004AF0446084611461A462346FB71034604
:10A43800BB710B467B7113463B717979BA793B7EC8
:10A44800039303230293002301933B7900930B4664
:10A458000221012001F068FA044697F820203B7F8A
:10A468001146184601F0D2F90246FB7921461846F2
:10A4780001F068F800BF0C37BD4690BD80B485B0C8
:10A4880000AF0346B9607A60FB7300BF1437BD465E
:10A498005DF8047B704790B587B004AF0446084662
:10A4A80011461A462346FB710346BB710B467B7166
:10A4B80013463B717979BA793B7E0393042302935F
:10A4C800002301933B7900930B460421002001F0FF
:10A4D8002BFA0446F86901F0B3F90246FB792146E4
:10A4E800184601F02FF800BF0C37BD4690BD90B557
:10A4F80087B004AF0446084611461A462346FB7146
:10A508000346BB710B467B7113463B717979BA7967
:10A518003B7E039304230293002301933B7900932A
:10A528000B460421012001F0FFF90446F86901F007
:10A5380099F90246FB792146184601F003F800BF55
:10A548000C37BD4690BD80B485B000AF0346B960F6
:10A558007A60FB7300BF1437BD465DF8047B704713
:10A5680080B485B000AF0346B9607A60FB7300BF62
:10A578001437BD465DF8047B704790B587B004AFCB
:10A588000446084611461A462346FB710346BB712A
:10A598000B467B7113463B717979BA793B7E0393FD
:10A5A80005230293002301933B7900930B46002176
:10A5B800012001F0B9F9044601F066F90246FB7979
:10A5C8002146184600F0BEFF00BF0C37BD4690BDBF
:10A5D80080B485B000AF0346B9607A60FB7300BFF2
:10A5E8001437BD465DF8047B704790B587B004AF5B
:10A5F8000446084611461A462346FB710346BB71BA
:10A608000B467B7113463B717979BA793B7E03938C
:10A6180006230293002301933B7900930B46002104
:10A62800012001F081F9044601F038F90246FB796E
:10A638002146184600F086FF00BF0C37BD4690BD86
:10A6480080B485B000AF0346B9607A60FB7300BF81
:10A658001437BD465DF8047B704780B485B000AF01
:10A668000346B9607A60FB7300BF1437BD465DF8D6
:10A67800047B704790B587B004AF0446084611467E
:10A688001A462346FB710346BB710B467B71134682
:10A698003B717979BA793B7E0393002302930723B0
:10A6A80001933B7900930B460821012001F03CF906
:10A6B8000446F86901F0FCF80246FB792146184681
:10A6C80000F040FF00BF0C37BD4690BD80B485B098
:10A6D80000AF0346B9607A60FB7300BF1437BD460C
:10A6E8005DF8047B704780B485B000AF0346B9605D
:10A6F8007A60FB7300BF1437BD465DF8047B704772
:10A7080080B485B000AF0346B9607A60FB7300BFC0
:10A718001437BD465DF8047B704780B485B000AF40
:10A728000346B9607A60FB7300BF1437BD465DF815
:10A73800047B704780B485B000AF0346B9607A6087
:10A74800FB7300BF1437BD465DF8047B704780B4C7
:10A7580085B000AF0346B9607A60FB7300BF143759
:10A76800BD465DF8047B704780B485B000AF0346F2
:10A77800B9607A60FB7300BF1437BD465DF8047B8F
:10A78800704780B485B000AF0346B9607A60FB7348
:10A7980000BF1437BD465DF8047B704780B485B0B0
:10A7A80000AF0346B9607A60FB7300BF1437BD463B
:10A7B8005DF8047B704780B485B000AF0346B9608C
:10A7C8007A60FB7300BF1437BD465DF8047B7047A1
:10A7D80080B485B000AF0346B9607A60FB7300BFF0
:10A7E8001437BD465DF8047B704780B485B000AF70
:10A7F8000346B9607A60FB7300BF1437BD465DF845
:10A80800047B704780B485B000AF0346B9607A60B6
:10A81800FB7300BF1437BD465DF8047B704780B4F6
:10A8280085B000AF0346B9607A60FB7300BF143788
:10A83800BD465DF8047B704780B485B000AF034621
:10A84800B9607A60FB7300BF1437BD465DF8047BBE
:10A85800704780B485B000AF0346B9607A60FB7377
:10A8680000BF1437BD465DF8047B704780B485B0DF
:10A8780000AF0346B9607A60FB7300BF1437BD466A
:10A888005DF8047B704780B485B000AF0346B960BB
:10A898007A60FB7300BF1437BD465DF8047B7047D0
:10A8A80080B485B000AF0346B9607A60FB7300BF1F
:10A8B8001437BD465DF8047B704780B485B000AF9F
:10A8C8000346B9607A60FB7300BF1437BD465DF874
:10A8D800047B704780B485B000AF0346B9607A60E6
:10A8E800FB7300BF1437BD465DF8047B704780B426
:10A8F80085B000AF0346B9607A60FB7300BF1437B8
:10A90800BD465DF8047B704780B485B000AF034650
:10A91800B9607A60FB7300BF1437BD465DF8047BED
:10A92800704780B485B000AF0346B9607A60FB73A6
:10A9380000BF1437BD465DF8047B704780B485B00E
:10A9480000AF0346B9607A60FB7300BF1437BD4699
:10A958005DF8047B704780B485B000AF0346B960EA
:10A968007A60FB7300BF1437BD465DF8047B7047FF
:10A9780080B485B000AF0346B9607A60FB7300BF4E
:10A988001437BD465DF8047B704780B485B000AFCE
:10A998000346B9607A60FB7300BF1437BD465DF8A3
:10A9A800047B704780B485B000AF0346B9607A6015
:10A9B800FB7300BF1437BD465DF8047B704780B455
:10A9C80085B000AF0346B9607A60FB7300BF1437E7
:10A9D800BD465DF8047B704780B485B000AF034680
:10A9E800B9607A60FB7300BF1437BD465DF8047B1D
:10A9F800704780B485B000AF0346B9607A60FB73D6
:10AA080000BF1437BD465DF8047B704780B485B03D
:10AA180000AF0346B9607A60FB7300BF1437BD46C8
:10AA28005DF8047B704780B485B000AF0346B96019
:10AA38007A60FB7300BF1437BD465DF8047B70472E
:10AA480080B485B000AF0346B9607A60FB7300BF7D
:10AA58001437BD465DF8047B704780B485B000AFFD
:10AA68000346B9607A60FB7300BF1437BD465DF8D2
:10AA7800047B704780B485B000AF0346B9607A6044
:10AA8800FB7300BF1437BD465DF8047B704780B484
:10AA980085B000AF0346B9607A60FB7300BF143716
:10AAA800BD465DF8047B704780B485B000AF0346AF
:10AAB800B9607A60FB7300BF1437BD465DF8047B4C
:10AAC800704780B485B000AF0346B9607A60FB7305
:10AAD80000BF1437BD465DF8047B704780B485B06D
:10AAE80000AF0346B9607A60FB7300BF1437BD46F8
:10AAF8005DF8047B704780B485B000AF0346B96049
:10AB08007A60FB7300BF1437BD465DF8047B70475D
:10AB180080B485B000AF0346B9607A60FB7300BFAC
:10AB28001437BD465DF8047B704790B587B004AF15
:10AB38000446084611461A462346FB710346BB7174
:10AB48000B467B7113463B717979BA793B7E039347
:10AB580000230293052301933B7900930B460221BE
:10AB6800002000F0E1FE044697F820203B7F1146C4
:10AB7800184600F0BFFE0246FB792146184600F051
:10AB8800E1FC00BF0C37BD4690BD80B485B000AF76
:10AB98000346B9607A60FB7300BF1437BD465DF8A1
:10ABA800047B704780B485B000AF0346B9607A6013
:10ABB800FB7300BF1437BD465DF8047B704780B453
:10ABC80085B000AF0346B9607A60FB7300BF1437E5
:10ABD800BD465DF8047B704780B483B000AF7860F1
:10ABE8000F4B1B780E4A9B01134404337A681A6092
:10ABF8000B4B1B7818460A4B1978094A83011344F2
:10AC080008330A461A70064B1B780133DAB2044B34
:10AC18001A7000BF0C37BD465DF8047B704700BF53
:10AC2800ECD0002080B400AFFEE7000080B483B011
:10AC380000AF78600B467B8013467B701F4B1B78F8
:10AC4800002B34D11D4B1B7819461C4A0B465B0060
:10AC58000B449B001344013301221A70174B1B78D5
:10AC68001946164A0B465B000B449B0013447A684E
:10AC7800C3F80220114B1B781946104A0B465B009B
:10AC88000B449B00134406337A881A800B4B1B78BD
:10AC98005A1CD1B2094A11701946084A0B465B0082
:10ACA8000B449B00134408337A781A7000E000BF05
:10ACB8000C37BD465DF8047B704700BF949F0020A9
:10ACC80090B583B000AF0346FB71FB79002B65D1CB
:10ACD800FA79344913465B0013449B000B44013353
:10ACE8001B78002B5BD0FA792E4913465B0013447E
:10ACF8009B000B4408331B78002B21D1FA79294992
:10AD080013465B0013449B000B44D3F80230596987
:10AD1800FA79244813465B0013449B000344063326
:10AD28001B88DB431C46FA791E4813465B00134414
:10AD38009B000344D3F8023001EA04025A611FE081
:10AD4800FA79184913465B0013449B000B44D3F867
:10AD580002305969FA79134813465B0013449B0083
:10AD6800034406331B881C46FA790E4813465B00D9
:10AD780013449B000344D3F8023041EA04025A61A9
:10AD8800FC79F6F761FF0246064923465B00234437
:10AD98009B000B440833C3F8012000E000BF0C37C8
:10ADA800BD4690BD949F002090B583B000AF0023AE
:10ADB8007B6069E03A497A6813465B0013449B005C
:10ADC8000B4401331B78002B5BD035497A68134656
:10ADD8005B0013449B000B440833D3F80140F6F79B
:10ADE80033FF03469C424CD02D497A6813465B00DA
:10ADF80013449B000B4408331B78002B20D12849AF
:10AE08007A6813465B0013449B000B44D3F8023066
:10AE1800596923487A6813465B0013449B0003442E
:10AE280006331B881C461E487A6813465B00134489
:10AE38009B000344D3F8023041EA04025A6120E03F
:10AE480017497A6813465B0013449B000B44D3F8F8
:10AE58000230596912487A6813465B0013449B0014
:10AE6800034406331B88DB431C460D487A681346A7
:10AE78005B0013449B000344D3F8023001EA040248
:10AE88005A617B6801337B60054B1B781A467B68E7
:10AE980093428FDB00BF00BF0C37BD4690BD00BF9B
:10AEA800949F002080B483B000AF0346FB71FB7908
:10AEB800174941F6042202FB03F20A44528892B26F
:10AEC800013290B2124A41F6042101FB03F3134404
:10AED80002465A80FB790E4A41F6042101FB03F32E
:10AEE80013445B889BB2B3F5007F0AD3FB79084A09
:10AEF80041F6042101FB03F3134400229A70002257
:10AF0800DA7000BF0C37BD465DF8047B704700BFA0
:10AF180030D1002080B483B000AF0346FB71FB79C9
:10AF2800174941F6042202FB03F20A44128892B23E
:10AF3800013290B2124A41F6042101FB03F3134493
:10AF480002461A80FB790E4A41F6042101FB03F3FD
:10AF580013441B889BB2B3F5007F0AD3FB79084AD8
:10AF680041F6042101FB03F3134400221A70002266
:10AF78005A7000BF0C37BD465DF8047B704700BFB0
:10AF880030D1002090B585B000AF78600023FB6019
:10AF980073E07B681A683E49FB689B010B440433E5
:10AFA8001B681B689A4265D1FB689B010833384AC5
:10AFB8001344191D374AFB6841F6042000FB03F3CC
:10AFC80013445B889BB203F5A073DA00FB6841F673
:10AFD800042000FB03F313442E4A134404330A46A7
:10AFE80000217868F7F76CF90346002B01D0FFF7CA
:10AFF80019FE274AFB689B0113441C331C68254A29
:10B00800FB6841F6042101FB03F313445B889BB200
:10B018001846E4B21F49FA6803469B00034441F608
:10B02800042000FB02F213440B44043322461A7036
:10B03800184AFB6841F6042101FB03F313445B88BB
:10B048009BB21C46124AFB689B01134410331A68D2
:10B058001048F96823469B00234441F6042404FB66
:10B0680001F10B440344C3F80520FB68DBB2184622
:10B07800FFF718FFFB680133FB60054B1B781A4686
:10B08800FB68934285DB00BF00BF1437BD4690BD07
:10B09800ECD0002030D1002090B583B000AF002361
:10B0A8007B6089E04B4A7B6841F6042101FB03F38E
:10B0B80013445B889AB247497B6841F6042000FB39
:10B0C80003F30B441B889BB29A4272D0414A7B68B7
:10B0D80041F6042101FB03F313441B889BB21A4673
:10B0E80013469B0013447A6841F6042101FB02F2DF
:10B0F8001344384A134404333B603B68DB78C3F39A
:10B108000503DBB21A46344B1B789A4206D03B68DB
:10B11800DB7803F03F03DBB23F2B45D13B685B781C
:10B12800C3F30403DBB21A462C4B1B789A4206D0B1
:10B138003B685B7803F01F03DBB21F2B34D17B68BD
:10B14800DBB21846FFF7BCFD7B68D8B2214A7B68A2
:10B1580041F6042101FB03F313441B889BB21A46F2
:10B1680013469B0013447A6841F6042101FB02F25E
:10B178001344184A1344191D164A7B6841F60424DF
:10B1880004FB03F313441B889BB203F5A073DA0096
:10B198007B6841F6042404FB03F313440D4A13446B
:10B1A80004331A4600F040FC7B68DBB21846FFF710
:10B1B800B1FE7B6801337B60094B1B781A467B68BC
:10B1C8009342FFF66FAFFFF7EFFD00BF0C37BD46A8
:10B1D80090BD00BF30D10020919F0020929F002099
:10B1E800ECD0002080B400AFFEE7000080B483B04C
:10B1F80000AF78600B467B8013467B701F4B1B7833
:10B20800002B34D11D4B1B7819461C4A0B465B009A
:10B218000B449B001344013301221A70174B1B780F
:10B228001946164A0B465B000B449B0013447A6888
:10B23800C3F80220114B1B781946104A0B465B00D5
:10B248000B449B00134406337A881A800B4B1B78F7
:10B258005A1CD1B2094A11701946084A0B465B00BC
:10B268000B449B00134408337A781A7000E000BF3F
:10B278000C37BD465DF8047B704700BFA49F0020D3
:10B2880090B583B000AF0346FB71FB79002B65D105
:10B29800FA79344913465B0013449B000B4401338D
:10B2A8001B78002B5BD0FA792E4913465B001344B8
:10B2B8009B000B4408331B78002B21D1FA792949CC
:10B2C80013465B0013449B000B44D3F802305969C2
:10B2D800FA79244813465B0013449B000344063361
:10B2E8001B88DB431C46FA791E4813465B0013444F
:10B2F8009B000344D3F8023001EA04025A611FE0BC
:10B30800FA79184913465B0013449B000B44D3F8A1
:10B3180002305969FA79134813465B0013449B00BD
:10B32800034406331B881C46FA790E4813465B0013
:10B3380013449B000344D3F8023041EA04025A61E3
:10B34800FC79F6F781FC0246064923465B00234454
:10B358009B000B440833C3F8012000E000BF0C3702
:10B36800BD4690BDA49F002090B583B000AF0023D8
:10B378007B6069E03A497A6813465B0013449B0096
:10B388000B4401331B78002B5BD035497A68134690
:10B398005B0013449B000B440833D3F80140F6F7D5
:10B3A80053FC03469C424CD02D497A6813465B00F7
:10B3B80013449B000B4408331B78002B20D12849E9
:10B3C8007A6813465B0013449B000B44D3F80230A1
:10B3D800596923487A6813465B0013449B00034469
:10B3E80006331B881C461E487A6813465B001344C4
:10B3F8009B000344D3F8023041EA04025A6120E07A
:10B4080017497A6813465B0013449B000B44D3F832
:10B418000230596912487A6813465B0013449B004E
:10B42800034406331B88DB431C460D487A681346E1
:10B438005B0013449B000344D3F8023001EA040282
:10B448005A617B6801337B60054B1B781A467B6821
:10B4580093428FDB00BF00BF0C37BD4690BD00BFD5
:10B46800A49F002080B483B000AF0346FB71FB7932
:10B47800174941F6042202FB03F20A44528892B2A9
:10B48800013290B2124A41F6042101FB03F313443E
:10B4980002465A80FB790E4A41F6042101FB03F368
:10B4A80013445B889BB2B3F5007F0AD3FB79084A43
:10B4B80041F6042101FB03F3134400229A70002291
:10B4C800DA7000BF0C37BD465DF8047B704700BFDB
:10B4D80044EB002080B483B000AF0346FB71FB79D6
:10B4E800174941F6042202FB03F20A44128892B279
:10B4F800013290B2124A41F6042101FB03F31344CE
:10B5080002461A80FB790E4A41F6042101FB03F337
:10B5180013441B889BB2B3F5007F0AD3FB79084A12
:10B5280041F6042101FB03F3134400221A700022A0
:10B538005A7000BF0C37BD465DF8047B704700BFEA
:10B5480044EB002080B584B000AF0346B9607A6050
:10B55800FB73FA7BFB7B1E4941F6042000FB03F3D7
:10B568000B445B889BB219460B469B000B4441F683
:10B57800042101FB02F21344154A13440433052243
:10B58800B968184601F0CAF9FB7BFA7B104941F605
:10B59800042000FB02F20A44528892B202F5A0721B
:10B5A800D20041F6042101FB03F31344084A134473
:10B5B800181DBB681B781A46796801F0AFF9FB7B48
:10B5C8001846FFF74FFF00BF1037BD4680BD00BFCC
:10B5D80044EB002090B583B000AF00237B60A6E069
:10B5E800594A7B6841F6042101FB03F313445B8845
:10B5F8009AB255497B6841F6042000FB03F30B44DB
:10B608001B889BB29A4200F08F80504A7B689B014E
:10B61800134404331B681846F6F71DFE0346032B34
:10B6280040F08280494A7B689B01134430330422EE
:10B638001A60454A7B6841F6042101FB03F3134471
:10B648001B889BB2184640497A6803469B0003440E
:10B6580041F6042000FB02F213440B4404331B7828
:10B6680019463A4A7B689B01134438331960364AB5
:10B678007B6841F6042101FB03F313441B889BB24A
:10B68800184631497A6803469B00034441F6042072
:10B6980000FB02F213440B44D3F805202B497B68C6
:10B6A8009B010B442C331A60284A7B689B01134486
:10B6B8003C3300221A70254A7B689B0113440433EB
:10B6C80018687B689B012033204A134403F1080162
:10B6D8001D4A7B6841F6042404FB03F313441B88CA
:10B6E8009BB203F5A073DA007B6841F6042404FBDF
:10B6F80003F31344144A13441A1D7B689B0138331F
:10B70800124C23440833F6F7CBFC0346002B01D038
:10B71800FFF768FD7B68DBB21846FFF7DBFE7B6846
:10B72800DBB21846FFF7ACFD7B6801337B60074B43
:10B738001B781A467B689342FFF652AFFFF714FE58
:10B7480000BF0C37BD4690BD44EB0020ECD0002074
:10B7580080B485B000AF7860054BFB60FB687A6801
:10B768001A60034B18461437BD465DF8047B7047D2
:10B7780034EB002080B400AF024B1846BD465DF89C
:10B78800047B704734EB002090B484B000AF0446CB
:10B79800084611461A462346FB710346BB800B46F2
:10B7A8007B8013463B800B4BFB60FB68FA791A7071
:10B7B800FB68BA88A3F80120FB687A88A3F80320FD
:10B7C800FB683A88A3F80520024B18461037BD4697
:10B7D80090BC704734EB002080B485B000AF0346BE
:10B7E8000A46FB711346BB71074BFB60FB68FA798D
:10B7F8001A70FB68BA795A70034B18461437BD465D
:10B808005DF8047B704700BF34EB002080B485B03E
:10B8180000AF03460A46FB711346BB71074BFB603A
:10B82800FB68FA791A70FB68BA795A70034B1846A4
:10B838001437BD465DF8047B704700BF34EB002029
:10B8480080B485B000AF7860054BFB60FB687A6810
:10B858001A60034B18461437BD465DF8047B7047E1
:10B8680034EB002080B485B000AF7860054BFB60F6
:10B87800FB687A681A60034B18461437BD465DF8B2
:10B88800047B704734EB002080B400AF024B1846AD
:10B89800BD465DF8047B704734EB002080B400AFF0
:10B8A800024B1846BD465DF8047B704734EB002018
:10B8B80080B485B000AF78600D4BBB600023FB609F
:10B8C8000BE0FB687A6813441978BA68FB6813447C
:10B8D8000A461A70FB680133FB60FB68072BF0DD32
:10B8E800034B18461437BD465DF8047B704700BF0C
:10B8F80034EB002080B485B000AF03460A46FB71E4
:10B908001346BB71074BFB60FB68FA791A70FB683A
:10B91800BA795A70034B18461437BD465DF8047B54
:10B92800704700BF34EB002090B482B000AF0446EB
:10B93800084611461A462346FB710346BB710B465F
:10B948007B7113463B71374ABB7913707B7903F0DF
:10B958000103D9B2334A137961F3041313713B79A4
:10B9680003F03F03DAB22F4B02F003018C01D978C0
:10B9780001F03F01084621460143D9709208D2B22E
:10B9880002F00F0202F00F001A7922F00F0211469E
:10B9980002460A431A713B7C03F03F03D9B2214A9D
:10B9A800D37861F30503D370FB7903F00303D9B2AD
:10B9B8001C4A937861F3871393703B7D03F00F0360
:10B9C800D9B2184A937861F3850393703B7E03F0EC
:10B9D8001F03DAB2134B02F007014C01597801F04A
:10B9E8001F010846214601435970D208D2B202F01D
:10B9F800030202F003009A7822F00302114602467D
:10BA08000A439A703B7F03F01F03D9B2054A537863
:10BA180061F304035370034B18460837BD4690BCC6
:10BA2800704700BF3CEB002080B584B000AF0346F0
:10BA3800B9607A60FB73BB689B78C3F38303DBB29E
:10BA4800072B4BD801A252F823F000BF75BA0008A3
:10BA580083BA000891BA00089FBA0008ADBA000876
:10BA6800BBBA0008C9BA0008D7BA0008FB7B7A68D5
:10BA7800B968184600F078F930E0FB7B7A68B96855
:10BA8800184600F0D1FD29E0FB7B7A68B9681846B2
:10BA980000F08AFB22E0FB7B7A68B968184600F060
:10BAA80021F81BE0FB7B7A68B968184600F0C5FEF0
:10BAB80014E0FB7B7A68B968184600F072FE0DE066
:10BAC800FB7B7A68B968184600F058F806E0FB7BFB
:10BAD8007A68B968184600F0E3FA00BF00BF10376B
:10BAE800BD4680BD80B584B000AF0346B9607A60BA
:10BAF800FB73BB685A785209D2B29B7803F00303F0
:10BB0800DB001343DBB2002B06D1FB7B7A68B968F4
:10BB1800184600F005F800BF00BF1037BD4680BDCD
:10BB280080B584B000AF0346B9607A60FB73BB6828
:10BB38009B78C3F38113DBB2022B14D0022B19DCE0
:10BB4800002B02D0012B07D014E0FB7B7A68B96880
:10BB58001846FEF775FA0DE0FB7B7A68B968184657
:10BB6800FEF77BFA06E0FB7B7A68B9681846FEF7B1
:10BB780081FA00BF00BF1037BD4680BD80B584B0D4
:10BB880000AF0346B9607A60FB73BB685A78520904
:10BB9800D2B29B7803F00303DB001343DBB2032B21
:10BBA80026D801A252F823F0C1BB0008CFBB000879
:10BBB800DDBB0008EBBB0008FB7B7A68B968184658
:10BBC80000F01AF814E0FB7B7A68B968184600F0B0
:10BBD80041F80DE0FB7B7A68B968184600F068F810
:10BBE80006E0FB7B7A68B968184600F08FF800BF5A
:10BBF80000BF1037BD4680BD80B584B000AF034696
:10BC0800B9607A60FB73BB689B78C3F38113DBB2BE
:10BC1800022B14D0022B19DC002B02D0012B07D0E9
:10BC280014E0FB7B7A68B9681846FEF730FA0DE035
:10BC3800FB7B7A68B9681846FEF736FA06E0FB7BA4
:10BC48007A68B9681846FEF73CFA00BF00BF10379B
:10BC5800BD4680BD80B584B000AF0346B9607A6048
:10BC6800FB73BB689B78C3F38113DBB2022B14D040
:10BC7800022B19DC002B02D0012B07D014E0FB7B30
:10BC88007A68B9681846FEF729FA0DE0FB7B7A68EE
:10BC9800B9681846FEF72FFA06E0FB7B7A68B968A0
:10BCA8001846FEF735FA00BF00BF1037BD4680BD05
:10BCB80080B584B000AF0346B9607A60FB73BB6897
:10BCC8009B78C3F38113DBB2022B14D0022B19DC4F
:10BCD800002B02D0012B07D014E0FB7B7A68B968EF
:10BCE8001846FEF74EFA0DE0FB7B7A68B9681846ED
:10BCF800FEF754FA06E0FB7B7A68B9681846FEF747
:10BD08005AFA00BF00BF1037BD4680BD80B584B069
:10BD180000AF0346B9607A60FB73BB689B78C3F3D6
:10BD28008113DBB2022B14D0022B19DC002B02D0BA
:10BD3800012B07D014E0FB7B7A68B9681846FBF73B
:10BD480055F90DE0FB7B7A68B9681846FEF740FAAA
:10BD580006E0FB7B7A68B9681846FEF746FA00BF2A
:10BD680000BF1037BD4680BD80B584B000AF034624
:10BD7800B9607A60FB73BB685A785209D2B29B7873
:10BD880003F00303DB001343DBB2062B41D801A207
:10BD980052F823F0B9BD0008C7BD0008D5BD00089A
:10BDA800E3BD0008F1BD0008FFBD00080DBE000896
:10BDB800FB7B7A68B968184600F030F829E0FB7B0D
:10BDC8007A68B968184600F057F822E0FB7B7A6871
:10BDD800B968184600F07EF81BE0FB7B7A68B96802
:10BDE800184600F0A5F814E0FB7B7A68B968184695
:10BDF80000F0CCF80DE0FB7B7A68B968184600F0D3
:10BE0800F3F806E0FB7B7A68B968184600F01AF97F
:10BE180000BF00BF1037BD4680BD00BF80B584B0ED
:10BE280000AF0346B9607A60FB73BB689B78C3F3C5
:10BE38008113DBB2022B14D0022B19DC002B02D0A9
:10BE4800012B07D014E0FB7B7A68B9681846FEF727
:10BE5800D9F90DE0FB7B7A68B9681846FEF7DFF977
:10BE680006E0FB7B7A68B9681846FEF7E5F900BF7B
:10BE780000BF1037BD4680BD80B584B000AF034613
:10BE8800B9607A60FB73BB689B78C3F38113DBB23C
:10BE9800022B14D0022B19DC002B02D0012B07D067
:10BEA80014E0FB7B7A68B9681846FAF751FB0DE095
:10BEB800FB7B7A68B9681846FEF7F6F906E0FB7B63
:10BEC8007A68B9681846FEF7FCF900BF00BF10375A
:10BED800BD4680BD80B584B000AF0346B9607A60C6
:10BEE800FB73BB689B78C3F38113DBB2022B14D0BE
:10BEF800022B19DC002B02D0012B07D014E0FB7BAE
:10BF08007A68B9681846FEF718FA0DE0FB7B7A687C
:10BF1800B9681846FEF71EFA06E0FB7B7A68B9682E
:10BF28001846FEF724FA00BF00BF1037BD4680BD93
:10BF380080B584B000AF0346B9607A60FB73BB6814
:10BF48009B78C3F38113DBB2022B14D0022B19DCCC
:10BF5800002B02D0012B07D014E0FB7B7A68B9686C
:10BF68001846FEF711FA0DE0FB7B7A68B9681846A7
:10BF7800FEF717FA06E0FB7B7A68B9681846FAF705
:10BF8800C5FC00BF00BF1037BD4680BD80B584B07A
:10BF980000AF0346B9607A60FB73BB689B78C3F354
:10BFA8008113DBB2022B14D0022B19DC002B02D038
:10BFB800012B07D014E0FB7B7A68B9681846FAF7BA
:10BFC80015FB0DE0FB7B7A68B9681846FEF756FA50
:10BFD80006E0FB7B7A68B9681846FAF7CFFB00BF22
:10BFE80000BF1037BD4680BD80B584B000AF0346A2
:10BFF800B9607A60FB73BB689B78C3F38113DBB2CB
:10C00800022B14D0022B19DC002B02D0012B07D0F5
:10C0180014E0FB7B7A68B9681846FAF747FA0DE02E
:10C02800FB7B7A68B9681846FEF78DFA06E0FB7B59
:10C038007A68B9681846FEF793FA00BF00BF103750
:10C04800BD4680BD80B584B000AF0346B9607A6054
:10C05800FB73BB689B78C3F38113DBB2022B14D04C
:10C06800022B19DC002B02D0012B07D014E0FB7B3C
:10C078007A68B9681846FAF7EBFA0DE0FB7B7A683C
:10C08800B9681846FEF7A4FA06E0FB7B7A68B96837
:10C098001846FAF707FB00BF00BF1037BD4680BD42
:10C0A80080B584B000AF0346B9607A60FB73BB68A3
:10C0B8005A785209D2B29B7803F00303DB0013438A
:10C0C800DBB2002B02D0012B07D00DE0FB7B7A6896
:10C0D800B968184600F00CF806E0FB7B7A68B96886
:10C0E800184600F033F800BF00BF1037BD4680BDCA
:10C0F80080B584B000AF0346B9607A60FB73BB6853
:10C108009B78C3F38113DBB2022B14D0022B19DC0A
:10C11800002B02D0012B07D014E0FB7B7A68B968AA
:10C128001846F9F78FFF0DE0FB7B7A68B968184667
:10C13800FEF786FA06E0FB7B7A68B9681846FEF7D0
:10C148008CFA00BF00BF1037BD4680BD80B584B0F3
:10C1580000AF0346B9607A60FB73BB689B78C3F392
:10C168008113DBB2022B14D0022B19DC002B02D076
:10C17800012B07D014E0FB7B7A68B9681846FEF7F4
:10C18800A5FA0DE0FB7B7A68B9681846FEF7ABFAAA
:10C1980006E0FB7B7A68B9681846FEF7B1FA00BF7B
:10C1A80000BF1037BD4680BD80B584B000AF0346E0
:10C1B800B9607A60FB73BB685A785209D2B29B782F
:10C1C80003F00303DB001343DBB2092B5CD801A2A5
:10C1D80052F823F005C2000813C2000821C2000863
:10C1E8002FC200083DC200084BC2000859C200080F
:10C1F80067C2000875C2000883C20008FB7B7A6822
:10C20800B968184600F044F83EE0FB7B7A68B968E4
:10C21800184600F06BF837E0FB7B7A68B968184677
:10C2280000F092F830E0FB7B7A68B968184600F0B5
:10C23800B9F829E0FB7B7A68B968184600F0E0F89D
:10C2480022E0FB7B7A68B968184600F007F91BE022
:10C25800FB7B7A68B968184600F02EF914E0FB7B7E
:10C268007A68B968184600F055F90DE0FB7B7A68E2
:10C27800B968184600F07CF906E0FB7B7A68B96873
:10C28800184600F0A3F900BF00BF1037BD4680BDB7
:10C2980080B584B000AF0346B9607A60FB73BB68B1
:10C2A8009B78C3F38113DBB2022B14D0022B19DC69
:10C2B800002B02D0012B07D014E0FB7B7A68B96809
:10C2C8001846FEF72AFA0DE0FB7B7A68B96818462B
:10C2D800FEF730FA06E0FB7B7A68B9681846FEF785
:10C2E80036FA00BF00BF1037BD4680BD80B584B0A8
:10C2F80000AF0346B9607A60FB73BB689B78C3F3F1
:10C308008113DBB2022B14D0022B19DC002B02D0D4
:10C31800012B07D014E0FB7B7A68B9681846FEF752
:10C3280023FA0DE0FB7B7A68B9681846FEF729FA0C
:10C3380006E0FB7B7A68B9681846FEF72FFA00BF5B
:10C3480000BF1037BD4680BD80B584B000AF03463E
:10C35800B9607A60FB73BB689B78C3F38113DBB267
:10C36800022B14D0022B19DC002B02D0012B07D092
:10C3780014E0FB7B7A68B9681846FEF71CFA0DE0F2
:10C38800FB7B7A68B9681846FEF722FA06E0FB7B61
:10C398007A68B9681846FEF728FA00BF00BF103758
:10C3A800BD4680BD80B584B000AF0346B9607A60F1
:10C3B800FB73BB689B78C3F38113DBB2022B14D0E9
:10C3C800022B19DC002B02D0012B07D014E0FB7BD9
:10C3D8007A68B9681846FEF715FA0DE0FB7B7A68AB
:10C3E800B9681846FEF71BFA06E0FB7B7A68B9685D
:10C3F8001846FEF721FA00BF00BF1037BD4680BDC2
:10C4080080B584B000AF0346B9607A60FB73BB683F
:10C418009B78C3F38113DBB2022B14D0022B19DCF7
:10C42800002B02D0012B07D014E0FB7B7A68B96897
:10C438001846FEF70EFA0DE0FB7B7A68B9681846D5
:10C44800FEF714FA06E0FB7B7A68B9681846FEF72F
:10C458001AFA00BF00BF1037BD4680BD80B584B052
:10C4680000AF0346B9607A60FB73BB689B78C3F37F
:10C478008113DBB2022B14D0022B19DC002B02D063
:10C48800012B07D014E0FB7B7A68B9681846FEF7E1
:10C4980007FA0DE0FB7B7A68B9681846FEF70DFAD3
:10C4A80006E0FB7B7A68B9681846FEF713FA00BF06
:10C4B80000BF1037BD4680BD80B584B000AF0346CD
:10C4C800B9607A60FB73BB689B78C3F38113DBB2F6
:10C4D800022B14D0022B19DC002B02D0012B07D021
:10C4E80014E0FB7B7A68B9681846FEF700FA0DE09D
:10C4F800FB7B7A68B9681846FEF706FA06E0FB7B0C
:10C508007A68B9681846FEF70CFA00BF00BF103702
:10C51800BD4680BD80B584B000AF0346B9607A607F
:10C52800FB73BB689B78C3F38113DBB2022B14D077
:10C53800022B19DC002B02D0012B07D014E0FB7B67
:10C548007A68B9681846FEF7F9F90DE0FB7B7A6856
:10C55800B9681846FEF7FFF906E0FB7B7A68B96808
:10C568001846FEF705FA00BF00BF1037BD4680BD6C
:10C5780080B584B000AF0346B9607A60FB73BB68CE
:10C588009B78C3F38113DBB2022B14D0022B19DC86
:10C59800002B02D0012B07D014E0FB7B7A68B96826
:10C5A8001846FEF7F2F90DE0FB7B7A68B968184681
:10C5B800FEF7F8F906E0FB7B7A68B9681846FEF7DB
:10C5C800FEF900BF00BF1037BD4680BD80B584B0FE
:10C5D80000AF0346B9607A60FB73BB689B78C3F30E
:10C5E8008113DBB2022B14D0022B19DC002B02D0F2
:10C5F800012B07D014E0FB7B7A68B9681846FEF770
:10C60800EBF90DE0FB7B7A68B9681846FEF7F1F99B
:10C6180006E0FB7B7A68B9681846FEF7F7F900BFB1
:10C6280000BF1037BD4680BD80B584B000AF03465B
:10C63800B9607A60FB73BB685A785209D2B29B78AA
:10C6480003F00303DB001343DBB2022B14D0022BED
:10C6580019DC002B02D0012B07D014E0FB7B7A6891
:10C66800B968184600F013F80DE0FB7B7A68B968E2
:10C67800184600F03AF806E0FB7B7A68B968184675
:10C6880000F061F800BF00BF1037BD4680BD80B51F
:10C6980084B000AF0346B9607A60FB73BB689B78CF
:10C6A800C3F38113DBB2022B14D0022B19DC002B4D
:10C6B80002D0012B07D014E0FB7B7A68B9681846D2
:10C6C800F9F71EFF0DE0FB7B7A68B9681846FEF79C
:10C6D800AAF906E0FB7B7A68B9681846FEF7B0F954
:10C6E80000BF00BF1037BD4680BD80B584B000AF25
:10C6F8000346B9607A60FB73BB689B78C3F3811308
:10C70800DBB2022B14D0022B19DC002B02D0012B38
:10C7180007D014E0FB7B7A68B9681846FEF79DF9E4
:10C728000DE0FB7B7A68B9681846FEF7A3F906E0C6
:10C73800FB7B7A68B9681846FEF7A9F900BF00BF05
:10C748001037BD4680BD80B584B000AF0346B960E0
:10C758007A60FB73BB689B78C3F38113DBB2022B4F
:10C7680014D0022B19DC002B02D0012B07D014E0C7
:10C77800FB7B7A68B9681846F9F7B6FF0DE0FB7BD2
:10C788007A68B9681846FEF78FF906E0FB7B7A6885
:10C79800B9681846FEF795F900BF00BF1037BD46C7
:10C7A80080BD80B584B000AF0346B9607A60FB7382
:10C7B800BB685A785209D2B29B7803F00303DB00B6
:10C7C8001343DBB2002B06D1FB7B7A68B9681846A5
:10C7D80000F005F800BF00BF1037BD4680BD80B52A
:10C7E80084B000AF0346B9607A60FB73BB689B787E
:10C7F800C3F38113DBB2022B14D0022B19DC002BFC
:10C8080002D0012B07D014E0FB7B7A68B968184680
:10C81800FEF764F90DE0FB7B7A68B9681846FEF705
:10C828006AF906E0FB7B7A68B9681846FEF770F982
:10C8380000BF00BF1037BD4680BD80B584B000AFD3
:10C848000346B9607A60FB73BB685A785209D2B262
:10C858009B7803F00303DB001343DBB2002B06D104
:10C86800FB7B7A68B968184600F005F800BF00BF7E
:10C878001037BD4680BD80B584B000AF0346B960AF
:10C888007A60FB73BB689B78C3F38113DBB2022B1E
:10C8980014D0022B19DC002B02D0012B07D014E096
:10C8A800FB7B7A68B9681846FEF76FF90DE0FB7BE9
:10C8B8007A68B9681846FEF775F906E0FB7B7A686E
:10C8C800B9681846FEF77BF900BF00BF1037BD46B0
:10C8D80080BD000070B50D4D0D4C641BA4100026E2
:10C8E800A64209D10B4D0C4C00F0AEF8641BA41005
:10C8F8000026A64205D170BD55F8043B984701367D
:10C90800EEE755F8043B98470136F2E790CA00086D
:10C9180090CA000890CA000894CA00080A449142C4
:10C9280000F1FF3300D1704710B511F8014B03F83F
:10C93800014F9142F9D110BD02440346934200D100
:10C94800704703F8011BF9E751EC100B2DE9F04192
:10C95800C1F30A57A7F2FF36132E10EE105A10EE45
:10C96800108A0C4632DC002E14DA33A3D3E90023F4
:10C97800F3F74CFC00220023F4F78EF838B1002CB2
:10C9880057DA24F000431D4301D02D4C00252146E1
:10C99800284625E02B4F374101EA070303431FD000
:10C9A80025A3D3E90023F3F731FC00220023F4F791
:10C9B80073F80028EBD0002CBEBF4FF4801343FA65
:10C9C80006F6A41924EA07040025E0E7332E0BDD58
:10C9D800B6F5806F04D110EE102A0B46F3F716FC5B
:10C9E80041EC100BBDE8F081A7F213474FF0FF337D
:10C9F80023FA07F70742F3D00FA3D3E90023F3F78D
:10CA080005FC00220023F4F747F80028BFD0002CCB
:10CA180002DA142E03D1013425EA0705B7E701230A
:10CA2800C6F1340603FA06F63544454538BFE4181E
:10CA3800F2E700252C46AAE79C7500883CE4377E7F
:10CA48000000F0BFFFFF0F00F8B500BFF8BC08BC3E
:10CA58009E467047F8B500BFF8BC08BC9E467047B4
:10CA68000000000000000000010203040607080996
:10CA7800000000000102030400061016000610164C
:08CA8800EC40FF7F01000000FB
:04CA9000ED010008AC
:04CA9400C9010008CC
:10CA98000024F4001000000001010000E338DE412A
:08CAA80001010101010201027C
:0400000508001B31A3
:00000001FF
