:020000040800F2
:1000000000000220891C0008891B0008971B0008BB
:100010009D1B0008A31B0008A91B0008000000008E
:10002000000000000000000000000000AF1B0008FE
:10003000BD1B000800000000CB1B0008D91B0008F6
:10004000D91C0008D91C0008D91C0008D91C0008BC
:10005000D91C0008D91C0008D91C0008D91C0008AC
:10006000D91C0008D91C0008D91C0008E51B000891
:10007000D91C0008D91C0008D91C0008F91B00086D
:10008000D91C0008D91C0008D91C00080D1C000848
:10009000211C0008D91C0008D91C0008D91C000824
:1000A000D91C0008D91C0008D91C0008D91C00085C
:1000B000D91C0008D91C0008D91C0008D91C00084C
:1000C000D91C0008D91C0008D91C0008D91C00083C
:1000D000D91C0008351C0008491C0008D91C000860
:1000E000D91C0008D91C0008D91C0008D91C00081C
:1000F000D91C0008D91C0008D91C0008D91C00080C
:10010000D91C0008D91C0008D91C0008D91C0008FB
:10011000D91C0008D91C0008D91C0008D91C0008EB
:10012000D91C0008D91C0008D91C0008D91C0008DB
:10013000D91C00080000000000000000D91C0008C5
:10014000D91C0008D91C0008D91C0008D91C0008BB
:10015000D91C0008D91C0008D91C0008D91C0008AB
:10016000D91C0008D91C0008D91C0008D91C00089B
:10017000D91C0008D91C0008D91C00080000000088
:1001800000000000D91C0008000000000000000072
:10019000D91C00080000000000000000D91C000865
:1001A000000000000000000000000000D91C000852
:1001B000D91C0008D91C0008D91C0008D91C00084B
:0401C000D91C00083E
:1001C80010B5054C237833B9044B13B10448AFF389
:1001D80000800123237010BD1800002000000000DB
:1001E80088D8000808B5034B1BB103490348AFF38F
:1001F800008008BD000000001C00002088D800080E
:1002080081F0004102E000BF83F0004330B54FEABF
:1002180041044FEA430594EA050F08BF90EA020F2C
:100228001FBF54EA000C55EA020C7FEA645C7FEABF
:10023800655C00F0E2804FEA5454D4EB5555B8BFE2
:100248006D420CDD2C4480EA020281EA030382EA53
:10025800000083EA010180EA020281EA0303362DE5
:1002680088BF30BD11F0004F4FEA01314FF4801CB8
:100278004CEA113102D0404261EB410113F0004FCA
:100288004FEA03334CEA133302D0524263EB430381
:1002980094EA050F00F0A780A4F10104D5F1200E1F
:1002A8000DDB02FA0EFC22FA05F2801841F100017A
:1002B80003FA0EF2801843FA05F359410EE0A5F14E
:1002C80020050EF1200E012A03FA0EFC28BF4CF07F
:1002D800020C43FA05F3C01851EBE37101F0004535
:1002E80007D54FF0000EDCF1000C7EEB00006EEB42
:1002F8000101B1F5801F1BD3B1F5001F0CD34908CC
:100308005FEA30004FEA3C0C04F101044FEA445222
:1003180012F5800F80F09A80BCF1004F08BF5FEAA9
:10032800500C50F1000041EB045141EA050130BD89
:100338005FEA4C0C404141EB0101013C28BFB1F59B
:10034800801FE9D291F0000F04BF01460020B1FAE6
:1003580081F308BF2033A3F10B03B3F120020CDAB9
:100368000C3208DD02F1140CC2F10C0201FA0CF097
:1003780021FA02F10CE002F11402D8BFC2F1200CFC
:1003880001FA02F120FA0CFCDCBF41EA0C019040B2
:10039800E41AA2BF01EB0451294330BD6FEA0404FB
:1003A8001F3C1CDA0C340EDC04F11404C4F12002E6
:1003B80020FA04F001FA02F340EA030021FA04F3F8
:1003C80045EA030130BDC4F10C04C4F1200220FA4F
:1003D80002F001FA04F340EA0300294630BD21FA8D
:1003E80004F0294630BD94F0000F83F4801306BF53
:1003F80081F480110134013D4EE77FEA645C18BF47
:100408007FEA655C29D094EA050F08BF90EA020FDD
:1004180005D054EA000C04BF1946104630BD91EAD5
:10042800030F1EBF0021002030BD5FEA545C05D1D8
:100438004000494128BF41F0004130BD14F5800417
:100448003CBF01F5801130BD01F0004545F0FE418B
:1004580041F470014FF0000030BD7FEA645C1ABFC0
:10046800194610467FEA655C1CBF0B46024650EAF7
:10047800013406BF52EA033591EA030F41F4002123
:1004880030BD00BF90F0000F04BF0021704730B5A9
:100498004FF4806404F132044FF000054FF000017E
:1004A80050E700BF90F0000F04BF0021704730B53F
:1004B8004FF4806404F1320410F0004548BF404214
:1004C8004FF000013EE700BF42004FEAE2014FEA69
:1004D80031014FEA02701FBF12F07F4393F07F4F44
:1004E80081F06051704732F07F4208BF704793F047
:1004F8007F4F04BF41F40021704730B54FF460745A
:1005080001F0004521F000411CE700BF50EA01025C
:1005180008BF704730B54FF000050AE050EA010205
:1005280008BF704730B511F0004502D5404261EB75
:1005380041014FF4806404F132045FEA915C3FF4B6
:10054800D8AE4FF003025FEADC0C18BF03325FEA53
:10055800DC0C18BF033202EBDC02C2F1200300FA04
:1005680003FC20FA02F001FA03FE40EA0E0021FA29
:1005780002F11444BDE600BF70B54FF0FF0C4CF417
:10058800E06C1CEA11541DBF1CEA135594EA0C0FC9
:1005980095EA0C0F00F0DEF82C4481EA030621EA04
:1005A8004C5123EA4C5350EA013518BF52EA03353F
:1005B80041F4801143F4801338D0A0FB02CE4FF0F1
:1005C8000005E1FB02E506F00042E0FB03E54FF021
:1005D8000006E1FB03569CF0000F18BF4EF0010E19
:1005E800A4F1FF04B6F5007F64F5407404D25FEA15
:1005F8004E0E6D4146EB060642EAC62141EA5551C8
:100608004FEAC52040EA5E504FEACE2EB4F1FD0C09
:1006180088BFBCF5E06F1ED8BEF1004F08BF5FEA87
:10062800500E50F1000041EB045170BD06F0004639
:1006380046EA010140EA020081EA0301B4EB5C04E6
:10064800C2BFD4EB0C0541EA045170BD41F48011DE
:100658004FF0000E013C00F3AB8014F1360FDEBF03
:10066800002001F0004170BDC4F10004203C35DADF
:100678000C341BDC04F11404C4F1200500FA05F362
:1006880020FA04F001FA05F240EA020001F0004203
:1006980021F0004110EBD37021FA04F642EB060179
:1006A8005EEA430E08BF20EAD37070BDC4F10C04A3
:1006B800C4F1200500FA04F320FA05F001FA04F267
:1006C80040EA020001F0004110EBD37041F1000153
:1006D8005EEA430E08BF20EAD37070BDC4F120055E
:1006E80000FA05F24EEA020E20FA04F301FA05F2C6
:1006F80043EA020321FA04F001F0004121FA04F26E
:1007080020EA020000EBD3705EEA430E08BF20EA3D
:10071800D37070BD94F0000F0FD101F00046400077
:1007280041EB010111F4801F08BF013CF7D041EAF9
:10073800060195F0000F18BF704703F000465200FD
:1007480043EB030313F4801F08BF013DF7D043EACE
:100758000603704794EA0C0F0CEA135518BF95EA84
:100768000C0F0CD050EA410618BF52EA4306D1D10B
:1007780081EA030101F000414FF0000070BD50EA2A
:10078800410606BF1046194652EA430619D094EAB4
:100798000C0F02D150EA013613D195EA0C0F05D19E
:1007A80052EA03361CBF104619460AD181EA0301F2
:1007B80001F0004141F0FE4141F470014FF00000AA
:1007C80070BD41F0FE4141F4780170BD70B54FF045
:1007D800FF0C4CF4E06C1CEA11541DBF1CEA1355C5
:1007E80094EA0C0F95EA0C0F00F0A7F8A4EB0504A7
:1007F80081EA030E52EA03354FEA013100F088809E
:100808004FEA03334FF0805545EA131343EA126366
:100818004FEA022245EA111545EA10654FEA00261B
:100828000EF000419D4208BF964244F1FD0404F5D4
:10083800407402D25B084FEA3202B61A65EB030530
:100848005B084FEA32024FF480104FF4002CB6EBED
:10085800020E75EB030E22BFB61A754640EA0C006D
:100868005B084FEA3202B6EB020E75EB030E22BFAD
:10087800B61A754640EA5C005B084FEA3202B6EBEE
:10088800020E75EB030E22BFB61A754640EA9C00AD
:100898005B084FEA3202B6EB020E75EB030E22BF7D
:1008A800B61A754640EADC0055EA060E18D04FEA3B
:1008B800051545EA16754FEA06164FEAC30343EADB
:1008C80052734FEAC2025FEA1C1CC0D111F4801FA8
:1008D8000BD141EA00014FF000004FF0004CB6E7A1
:1008E80011F4801F04BF01430020B4F1FD0C88BF40
:1008F800BCF5E06F3FF6AFAEB5EB030C04BFB6EB4B
:10090800020C5FEA500C50F1000041EB045170BD3D
:100918000EF0004E4EEA113114EB5C04C2BFD4EB6A
:100928000C0541EA045170BD41F480114FF0000EEE
:10093800013C90E645EA060E8DE60CEA135594EA6A
:100948000C0F08BF95EA0C0F3FF43BAF94EA0C0F6D
:100958000AD150EA01347FF434AF95EA0C0F7FF4E2
:1009680025AF104619462CE795EA0C0F06D152EA36
:1009780003353FF4FDAE1046194622E750EA41061A
:1009880018BF52EA43067FF4C5AE50EA41047FF42B
:100998000DAF52EA43057FF4EBAE12E74FF0FF3C90
:1009A80006E000BF4FF0010C02E000BF4FF0010C61
:1009B8004DF804CD4FEA410C7FEA6C5C4FEA430CDA
:1009C80018BF7FEA6C5C1BD001B050EA410C0CBF29
:1009D80052EA430C91EA030F02BF90EA020F00208B
:1009E800704710F1000F91EA030F58BF994208BFF2
:1009F80090422CBFD8176FEAE37040F001007047AF
:100A08004FEA410C7FEA6C5C02D150EA013C07D105
:100A18004FEA430C7FEA6C5CD6D152EA033CD3D050
:100A28005DF8040B704700BF8446104662468C464A
:100A38001946634600E000BF01B5FFF7B7FF00287D
:100A480048BF10F1000F01BD4DF808EDFFF7F4FFA6
:100A58000CBF012000205DF808FB00BF4DF808ED31
:100A6800FFF7EAFF34BF012000205DF808FB00BF54
:100A78004DF808EDFFF7E0FF94BF012000205DF876
:100A880008FB00BF4DF808EDFFF7CEFF94BF01202B
:100A980000205DF808FB00BF4DF808EDFFF7C4FF24
:100AA80034BF012000205DF808FB00BF4FEA410277
:100AB80012F5001215D211D56FF47873B3EB6252A8
:100AC80012D94FEAC12343F0004343EA505311F0CF
:100AD800004F23FA02F018BF404270474FF0000061
:100AE800704750EA013005D111F0004008BF6FF09F
:100AF800004070474FF00000704700BF4A0011D215
:100B080012F5001211D20DD56FF47873B3EB62525F
:100B18000ED44FEAC12343F0004343EA505323FA6B
:100B280002F070474FF00000704750EA013002D1E0
:100B38004FF0FF3070474FF00000704753B94AB983
:100B4800002908BF00281CBF4FF0FF314FF0FF30CD
:100B580000F070B9ADF1080C6DE904CE00F006F8AC
:100B6800DDF804E0DDE9022304B070472DE9F04721
:100B7800089E0D4604460F46002B4AD18A429446E9
:100B880065D9B2FA82F343B102FA03FCC3F1200239
:100B98009F4020FA02F217439C404FEA1C4E1FFA6E
:100BA8008CF5B7FBFEF1220C0EFB117742EA0742E7
:100BB80001FB05F090420AD91CEB020201F1FF3754
:100BC80080F01C81904240F2198102396244121A65
:100BD800A4B2B2FBFEF00EFB102244EA024400FB72
:100BE80005F5A5420AD91CEB040400F1FF3280F098
:100BF8000781A54240F204816444023840EA01407A
:100C0800641B00211EB1DC400023C6E90043BDE897
:100C1800F0878B4208D9002E00F0ED800021C6E94C
:100C280000050846BDE8F087B3FA83F1002949D1E9
:100C3800AB4202D3824200F2F880841A65EB0302C9
:100C480001201746002EE2D0C6E90047DFE702B9C7
:100C5800FFDEB2FA82F3002B40F090808A1A4FEA46
:100C68001C471FFA8CFE0121B2FBF7F507FB152084
:100C7800220C42EA00420EFB05F0904208D91CEB18
:100C8800020205F1FF3802D2904200F2CB804546BD
:100C9800121AA4B2B2FBF7F007FB102244EA02448E
:100CA8000EFB00FEA64508D91CEB040400F1FF3238
:100CB80002D2A64500F2BB801046A4EB0E0440EA1F
:100CC80005409FE7C1F120078B4022FA07FC4CEA58
:100CD800030C05FA01F420FA07F3FD404FEA1C491A
:100CE8002343B5FBF9F81FFA8CFE09FB18551C0CB9
:100CF80044EA054408FB0EF5A54202FA01F200FA9F
:100D080001F00BD91CEB040408F1FF3A80F088804D
:100D1800A54240F28580A8F102086444641B9DB294
:100D2800B4FBF9F309FB134445EA044403FB0EFE44
:100D3800A64508D91CEB040403F1FF356CD2A6457F
:100D48006AD9023B644443EA0843A3FB0295A4EB37
:100D58000E04AC42C846AE4656D353D056B1B0EB9B
:100D6800080264EB0E0404FA07F7CA40CC401743A4
:100D7800C6E9007418460021BDE8F087C3F12001D8
:100D880002FA03FC20FA01F225FA01F19D402A43F8
:100D98004FEA1C471FFA8CFEB1FBF7F007FB101552
:100DA800110C41EA054100FB0EF58D4204FA03F4EB
:100DB80008D91CEB010100F1FF382FD28D422DD943
:100DC80002386144491B92B2B1FBF7F507FB1511D4
:100DD80042EA014205FB0EF1914208D91CEB0202DE
:100DE80005F1FF3816D2914214D9023D6244521AD5
:100DF80045EA004138E73146304608E73946E6E635
:100E08001046FBE64845A9D2B9EB020865EB0C0E83
:100E1800013BA3E74546EAE72B4694E74046D1E77E
:100E2800D0467BE7023D624432E708460AE764445D
:100E3800023842E7704700BF80B400AF054B5B69DA
:100E4800044A83F40043536100BFBD465DF8047B48
:100E5800704700BF0004024080B500AF034805F0AA
:100E6800A7FD034805F0A4FD00BF80BDB024002005
:100E7800A824002080B500AF4FF4FA72054906484F
:100E880009F0CFFB64220549054809F0CAFB00BFF9
:100E980080BD00BF34000020410E0008380000204B
:100EA800610E000880B500AF00F080F800F01AF875
:100EB80000F0DAF800F0AEF800F086F800F03EF83E
:100EC80000F054F805F0BEFC03461A46034B1A70AE
:100ED800034805F0BFFD00BF80BD00BF90020020A1
:100EE8007D0E000880B500AF04220121002005F026
:100EF80067FC01224FF480710E4805F0FFFB0122C8
:100F08004FF400710C4805F0F9FB01224FF4807191
:100F1800094805F0F3FB01228021074805F0EEFBA4
:100F280001224021044805F0E9FB05F0A3FC00BFBD
:100F380080BD00BF000002400008024080B500AF3D
:100F48000749084809F0B2FB064809F0C1FB054803
:100F580006F052FC044805F07DFD00BF80BD00BFCF
:100F68004C020020E82C0020F177000880B500AF83
:100F78000A490B4809F09AFB4FF40042094908480E
:100F880009F0BCFB064809F0A3FB054809F0D8F8AE
:100F9800054805F05FFD00BF80BD00BF08020020C6
:100FA800BC2400200000024029A4000880B500AF3E
:100FB80001220349034805F069FD00BF80BD00BF59
:100FC8008C3B00205435002080B582B002AF0A4B1C
:100FD800019300230093094B00220949094807F0AF
:100FE8002BF9094A0949074807F07AF9084805F032
:100FF80031FD00BFBD4680BD70000020B800002054
:10100800000100208C3B00202435002014350020EE
:101018000D83000880B584B004AF01230293002338
:101028000193202300930C4B002200210B4809F068
:10103800FDF9012302930123019310230093064B2A
:1010480001220021064809F0F1F9064805F002FDE1
:1010580000BFBD4680BD00BF000802401435002017
:1010680024350020D9A4000880B500AF044805F055
:1010780055FC0349034805F089FC00BF80BD00BF4B
:101088003C0000209402002080B582B000AF00230D
:10109800FB7000F01FFE00F05FF800F099FA00F016
:1010A8006FFA00F0CDF800F067F900F0BDF900F034
:1010B8003DFA00F015F900F00FFA00F0F7F82348B0
:1010C80002F02DFC01224FF4804121480AF010FC67
:1010D80001224FF400511E480AF018FFFFF7E2FE04
:1010E80005F0B0FB0346012118460AF0D3FB194866
:1010F8000AF09AFB05F002FF05F0E8F9786809F0B4
:1011080070FA0346B3F5FA7F16D3FB78002B04D1A7
:1011180006F026F90123FB700BE0FB78012B04D1C4
:1011280006F0F8F90223FB7003E006F0A3F90023A8
:10113800FB7009F06FFA786005F06CFC0AF02AFE83
:101148000BF0D4F8014802F0EAFBD7E7640000206E
:10115800000402403C00002080B594B000AF07F1C5
:101168001C033422002118460CF0D0FA07F10803BA
:1011780000221A605A609A60DA601A6100237B6064
:101188002D4B1B6C2C4A43F0805313642A4B1B6C69
:1011980003F080537B607B6800233B60274B1B6810
:1011A800264A43F440431360244B1B6803F440432E
:1011B8003B603B680923FB614FF480333B620123AA
:1011C8003B6302237B634FF48003BB630423FB630D
:1011D800B4233B6402237B640223BB640223FB64C5
:1011E80007F11C03184602F045FF0346002B01D007
:1011F80000F08EFA02F0A4FB0346002B01D000F0A9
:1012080087FA0F23BB600223FB6000233B614FF486
:10121800A0537B614FF48053BB6107F1080305219C
:10122800184602F0DDFB0346002B01D000F070FAEF
:1012380000BF5037BD4680BD0038024000700040F6
:1012480080B500AF174B184A1A60164B05225A6032
:10125800144B00229A60134B0022DA60114B4FF4B2
:1012680080221A610F4B4FF400125A610D4B002275
:101278001A760C4B01225A760A4B00229A76094BB1
:101288000022DA76074B00221A77064B00225A779B
:10129800044800F091FD0346002B01D000F038FA15
:1012A80000BF80BD3C0000200064004080B500AF56
:1012B800094B0A4A1A60084B00225A60064B40F64E
:1012C800FF729A60044802F0E8FA0346002B01D046
:1012D80000F01EFA00BF80BD64000020003000400E
:1012E80080B586B000AF07F1080300221A605A6083
:1012F8009A60DA603B4600221A605A601D4B4FF034
:1013080080421A601B4B00225A601A4B00229A60D6
:10131800184B0022DA60174B00221A61154B002285
:101328009A61144803F044F90346002B01D000F0F9
:10133800EFF94FF48053BB6007F1080319460D48D5
:1013480003F01CFD0346002B01D000F0E1F9002357
:101358003B6000237B603B461946064804F0C8F909
:101368000346002B01D000F0D3F900BF1837BD4663
:1013780080BD00BF7000002080B58AB000AF07F1C3
:10138800200300221A605A603B1D00221A605A602E
:101398009A60DA601A615A619A61214B214A1A608F
:1013A8001F4B00225A601E4B00229A601C4BB3222E
:1013B800DA601B4B00221A61194B00229A61184807
:1013C80003F045F90346002B01D000F0A1F90023F2
:1013D8003B6200237B6207F120031946104804F0A2
:1013E80087F90346002B01D000F092F970237B6047
:1013F8000023BB600023FB6000237B613B1D0022B0
:101408001946074803F0FCFB0346002B01D000F007
:101418007FF9034800F0C8FA00BF2837BD4680BDF1
:10142800B80000200004004080B58AB000AF07F182
:10143800200300221A605A603B1D00221A605A607D
:101448009A60DA601A615A619A61214B214A1A60DE
:101458001F4B00225A601E4B00229A601C4BB3227D
:10146800DA601B4B00221A61194B00229A61184856
:1014780003F0EDF80346002B01D000F049F90023F2
:101488003B6200237B6207F120031946104804F0F1
:101498002FF90346002B01D000F03AF970237B6046
:1014A8000023BB600023FB6000237B613B1D0022FF
:1014B8001946074803F0A4FB0346002B01D000F0AF
:1014C80027F9034800F070FA00BF2837BD4680BDF1
:1014D800000100200008004080B500AF114B124AFF
:1014E8001A60104B4FF4E1325A600E4B00229A609A
:1014F8000C4B0022DA600B4B00221A61094B0C22BC
:101508005A61084B00229A61064B0022DA610548AD
:1015180004F06AF90346002B01D000F0F9F800BF87
:1015280080BD00BF080200200010014080B500AF58
:10153800114B124A1A60104B4FF416525A600E4B58
:1015480000229A600C4B0022DA600B4B00221A61D1
:10155800094B0C225A61084B00229A61064B002263
:10156800DA61054804F040F90346002B01D000F089
:10157800CFF800BF80BD00BF4C02002000440040EF
:1015880080B582B000AF00237B60104B1B6B0F4A05
:1015980043F4001313630D4B1B6B03F400137B60C0
:1015A8007B68002200210B2001F079FB0B2001F061
:1015B80092FB002200210F2001F071FB0F2001F0A7
:1015C8008AFB00BF0837BD4680BD00BF0038024017
:1015D80080B58AB000AF07F1140300221A605A6080
:1015E8009A60DA601A6100233B61454B1B6B444AE1
:1015F80043F080031363424B1B6B03F080033B6192
:101608003B690023FB603E4B1B6B3D4A43F00103E3
:1016180013633B4B1B6B03F00103FB60FB68002368
:10162800BB60374B1B6B364A43F004031363344BE0
:101638001B6B03F00403BB60BB6800237B60304B6B
:101648001B6B2F4A43F0020313632D4B1B6B03F0F4
:1016580002037B607B6801224FF46041294802F055
:1016680003F900224FF40041274802F0FDF84FF437
:101678007C737B610023BB610023FB6107F11403CA
:101688001946224801F044FF03237B610023BB6114
:101698000023FB6107F1140319461A4801F038FFCB
:1016A8004FF460437B610123BB610023FB6100238E
:1016B8003B6207F114031946124801F029FF4FF461
:1016C80080737B610023BB610023FB6107F1140376
:1016D80019460D4801F01CFF4FF400437B610123BC
:1016E800BB610023FB6103233B6207F11403194626
:1016F800054801F00DFF00BF2837BD4680BD00BF7B
:101708000038024000040240000002400008024085
:1017180080B400AF00BFBD465DF8047B7047000091
:1017280080B483B000AF00237B60104B5B6C0F4A22
:1017380043F4804353640D4B5B6C03F480437B603C
:101748007B6800233B60094B1B6C084A43F08053BD
:101758001364064B1B6C03F080533B603B6800BF6F
:101768000C37BD465DF8047B704700BF0038024067
:1017780080B58AB000AF786007F1140300221A60C0
:101788005A609A60DA601A617B681B68214A934242
:101798003CD100233B61204B1B6C1F4A43F0007374
:1017A80013641D4B1B6C03F000733B613B69002302
:1017B800FB60194B1B6B184A43F001031363164B6C
:1017C8001B6B03F00103FB60FB684FF4C0537B61A4
:1017D8000223BB610023FB6103233B6209237B6275
:1017E80007F1140319460D4801F092FE0022032167
:1017F800132001F054FA132001F06DFA002202219F
:10180800142001F04CFA142001F065FA00BF2837C3
:10181800BD4680BD00640040003802400000024020
:1018280080B485B000AF78607B681B68B3F1804FE7
:101838000DD10023FB60094B1B6C084A43F00103E0
:101848001364064B1B6C03F00103FB60FB6800BFCD
:101858001437BD465DF8047B704700BF003802406E
:1018680080B584B000AF78607B681B68474A9342B4
:1018780044D10023FB60464B1B6C454A43F00203EE
:101888001364434B1B6C03F00203FB60FB68414B82
:10189800414A1A603F4B4FF020625A603D4B40224C
:1018A8009A603C4B0022DA603A4B4FF480621A612E
:1018B800384B4FF400625A61364B4FF400529A612C
:1018C800344B0022DA61334B00221A62314B00227A
:1018D8005A62304801F01AFA0346002B01D0FFF78C
:1018E80017FF7B682B4A5A622A4A7B6893637B6896
:1018F800284A9A63274A7B68936342E07B681B689F
:10190800264A93423DD10023BB60214B1B6C204AE1
:1019180043F0040313641E4B1B6C03F00403BB6009
:10192800BB681F4B1F4A1A601D4B4FF080625A60FC
:101938001B4B40229A601A4B0022DA60184B4FF476
:1019480080621A61164B4FF400625A61144B4FF4CF
:1019580000529A61124B0022DA61114B00221A627E
:101968000F4B00225A620E4801F0D0F90346002BB3
:1019780001D0FFF7CDFE7B68094A5A62084A7B68A6
:10198800936300BF1037BD4680BD00BF0004004010
:101998000038024048010020706002400008004002
:1019A800A80100201060024080B58AB000AF7860BE
:1019B80007F1140300221A605A609A60DA601A610B
:1019C8007B681B68244A93421ED100233B61234B4A
:1019D8001B6B224A43F002031363204B1B6B03F07B
:1019E80002033B613B6910237B610223BB61022335
:1019F800FB6100233B6202237B6207F11403194653
:101A0800174801F085FD22E07B681B68154A934260
:101A18001DD10023FB60114B1B6B104A43F00203DE
:101A280013630E4B1B6B03F00203FB60FB68402340
:101A38007B610223BB610223FB6100233B6202231B
:101A48007B6207F114031946054801F061FD00BFE8
:101A58002837BD4680BD00BF000400400038024062
:101A6800000402400008004080B58CB000AF7860E8
:101A780007F11C0300221A605A609A60DA601A6142
:101A88007B681B683A4A934235D10023BB61394BC6
:101A98005B6C384A43F010035364364B5B6C03F0BD
:101AA8001003BB61BB6900237B61324B1B6B314A5E
:101AB80043F0010313632F4B1B6B03F001037B619E
:101AC8007B694FF4C063FB6102233B6200237B62A6
:101AD8000323BB620723FB6207F11C031946264850
:101AE80001F016FD00220021252001F0D8F825205C
:101AF80001F0F1F838E07B681B68204A934233D143
:101B080000233B611B4B1B6C1A4A43F400331364DC
:101B1800184B1B6C03F400333B613B690023FB60EB
:101B2800144B1B6B134A43F001031363114B1B6BDC
:101B380003F00103FB60FB680C23FB6102233B629B
:101B480000237B620323BB620723FB6207F11C03AC
:101B58001946094801F0DCFC00220421262001F086
:101B68009EF8262001F0B7F800BF3037BD4680BD8B
:101B780000100140003802400000024000440040CC
:101B880080B400AF00BFBD465DF8047B704780B4E9
:101B980000AFFEE780B400AFFEE780B400AFFEE719
:101BA80080B400AFFEE780B400AF00BFBD465DF86B
:101BB800047B704780B400AF00BFBD465DF8047B6E
:101BC800704780B400AF00BFBD465DF8047B704726
:101BD80080B500AF00F0D0F800BF80BD80B500AF81
:101BE800024801F02BFA00BF80BD00BFA801002009
:101BF80080B500AF024801F021FA00BF80BD00BFE8
:101C08004801002080B500AF024800F03DFD00BF4C
:101C180080BD00BF3C00002080B500AF024800F046
:101C280033FD00BF80BD00BF3C00002080B500AF81
:101C3800024803F09BFE00BF80BD00BF08020020E1
:101C480080B500AF024803F091FE00BF80BD00BF21
:101C58004C02002080B400AF084BD3F88830074A04
:101C680043F47003C2F88830044B4FF000629A6066
:101C780000BFBD465DF8047B704700BF00ED00E083
:101C8800DFF834D0002103E00C4B5B58435004319B
:101C98000B480C4B42189A42F6D30B4A02E0002339
:101CA80042F8043B094B9A42F9D3FFF7D3FF0BF0F4
:101CB80035FDFFF7E9F9704700000220D0DA000887
:101CC800000000201800002018000020EC1001205F
:101CD800FEE7000080B500AF0E4B1B680D4A43F4C9
:101CE800007313600B4B1B680A4A43F4806313604C
:101CF800084B1B68074A43F480731360032000F005
:101D0800C3FF002000F008F8FFF70AFD002318467B
:101D180080BD00BF003C024080B582B000AF786053
:101D2800124B1A68124B1B7819464FF47A73B3FB9F
:101D3800F1F3B2FBF3F3184600F0DBFF0346002B88
:101D480001D001230EE07B680F2B0AD800227968A6
:101D58004FF0FF3000F0A3FF064A7B6813600023B2
:101D680000E0012318460837BD4680BD000000206A
:101D7800080000200400002080B400AF064B1B7848
:101D88001A46064B1B681344044A136000BFBD463D
:101D98005DF8047B704700BF08000020C4350020B0
:101DA80080B400AF034B1B681846BD465DF8047B42
:101DB800704700BFC435002080B584B000AF78609C
:101DC8007B68002B01D10123EDE07B6893F820307C
:101DD800DBB2002B02D17868FFF7CAFC7B681B686E
:101DE8001A687B681B6822F002021A60FFF7D8FFA6
:101DF800F86012E0FFF7D4FF0246FB68D31A0A2BFB
:101E08000BD97B685B6A43F400327B685A627B6853
:101E1800052283F820200123C5E07B681B685B68E6
:101E280003F00203002BE5D17B681B681A687B6806
:101E38001B6842F001021A60FFF7B2FFF86012E077
:101E4800FFF7AEFF0246FB68D31A0A2B0BD97B6853
:101E58005B6A43F400327B685A627B68052283F828
:101E6800202001239FE07B681B685B6803F0010367
:101E7800002BE5D07B681B7E012B08D17B681B6893
:101E88001A687B681B6842F080021A6007E07B686A
:101E98001B681A687B681B6822F080021A607B68DE
:101EA8005B7E012B08D17B681B681A687B681B68FE
:101EB80042F040021A6007E07B681B681A687B687A
:101EC8001B6822F040021A607B689B7E012B08D1B8
:101ED8007B681B681A687B681B6842F020021A60DE
:101EE80007E07B681B681A687B681B6822F0200281
:101EF8001A607B68DB7E012B08D17B681B681A6837
:101F08007B681B6822F010021A6007E07B681B6878
:101F18001A687B681B6842F010021A607B681B7F96
:101F2800012B08D17B681B681A687B681B6842F024
:101F380008021A6007E07B681B681A687B681B68E0
:101F480022F008021A607B685B7F012B08D17B684E
:101F58001B681A687B681B6842F004021A6007E075
:101F68007B681B681A687B681B6822F004021A6089
:101F78007B689A687B68DB681A437B681B691A432D
:101F88007B685B6942EA03017B685B685A1E7B6871
:101F98001B680A43DA617B6800225A627B68012267
:101FA80083F82020002318461037BD4680BD000066
:101FB80080B487B000AF786039607B681B687B614C
:101FC8007B6893F82030FB74FB7C012B03D0FB7CEF
:101FD800022B40F0BE80654B7B617B69D3F80032F1
:101FE80043F001027B69C3F800227B69D3F8003211
:101FF80023F47C527B69C3F800227B69D3F8002262
:102008003B685B6A1B021A437B69C3F800223B6882
:102018005B6903F01F03012202FA03F3FB607B698B
:10202800D3F81C22FB68DB431A407B69C3F81C22E7
:102038003B68DB69002B23D17B69D3F80C22FB6852
:10204800DB431A407B69C3F80C223B68DB68190440
:102058003B685B689BB23A68526919437B694832AE
:1020680043F832103B689B6819043B681B689AB2B6
:102078003B685B690A4379694833DB000B445A6063
:102088003B68DB69012B22D17B69D3F80C22FB6802
:102098001A437B69C3F80C223B681B6819043B6828
:1020A8005B689BB23A68526919437B69483243F8C6
:1020B80032103B689B6819043B68DB689AB23B683E
:1020C8005B690A4379694833DB000B445A603B6813
:1020D8009B69002B09D17B69D3F80422FB68DB4399
:1020E8001A407B69C3F8042207E07B69D3F804220D
:1020F800FB681A437B69C3F804223B681B69002B01
:1021080009D17B69D3F81422FB68DB431A407B6949
:10211800C3F8142207E07B69D3F81422FB681A433A
:102128007B69C3F814223B681B6A012B07D17B69C2
:10213800D3F81C22FB681A437B69C3F81C227B690D
:10214800D3F8003223F001027B69C3F80022002390
:1021580006E07B685B6A43F480227B685A6201234D
:1021680018461C37BD465DF8047B70470064004084
:1021780080B584B000AF78607B6893F82030DBB21C
:10218800012B2ED17B68022283F820207B681B68F4
:102198001A687B681B6822F001021A60FFF700FECC
:1021A800F86012E0FFF7FCFD0246FB68D31A0A2B21
:1021B8000BD97B685B6A43F400327B685A627B68A0
:1021C800052283F82020012312E07B681B685B68E6
:1021D80003F00103002BE5D17B6800225A6200233B
:1021E80006E07B685B6A43F400227B685A6201233D
:1021F80018461037BD4680BD80B489B000AFF8607E
:10220800B9607A603B60FB6893F82030FB77FB6825
:102218001B689B68BB61FB7F012B03D0FB7F022BF4
:1022280040F0B880BB6903F08063002B0AD1BB691A
:1022380003F00063002B05D1BB6903F08053002B2A
:1022480000F0A080BB691B0E03F003037B617B6970
:10225800022B07D9FB685B6A43F40002FB685A62E9
:1022680001239EE001227B699A403B681A60BB68A3
:102278009B68002B0DD1BB681B685A05BB68DB68DF
:10228800F96809681A437B6918331B010B441A6003
:102298000FE0BB685B68DA00BB689B681A43BB68E1
:1022A800DB68F96809681A437B6918331B010B441A
:1022B8001A60FB681968BB681A697B6918331B01C7
:1022C8000B4404331A60BB681B7D012B11D1FB68DA
:1022D8001A687B6918331B01134404331B68FA68B6
:1022E800116843F480727B6918331B010B44043373
:1022F8001A607B6807331B781A067B6806331B78DD
:102308001B041A437B6805331B781B0213437A6846
:10231800043212781046FA68116843EA00027B69B1
:102328001B010B4403F5C6731A607B6803331B78E3
:102338001A067B6802331B781B041A437B68013337
:102348001B781B0213437A6812781046FA681168E2
:1023580043EA00027B691B010B4403F5C4731A604E
:10236800FB681A687B6918331B0113441B68FA68F9
:10237800116843F001027B6918331B010B441A6092
:1023880000230EE0FB685B6A43F40012FB685A62A4
:10239800012306E0FB685B6A43F48022FB685A620B
:1023A800012318462437BD465DF8047B704780B486
:1023B80085B000AF78600023FB607B6893F820301D
:1023C800FB72FB7A012B02D0FB7A022B1DD17B68B2
:1023D8001B689B6803F08063002B02D0FB68013305
:1023E800FB607B681B689B6803F00063002B02D0CE
:1023F800FB680133FB607B681B689B6803F08053B4
:10240800002B02D0FB680133FB60FB6818461437C9
:10241800BD465DF8047B704780B487B000AFF860B4
:10242800B9607A603B60FB6893F82030FB75FB7DF0
:10243800012B03D0FB7D022B40F0F380BB68002BFF
:102448000ED1FB681B68DB6803F00303002B16D171
:10245800FB685B6A43F40012FB685A620123E7E0F9
:10246800FB681B681B6903F00303002B07D1FB689B
:102478005B6A43F40012FB685A620123D8E0FB68E8
:102488001A68BB681B331B0113441B6803F0040262
:102498007B689A607B689B68002B0CD1FB681A6884
:1024A800BB681B331B0113441B685B0DC3F30A0293
:1024B8007B681A600BE0FB681A68BB681B331B015A
:1024C80013441B68DB0823F060427B685A60FB6892
:1024D8001A68BB681B331B0113441B6803F0020214
:1024E8007B68DA60FB681A68BB681B331B011344FE
:1024F80004331B6803F00F027B681A61FB681A68D3
:10250800BB681B331B01134404331B681B0ADAB274
:102518007B689A61FB681A68BB681B331B0113440C
:1025280004331B681B0C9AB27B685A61FB681A68F3
:10253800BB681B01134403F5DC731B68DAB23B6804
:102548001A70FB681A68BB681B01134403F5DC7337
:102558001B681A0A3B680133D2B21A70FB681A6802
:10256800BB681B01134403F5DC731B681A0C3B683A
:102578000233D2B21A70FB681A68BB681B01134495
:1025880003F5DC731B681A0E3B680333D2B21A706A
:10259800FB681A68BB681B01134403F5DE731A68ED
:1025A8003B680433D2B21A70FB681A68BB681B0117
:1025B800134403F5DE731B681A0A3B680533D2B26D
:1025C8001A70FB681A68BB681B01134403F5DE73B5
:1025D8001B681A0C3B680633D2B21A70FB681A687B
:1025E800BB681B01134403F5DE731B681A0E3B68B6
:1025F8000733D2B21A70BB68002B08D1FB681B687E
:10260800DA68FB681B6842F02002DA6007E0FB68C2
:102618001B681A69FB681B6842F020021A610023D4
:1026280006E0FB685B6A43F48022FB685A62012378
:1026380018461C37BD465DF8047B704780B485B0EA
:1026480000AF786039607B6893F82030FB73FB7BC0
:10265800012B02D0FB7B022B09D17B681B685969CF
:102668007B681B683A680A435A61002306E07B6866
:102678005B6A43F480227B685A6201231846143748
:10268800BD465DF8047B704780B58AB000AF7860BE
:1026980000237B627B681B685B693B627B681B6805
:1026A8005B68FB617B681B689B68BB617B681B6818
:1026B800DB687B617B681B681B693B617B681B6807
:1026C8009B69FB603B6A03F00103002B7CD0BB696C
:1026D80003F00103002B23D07B681B6801229A605A
:1026E800BB6903F00203002B03D0786800F083F97C
:1026F80016E0BB6903F00403002B04D07B6A43F4A3
:1027080000637B620CE0BB6903F00803002B04D074
:102718007B6A43F480537B6202E0786800F089F9B1
:10272800BB6903F48073002B24D07B681B684FF4CB
:1027380080729A60BB6903F40073002B03D0786839
:1027480000F063F916E0BB6903F48063002B04D042
:102758007B6A43F400537B620CE0BB6903F40063BB
:10276800002B04D07B6A43F480437B6202E07868E4
:1027780000F069F9BB6903F48033002B24D07B682F
:102788001B684FF480329A60BB6903F40033002B56
:1027980003D0786800F043F916E0BB6903F480239E
:1027A800002B04D07B6A43F400437B620CE0BB69D6
:1027B80003F40023002B04D07B6A43F480337B624C
:1027C80002E0786800F049F93B6A03F00803002B3F
:1027D8000CD07B6903F01003002B07D07B6A43F40D
:1027E80000737B627B681B681022DA603B6A03F027
:1027F8000403002B0BD07B6903F00803002B06D0E1
:102808007B681B680822DA60786800F030F93B6A58
:1028180003F00203002B09D07B681B68DB6803F018
:102828000303002B02D0786809F028FA3B6A03F00A
:102838004003002B0CD03B6903F01003002B07D09A
:102848007B6A43F480637B627B681B6810221A6191
:102858003B6A03F02003002B0BD03B6903F008030D
:10286800002B06D07B681B6808221A61786800F084
:1028780012F93B6A03F01003002B09D07B681B6830
:102888001B6903F00303002B02D0786800F0F9F805
:102898003B6A03F40033002B0BD0FB6903F01003F1
:1028A800002B06D07B681B6810225A60786800F0FD
:1028B800FCF83B6A03F48033002B0BD0FB6903F070
:1028C8000803002B06D07B681B6808225A607868CA
:1028D80000F0F5F83B6A03F40043002B7BD0FB695A
:1028E80003F00403002B72D03B6A03F48073002BBF
:1028F80008D0FB6803F00103002B03D07B6A43F088
:1029080001037B623B6A03F40073002B08D0FB6869
:1029180003F00203002B03D07B6A43F002037B62BF
:102928003B6A03F48063002B08D0FB6803F00403C0
:10293800002B03D07B6A43F004037B623B6A03F4F9
:102948000063002B43D0FB6803F07003002B3ED0DC
:10295800FB6803F07003602B2BD0602B2ED8502B14
:1029680022D0502B2AD8402B19D0402B26D8302BD8
:1029780010D0302B22D8102B02D0202B05D01DE0F0
:102988007B6A43F008037B6219E07B6A43F010031B
:102998007B6214E07B6A43F020037B620FE07B6A72
:1029A80043F040037B620AE07B6A43F080037B626A
:1029B80005E07B6A43F480737B6200E000BF7B68BC
:1029C8001B689A697B681B6822F070029A617B68B1
:1029D8001B6804225A607B6A002B08D07B685A6AFD
:1029E8007B6A1A437B685A62786800F072F800BF05
:1029F8002837BD4680BD80B483B000AF786000BF83
:102A08000C37BD465DF8047B704780B483B000AFD7
:102A1800786000BF0C37BD465DF8047B704780B412
:102A280083B000AF786000BF0C37BD465DF8047B0B
:102A3800704780B483B000AF786000BF0C37BD46E4
:102A48005DF8047B704780B483B000AF786000BF46
:102A58000C37BD465DF8047B704780B483B000AF87
:102A6800786000BF0C37BD465DF8047B704780B4C2
:102A780083B000AF786000BF0C37BD465DF8047BBB
:102A8800704780B483B000AF786000BF0C37BD4694
:102A98005DF8047B704780B483B000AF786000BFF6
:102AA8000C37BD465DF8047B704780B483B000AF37
:102AB800786000BF0C37BD465DF8047B704780B472
:102AC80083B000AF786000BF0C37BD465DF8047B6B
:102AD800704780B483B000AF786000BF0C37BD4644
:102AE8005DF8047B7047000080B485B000AF786063
:102AF8007B6803F00703FB600C4BDB68BB60BA68BC
:102B08004FF6FF031340BB60FB681A02BB68134310
:102B180043F0BF6343F40033BB60044ABB68D3602F
:102B280000BF1437BD465DF8047B704700ED00E038
:102B380080B400AF044BDB681B0A03F00703184698
:102B4800BD465DF8047B704700ED00E080B483B0BB
:102B580000AF0346FB7197F90730002B0BDBFB79BD
:102B680003F01F02074997F907305B09012000FAB3
:102B780002F241F8232000BF0C37BD465DF8047B04
:102B8800704700BF00E100E080B483B000AF0346A7
:102B98003960FB7197F90730002B0ADB3B68DAB222
:102BA8000C4997F907301201D2B20B4483F800237D
:102BB8000AE03B68DAB20849FB7903F00F03043BEB
:102BC8001201D2B20B441A7600BF0C37BD465DF82D
:102BD800047B704700E100E000ED00E080B489B0BC
:102BE80000AFF860B9607A60FB6803F00703FB6127
:102BF800FB69C3F10703042B28BF0423BB61FB69EE
:102C08000433062B02D9FB69033B00E000237B61F8
:102C18004FF0FF32BB6902FA03F3DA43BB681A408C
:102C28007B699A404FF0FF317B6901FA03F3D9437E
:102C38007B680B40134318462437BD465DF8047B78
:102C48007047000080B582B000AF78607B68013BB8
:102C5800B3F1807F01D301230FE00A4A7B68013B6F
:102C680053600F214FF0FF30FFF78EFF054B002216
:102C78009A60044B07221A60002318460837BD469D
:102C880080BD00BF10E000E080B582B000AF786082
:102C98007868FFF729FF00BF0837BD4680BD80B5BB
:102CA80086B000AF0346B9607A60FB7300237B618E
:102CB800FFF73EFF78617A68B9687869FFF78EFF99
:102CC800024697F90F3011461846FFF75DFF00BF1F
:102CD8001837BD4680BD80B582B000AF0346FB7192
:102CE80097F907301846FFF731FF00BF0837BD4690
:102CF80080BD80B582B000AF78607868FFF7A2FF2A
:102D0800034618460837BD4680BD000080B586B02A
:102D180000AF786000237B61FFF742F838617B6879
:102D2800002B01D1012399E07B68002283F834202D
:102D38007B68022283F835207B681B681A687B68E9
:102D48001B6822F001021A600FE0FFF729F802461B
:102D58003B69D31A052B08D97B6820225A657B6802
:102D6800032283F83520032378E07B681B681B68FF
:102D780003F00103002BE8D17B681B681B687B61AB
:102D88007A69384B13407B617B685A687B689B681B
:102D98001A437B68DB681A437B681B691A437B68A4
:102DA8005B691A437B689B691A437B68DB691A4332
:102DB8007B681B6A13437A6913437B617B685B6A90
:102DC800042B07D17B68DA6A7B681B6B13437A692B
:102DD80013437B617B681B687A691A607B681B6890
:102DE8005B697B617B6923F007037B617B685B6AB6
:102DF8007A6913437B617B685B6A042B17D17B6814
:102E08009B6A7A6913437B617B68DB6A002B0ED06F
:102E1800786800F001FB0346002B08D07B6840224D
:102E28005A657B68012283F83520012316E07B6808
:102E38001B687A695A61786800F0B8FA0346FB6043
:102E48007B68DB6D3F229A40FB689A607B680022B2
:102E58005A657B68012283F8352000231846183705
:102E6800BD4680BD3F8010F080B586B000AFF860E9
:102E7800B9607A603B600023FB75FB689B6D3B6122
:102E8800FB6893F83430012B01D1022340E0FB6842
:102E9800012283F83420FB6893F83530DBB2012B2C
:102EA8002FD1FB68022283F83520FB6800225A657F
:102EB8003B687A68B968F86800F04AFAFB68DB6D25
:102EC8003F229A403B699A60FB681B681A68FB6856
:102ED8001B6842F016021A60FB681B6C002B07D0B7
:102EE800FB681B681A68FB681B6842F008021A60D6
:102EF800FB681B681A68FB681B6842F001021A60CD
:102F080005E0FB68002283F834200223FB75FB7D73
:102F180018461837BD4680BD80B584B000AF7860CC
:102F28007B689B6DFB60FEF73BFFB8607B6893F89E
:102F38003530DBB2022B08D07B6880225A657B686B
:102F4800002283F83420012352E07B681B681A684A
:102F58007B681B6822F016021A607B681B685A6936
:102F68007B681B6822F080025A617B681B6C002B0F
:102F780003D17B689B6C002B07D07B681B681A68A1
:102F88007B681B6822F008021A607B681B681A6855
:102F98007B681B6822F001021A6013E0FEF700FF4D
:102FA8000246BB68D31A052B0CD97B6820225A65C8
:102FB8007B68002283F834207B68032283F835205D
:102FC800032315E07B681B681B6803F00103002BD3
:102FD800E4D17B68DB6D3F229A40FB689A607B688E
:102FE800002283F834207B68012283F835200023EF
:102FF80018461037BD4680BD80B483B000AF7860F6
:103008007B6893F83530DBB2022B04D07B688022D2
:103018005A6501230CE07B68052283F835207B681C
:103028001B681A687B681B6822F001021A6000237B
:1030380018460C37BD465DF8047B704780B586B0EE
:1030480000AF78600023BB608E4B1B688E4AA2FBE2
:1030580003239B0A7B617B689B6D3B613B691B6813
:10306800FB607B68DB6D08229A40FB681340002BED
:103078001AD07B681B681B6803F00403002B13D06D
:103088007B681B681A687B681B6822F004021A6058
:103098007B68DB6D08229A403B699A607B685B6DB0
:1030A80043F001027B685A657B68DB6D01229A4018
:1030B800FB681340002B12D07B681B685B6903F028
:1030C8008003002B0BD07B68DB6D01229A403B69A3
:1030D8009A607B685B6D43F002027B685A657B6887
:1030E800DB6D04229A40FB681340002B12D07B68EA
:1030F8001B681B6803F00203002B0BD07B68DB6D99
:1031080004229A403B699A607B685B6D43F0040235
:103118007B685A657B68DB6D10229A40FB68134018
:10312800002B43D07B681B681B6803F00803002B47
:103138003CD07B68DB6D10229A403B699A607B68C3
:103148001B681B6803F48023002B18D07B681B685E
:103158001B6803F40023002B08D17B681B6C002B31
:1031680024D07B681B6C786898471FE07B689B6C51
:10317800002B1BD07B689B6C7868984716E07B68AF
:103188001B681B6803F48073002B07D17B681B68DE
:103198001A687B681B6822F008021A607B681B6C3F
:1031A800002B03D07B681B6C786898477B68DB6DC5
:1031B80020229A40FB681340002B00F08F807B6828
:1031C8001B681B6803F01003002B00F087807B68E6
:1031D800DB6D20229A403B699A607B6893F8353012
:1031E800DBB2052B36D17B681B681A687B681B68C5
:1031F80022F016021A607B681B685A697B681B6894
:1032080022F080025A617B681B6C002B03D17B681B
:103218009B6C002B07D07B681B681A687B681B684F
:1032280022F008021A607B68DB6D3F229A403B69F6
:103238009A607B68002283F834207B68012283F837
:1032480035207B681B6D002B7ED07B681B6D7868F2
:10325800984779E07B681B681B6803F48023002B80
:103268001DD07B681B681B6803F40023002B0DD15D
:103278007B685B6C002B31D07B685B6C7868984707
:103288002CE000BF00000020B5814E1B7B68DB6B83
:10329800002B23D07B68DB6B786898471EE07B683F
:1032A8001B681B6803F48073002B0FD17B681B68B5
:1032B8001A687B681B6822F010021A607B6800227B
:1032C80083F834207B68012283F835207B68DB6B28
:1032D800002B03D07B68DB6B786898477B685B6D55
:1032E800002B32D07B685B6D03F00103002B22D0EA
:1032F8007B68052283F835207B681B681A687B6821
:103308001B6822F001021A60BB680133BB607A694E
:103318009A4207D37B681B681B6803F00103002BE4
:10332800F2D100E000BF7B68002283F834207B687C
:10333800012283F835207B68DB6C002B05D07B6885
:10334800DB6C7868984700E000BF1837BD4680BD41
:1033580080B485B000AFF860B9607A603B60FB6804
:103368001B681A68FB681B6822F480221A60FB68D5
:103378001B683A685A60FB689B68402B08D1FB6859
:103388001B687A689A60FB681B68BA68DA6007E0AD
:10339800FB681B68BA689A60FB681B687A68DA6021
:1033A80000BF1437BD465DF8047B704780B485B014
:1033B80000AF78607B681B68DBB2103B144AA2FB45
:1033C80003231B09FB60134AFB6813441B781A4646
:1033D8007B68DA65FB68032B09D97B681B6823F4D3
:1033E8007F7323F003031A1D7B689A6507E07B68E7
:1033F8001B6823F47F7323F003037A6893657B6863
:103408009B6D18461437BD465DF8047B704700BFB6
:10341800ABAAAAAAB8D8000880B485B000AF786073
:103428000023FB737B689B6ABB607B689B69002BEE
:103438001FD1BB68032B56D801A252F823F000BF56
:10344800593400086B34000859340008EF34000878
:103458007B68DB6A03F08073002B46D00123FB7383
:1034680043E07B68DB6AB3F1C07F40D10123FB7383
:103478003DE07B689B69B3F5005F21D1BB68032BF6
:1034880037D801A252F823F0A1340008A734000865
:10349800A1340008B93400080123FB7330E07B68CD
:1034A800DB6A03F08073002B25D00123FB7322E035
:1034B8007B68DB6AB3F1C07F1FD10123FB731CE07B
:1034C800BB68022B03D9BB68032B03D018E0012388
:1034D800FB7315E07B68DB6A03F08073002B0ED06A
:1034E8000123FB730BE000BF0AE000BF08E000BF48
:1034F80006E000BF04E000BF02E000BF00E000BF3C
:10350800FB7B18461437BD465DF8047B704700BF47
:1035180080B489B000AF7860396000237B610023F4
:103528003B610023BB610023FB6165E10122FB696C
:1035380002FA03F37B613B681B687A6913403B61BD
:103548003A697B699A4240F054813B685B6803F0B2
:103558000303012B05D03B685B6803F00303022BD0
:1035680030D17B689B68BB61FB695B00032202FA70
:1035780003F3DB43BA691340BB613B68DA68FB6954
:103588005B0002FA03F3BA691343BB617B68BA694B
:103598009A607B685B68BB610122FB6902FA03F3EE
:1035A800DB43BA691340BB613B685B681B0903F0E6
:1035B8000102FB6902FA03F3BA691343BB617B6832
:1035C800BA695A603B685B6803F00303032B17D0A2
:1035D8007B68DB68BB61FB695B00032202FA03F3CB
:1035E800DB43BA691340BB613B689A68FB695B00BF
:1035F80002FA03F3BA691343BB617B68BA69DA60FC
:103608003B685B6803F00303022B23D1FB69DA08EC
:103618007B68083253F82230BB61FB6903F007036B
:103628009B000F2202FA03F3DB43BA691340BB6124
:103638003B681A69FB6903F007039B0002FA03F36E
:10364800BA691343BB61FB69DA087B680832B96958
:1036580043F822107B681B68BB61FB695B0003228F
:1036680002FA03F3DB43BA691340BB613B685B684A
:1036780003F00302FB695B0002FA03F3BA69134320
:10368800BB617B68BA691A603B685B6803F080536A
:10369800002B00F0AE800023FB605D4B5B6C5C4A46
:1036A80043F4804353645A4B5B6C03F48043FB60E0
:1036B800FB68584AFB699B08023352F82330BB6108
:1036C800FB6903F003039B000F2202FA03F3DB43B9
:1036D800BA691340BB617B684F4A934225D07B6827
:1036E8004E4A93421FD07B684D4A934219D07B685B
:1036F8004C4A934213D07B684B4A93420DD07B6867
:103708004A4A934207D07B68494A934201D106232B
:103718000CE007230AE0052308E0042306E003235E
:1037280004E0022302E0012300E00023FA6902F02A
:10373800030292009340BA691343BB613549FB69A0
:103748009B080233BA6941F823203A4B1B68BB61D6
:103758003B69DB43BA691340BB613B685B6803F4B0
:103768008033002B03D0BA693B691343BB61314AEC
:10377800BB6913602F4B5B68BB613B69DB43BA696C
:103788001340BB613B685B6803F40033002B03D034
:10379800BA693B691343BB61264ABB695360254B31
:1037A8009B68BB613B69DB43BA691340BB613B68FB
:1037B8005B6803F48013002B03D0BA693B69134399
:1037C800BB611C4ABB6993601A4BDB68BB613B69F0
:1037D800DB43BA691340BB613B685B6803F40013C1
:1037E800002B03D0BA693B691343BB61114ABB691B
:1037F800D360FB690133FB61FB690F2B7FF696AE43
:1038080000BF00BF2437BD465DF8047B704700BF8A
:103818000038024000380140000002400004024025
:1038280000080240000C0240001002400014024050
:1038380000180240003C014080B485B000AF7860B9
:103848000B467B807B681A697B881340002B02D06B
:103858000123FB7301E00023FB73FB7B184614373D
:10386800BD465DF8047B704780B483B000AF7860D4
:103878000B467B8013467B707B78002B03D07A88BD
:103888007B689A6103E07B881A047B689A6100BFB1
:103898000C37BD465DF8047B704780B584B000AF37
:1038A80078607B68002B01D1012334E07B681B68BA
:1038B8004CF6CC421A607B681B6845F255521A6078
:1038C8007B681B687A6852685A607B681B687A68EC
:1038D80092689A60FEF764FAF8600FE0FEF760FA03
:1038E8000246FB68D31A302B08D97B681B68DB6853
:1038F80003F00303002B01D003230CE07B681B6853
:10390800DB6803F00303002BE8D17B681B684AF6E9
:10391800AA221A60002318461037BD4680BD80B41D
:1039280083B000AF78607B681B684AF6AA221A60E9
:10393800002318460C37BD465DF8047B704700002D
:1039480080B582B000AF00237B6000233B60204B32
:103958001B6C1F4A43F0805313641D4B1B6C03F010
:1039680080533B603B681B4B01221A60FEF718FA34
:10397800786009E0FEF714FA02467B68D31AB3F5BB
:103988007A7F01D903231FE0134B5B6803F480336C
:10399800B3F5803FEED1114B01221A60FEF700FA11
:1039A800786009E0FEF7FCF902467B68D31AB3F5A4
:1039B8007A7F01D9032307E0074B5B6803F40033E0
:1039C800B3F5003FEED1002318460837BD4680BD49
:1039D8000038024040000E420070004044000E4291
:1039E80080B584B000AF786039607B68002B01D166
:1039F8000123CCE0684B1B6803F00F033A689A4236
:103A08000CD9654B3A68D2B21A70634B1B6803F045
:103A18000F033A689A4201D00123B8E07B681B681B
:103A280003F00203002B20D07B681B6803F004031B
:103A3800002B05D0594B9B68584A43F4E0539360D8
:103A48007B681B6803F00803002B05D0534B9B6869
:103A5800524A43F460439360504B9B6823F0F00252
:103A68007B689B684D4913438B607B681B6803F038
:103A78000103002B44D07B685B68012B07D1474BBF
:103A88001B6803F40033002B19D101237FE07B6806
:103A98005B68022B03D07B685B68032B07D13F4B25
:103AA8001B6803F00073002B09D101236FE03B4B27
:103AB8001B6803F00203002B01D1012367E0374B99
:103AC8009B6823F003027B685B68344913438B606F
:103AD800FEF766F9F8600AE0FEF762F90246FB684D
:103AE800D31A41F28832934201D903234FE02B4B7A
:103AF8009B6803F00C027B685B689B009A42EBD1E1
:103B0800254B1B6803F00F033A689A420CD2224BEC
:103B18003A68D2B21A70204B1B6803F00F033A6858
:103B28009A4201D0012332E07B681B6803F004034A
:103B3800002B08D0194B9B6823F4E0527B68DB68A4
:103B4800164913438B607B681B6803F00803002B3E
:103B580009D0124B9B6823F460427B681B69DB0029
:103B68000E4913438B6000F055F802460B4B9B68D7
:103B78001B0903F00F030A49CB5C22FA03F3094A35
:103B88001360094B1B681846FEF7C6F80023184651
:103B98001037BD4680BD00BF003C024000380240DF
:103BA800A0D80008000000200400002080B400AF66
:103BB800034B1B681846BD465DF8047B704700BF81
:103BC8000000002080B500AFFFF7F0FF0246054B6C
:103BD8009B689B0A03F007030349CB5C22FA03F3B3
:103BE800184680BD00380240B0D8000880B500AF44
:103BF800FFF7DCFF0246054B9B685B0B03F00703EE
:103C08000349CB5C22FA03F3184680BD0038024012
:103C1800B0D800082DE9B04FAEB000AF0023C7F808
:103C2800AC300023C7F8B4300023C7F8A83000230D
:103C3800C7F8A4300023C7F8B030CB4B9B6803F01B
:103C48000C030C2B00F2068201A252F823F000BFED
:103C58008D3C00085D4000085D4000085D4000089C
:103C6800953C00085D4000085D4000085D40000884
:103C78009D3C00085D4000085D4000085D4000086C
:103C88008D3E0008B94BC7F8B030E7E1B84BC7F82C
:103C9800B030E3E1B44B5B6803F03F03C7F8AC30E6
:103CA800B14B5B6803F48003002B71D0AE4B5B68AB
:103CB8009B090022C7F89830C7F89C20D7F898309D
:103CC800C3F30803C7F890300023C7F89430D7E946
:103CD800244522462B464FF000004FF000015901C1
:103CE80041EAD261500102460B462146511A396415
:103CF800294663EB01037B644FF000024FF0000399
:103D0800D7E9108949468B01414643EA9163414608
:103D18008A014146511AB963494663EB0103FB63C3
:103D28004FF000024FF00003D7E90E894946CB0057
:103D3800414643EA51734146CA00104619460346B4
:103D480022469B183B632B460A4642EB03037B63E0
:103D58004FF000024FF00003D7E90C4529464B020B
:103D6800214643EAD15321464A0210461946D7F85C
:103D7800AC300022C7F88830C7F88C20D7E9222356
:103D8800FCF7DCFE02460B461346C7F8B43067E082
:103D9800754B5B689B090022C7F88030C7F8842000
:103DA800D7F88030C3F30803BB670023FB67D7E964
:103DB8001E4522462B464FF000004FF000015901E6
:103DC80041EAD261500102460B462146511AB962B6
:103DD800294663EB0103FB624FF000024FF000033A
:103DE800D7E90A8949468B01414643EA916341462E
:103DF8008A014146B2EB010A494663EB010B4FF0D9
:103E080000024FF000034FEACB0343EA5A734FEA2C
:103E1800CA0292469B4623461AEB03033B622B4693
:103E28004BEB03037B624FF000024FF00003D7E92E
:103E3800084529468B02214643EA915321468A02C6
:103E480010461946D7F8AC3000223B677A67D7E9A5
:103E58001C23FCF773FE02460B461346C7F8B43022
:103E6800414B5B681B0C03F0030301335B00C7F88D
:103E7800A830D7F8B420D7F8A830B2FBF3F3C7F8C6
:103E8800B030EBE0384B5B6803F03F03C7F8AC3069
:103E9800354B5B6803F48003002B6BD0324B5B68B7
:103EA8009B090022BB66FA66BB6EC3F308033B6638
:103EB80000237B66D7E9184522462B464FF00000C1
:103EC8004FF00001590141EAD261500102460B4608
:103ED8002146511AB961294663EB0103FB614FF092
:103EE80000024FF00003D7E906AB59468B01514653
:103EF80043EA916351468A015146B2EB010859469B
:103F080063EB01094FF000024FF000034FEAC903C9
:103F180043EA58734FEAC80290469946234618EB7D
:103F280003033B612B4649EB03037B614FF000021F
:103F38004FF00003D7E9044529464B02214643EADE
:103F4800D15321464A0210461946D7F8AC30002210
:103F5800BB65FA65D7E91623FCF7F0FD02460B4668
:103F68001346C7F8B43065E0003802400024F40076
:103F780000127A003D4B5B689B09002218461146E7
:103F8800C0F308033B6500237B65D7E914894246E3
:103F98004B464FF000004FF00001590141EAD26151
:103FA800500102460B464146511AB960494663EB37
:103FB8000103FB604FF000024FF00003D7E902ABAA
:103FC80059468B01514643EA916351468A0151464D
:103FD800541A594663EB01054FF000024FF00003F5
:103FE800EB0043EA5473E20014461D464346E318C7
:103FF8003B604B4645EB03037B604FF000024FF0FC
:104008000003D7E9004529468B02214643EA91532C
:1040180021468A0210461946D7F8AC300022BB6404
:10402800FA64D7E91223FCF789FD02460B461346CA
:10403800C7F8B4300D4B5B681B0F03F00703C7F8D4
:10404800A430D7F8B420D7F8A430B2FBF3F3C7F8FC
:10405800B03003E0064BC7F8B03000BFD7F8B03037
:104068001846B837BD46BDE8B08F00BF00380240DB
:104078000024F40080B586B000AF78607B68002B20
:1040880001D101238DE27B681B6803F00103002B3B
:1040980000F08380944B9B6803F00C03042B19D029
:1040A800914B9B6803F00C03082B06D18E4B5B6881
:1040B80003F48003B3F5800F0CD08B4B9B6803F09F
:1040C8000C030C2B12D1884B5B6803F48003B3F507
:1040D800800F0BD1844B1B6803F40033002B5BD09B
:1040E8007B685B68002B57D101235AE27B685B68C9
:1040F800B3F5803F06D17C4B1B687B4A43F4803381
:1041080013601DE07B685B68B3F5A02F0CD1764B7C
:104118001B68754A43F480231360734B1B68724A0B
:1041280043F4803313600BE06F4B1B686E4A23F433
:10413800803313606C4B1B686B4A23F48023136035
:104148007B685B68002B13D0FDF72AFE386108E016
:10415800FDF726FE02463B69D31A642B01D90323D7
:104168001FE2614B1B6803F40033002BF0D014E00E
:10417800FDF716FE386108E0FDF712FE02463B69BE
:10418800D31A642B01D903230BE2574B1B6803F4A2
:104198000033002BF0D100E000BF7B681B6803F000
:1041A8000203002B6FD0504B9B6803F00C03002BCD
:1041B80017D04D4B9B6803F00C03082B05D14A4BD5
:1041C8005B6803F48003002B0BD0474B9B6803F01C
:1041D8000C030C2B1CD1444B5B6803F48003002BAD
:1041E80016D1414B1B6803F00203002B05D07B68F6
:1041F800DB68012B01D00123D3E13B4B1B6823F083
:10420800F8027B681B69DB00374913430B603AE00F
:104218007B68DB68002B20D0344B01221A60FDF745
:10422800BFFD386108E0FDF7BBFD02463B69D31AC4
:10423800022B01D90323B4E12B4B1B6803F00203C3
:10424800002BF0D0284B1B6823F0F8027B681B6911
:10425800DB00254913430B6015E0244B00221A604C
:10426800FDF79EFD386108E0FDF79AFD02463B69BF
:10427800D31A022B01D9032393E11B4B1B6803F0CC
:104288000203002BF0D17B681B6803F00803002BA6
:1042980036D07B685B69002B16D0154B01221A605B
:1042A800FDF77EFD386108E0FDF77AFD02463B69BF
:1042B800D31A022B01D9032373E10B4B5B6F03F075
:1042C8000203002BF0D01BE0094B00221A60FDF717
:1042D80067FD38610EE0FDF763FD02463B69D31ABE
:1042E800022B07D903235CE1003802400000474253
:1042F800800E47428A4B5B6F03F00203002BEAD122
:104308007B681B6803F00403002B00F097800023F0
:10431800FB75834B1B6C03F08053002B0FD10023DC
:10432800BB607F4B1B6C7E4A43F0805313647C4B0D
:104338001B6C03F08053BB60BB680123FB75794B92
:104348001B6803F48073002B18D1764B1B68754AE1
:1043580043F480731360FDF723FD386108E0FDF72F
:104368001FFD02463B69D31A022B01D9032318E12A
:104378006C4B1B6803F48073002BF0D07B689B6840
:10438800012B06D1664B1B6F654A43F00103136787
:104398001CE07B689B68052B0CD1614B1B6F604A46
:1043A80043F0040313675E4B1B6F5D4A43F0010340
:1043B80013670BE05A4B1B6F594A23F0010313672D
:1043C800574B1B6F564A23F0040313677B689B689F
:1043D800002B15D0FDF7E4FC38610AE0FDF7E0FC9E
:1043E80002463B69D31A41F28832934201D903232A
:1043F800D7E04B4B1B6F03F00203002BEED014E009
:10440800FDF7CEFC38610AE0FDF7CAFC02463B69BD
:10441800D31A41F28832934201D90323C1E0404BB9
:104428001B6F03F00203002BEED1FB7D012B05D19E
:104438003B4B1B6C3A4A23F0805313647B689B699F
:10444800002B00F0AD80364B9B6803F00C03082B63
:1044580060D07B689B69022B45D1334B00221A60E0
:10446800FDF79EFC386108E0FDF79AFC02463B69BF
:10447800D31A022B01D9032393E0294B1B6803F0BD
:104488000073002BF0D17B68DA697B681B6A1A43DA
:104498007B685B6A9B011A437B689B6A5B08013BEC
:1044A8001B041A437B68DB6A1B061A437B681B6B79
:1044B8001B071B4913434B601B4B01221A60FDF776
:1044C8006FFC386108E0FDF76BFC02463B69D31AC4
:1044D800022B01D9032364E0114B1B6803F000731E
:1044E800002BF0D05CE0104B00221A60FDF758FC5E
:1044F800386108E0FDF754FC02463B69D31A022BE9
:1045080001D903234DE0064B1B6803F00073002B11
:10451800F0D145E07B689B69012B07D1012340E07E
:104528000038024000700040600047421F4B5B6843
:10453800FB607B689B69012B30D0FB6803F4800229
:104548007B68DB699A4229D1FB6803F03F027B68EC
:104558001B6A9A4222D1FA6847F6C07313407A68F8
:10456800526A9201934219D1FB6803F440327B6886
:104578009B6A5B08013B1B049A420FD1FB6803F05E
:1045880070627B68DB6A1B069A4207D1FB6803F0FE
:10459800E0427B681B6B1B079A4201D0012300E0B5
:1045A800002318461837BD4680BD00BF00380240BA
:1045B80080B582B000AF78607B68002B01D1012301
:1045C80041E07B6893F83D30DBB2002B06D17B6875
:1045D800002283F83C207868FDF722F97B680222E4
:1045E80083F83D207B681A687B68043319461046B7
:1045F80000F06EFD7B68012283F846207B6801226B
:1046080083F83E207B68012283F83F207B680122E3
:1046180083F840207B68012283F841207B680122CF
:1046280083F842207B68012283F843207B680122BB
:1046380083F844207B68012283F845207B680122A7
:1046480083F83D20002318460837BD4680BD80B555
:1046580082B000AF78607B68002B01D1012341E074
:104668007B6893F83D30DBB2002B06D17B680022D3
:1046780083F83C207868FDF7F3F87B68022283F81A
:104688003D207B681A687B6804331946104600F0A1
:104698001FFD7B68012283F846207B68012283F88E
:1046A8003E207B68012283F83F207B68012283F843
:1046B80040207B68012283F841207B68012283F82F
:1046C80042207B68012283F843207B68012283F81B
:1046D80044207B68012283F845207B68012283F807
:1046E8003D20002318460837BD4680BD80B586B0FA
:1046F80000AFF860B9607A607B80BB68002B09D195
:10470800FB6893F83E30DBB2022B0CBF0123002379
:10471800DBB222E0BB68042B09D1FB6893F83F3079
:10472800DBB2022B0CBF01230023DBB215E0BB6810
:10473800082B09D1FB6893F84030DBB2022B0CBF81
:1047480001230023DBB208E0FB6893F84130DBB2B9
:10475800022B0CBF01230023DBB2002B01D0022364
:104768006CE1BB68002B09D1FB6893F83E30DBB2E3
:10477800012B0CBF01230023DBB222E0BB68042B12
:1047880009D1FB6893F83F30DBB2012B0CBF012342
:104798000023DBB215E0BB68082B09D1FB6893F84E
:1047A8004030DBB2012B0CBF01230023DBB208E051
:1047B800FB6893F84130DBB2012B0CBF01230023C7
:1047C800DBB2002B24D07B68002B04D17B88002B24
:1047D80001D0012332E1BB68002B04D1FB6802221F
:1047E80083F83E2016E0BB68042B04D1FB68022244
:1047F80083F83F200EE0BB68082B04D1FB68022237
:1048080083F8402006E0FB68022283F8412001E09B
:10481800012313E1BB680C2B00F2AE8001A252F811
:1048280023F000BF61480008814900088149000859
:1048380081490008A9480008814900088149000801
:1048480081490008F14800088149000881490008A9
:104858008149000839490008FB685B6A794ADA63CC
:10486800FB685B6A784A1A64FB685B6A774ADA64B1
:10487800FB68586A7968FB681B6834331A467B887A
:10488800FEF7F2FA0346002B01D00123D6E0FB68BD
:104898001B68DA68FB681B6842F40072DA606CE037
:1048A800FB689B6A674ADA63FB689B6A664A1A6414
:1048B800FB689B6A654ADA64FB68986A7968FB68F2
:1048C8001B6838331A467B88FEF7CEFA0346002B5E
:1048D80001D00123B2E0FB681B68DA68FB681B683B
:1048E80042F48062DA6048E0FB68DB6A554ADA63C2
:1048F800FB68DB6A544A1A64FB68DB6A534ADA6469
:10490800FB68D86A7968FB681B683C331A467B8861
:10491800FEF7AAFA0346002B01D001238EE0FB68BC
:104928001B68DA68FB681B6842F40062DA6024E0FE
:10493800FB681B6B434ADA63FB681B6B424A1A64C9
:10494800FB681B6B414ADA64FB68186B7968FB6883
:104958001B6840331A467B88FEF786FA0346002B0D
:1049680001D001236AE0FB681B68DA68FB681B68F2
:1049780042F48052DA6000E000BFFB681B68012245
:10498800B968184600F08EFEFB681B68304A9342EF
:1049980004D0FB681B682F4A934201D1012300E031
:1049A8000023002B07D0FB681B685A6CFB681B6848
:1049B80042F400425A64FB681B68254A934222D09D
:1049C800FB681B68B3F1804F1DD0FB681B68224A47
:1049D800934218D0FB681B68204A934213D0FB68A7
:1049E8001B681F4A93420ED0FB681B68194A934202
:1049F80009D0FB681B681B4A934204D0FB681B68FC
:104A0800194A934211D1FB681B689B6803F007039E
:104A18007B617B69062B10D0FB681B681A68FB68F2
:104A28001B6842F001021A6007E0FB681B681A68FD
:104A3800FB681B6842F001021A6000231846183709
:104A4800BD4680BDC74F00086F500008354F0008AD
:104A5800000001400004014000040040000800403C
:104A6800000C0040004001400018004080B582B0B2
:104A780000AF786039603B680C2B55D801A252F81A
:104A880023F000BFC14A0008314B0008314B000831
:104A9800314B0008DD4A0008314B0008314B000853
:104AA800314B0008F94A0008314B0008314B000827
:104AB800314B0008154B00087B681B68DA687B6877
:104AC8001B6822F40072DA607B685B6A1846FEF79E
:104AD80093FA2AE07B681B68DA687B681B6822F413
:104AE8008062DA607B689B6A1846FEF785FA1CE0EC
:104AF8007B681B68DA687B681B6822F40062DA60EE
:104B08007B68DB6A1846FEF777FA0EE07B681B685D
:104B1800DA687B681B6822F48052DA607B681B6B5A
:104B28001846FEF769FA00E000BF7B681B680022A0
:104B38003968184600F0B6FD7B681B682E4A934218
:104B480004D07B681B682D4A934201D1012300E001
:104B58000023002B17D07B681B681A6A41F21113D7
:104B68001340002B0FD17B681B681A6A40F244433C
:104B78001340002B07D17B681B685A6C7B681B6845
:104B880022F400425A647B681B681A6A41F21113C6
:104B98001340002B0FD17B681B681A6A40F244430C
:104BA8001340002B07D17B681B681A687B681B6859
:104BB80022F001021A603B68002B04D17B680122B5
:104BC80083F83E2013E03B68042B04D17B68012264
:104BD80083F83F200BE03B68082B04D17B68012257
:104BE80083F8402003E07B68012283F841200023FA
:104BF80018460837BD4680BD00000140000401404A
:104C080080B584B000AFF860B9607A60FB6893F84B
:104C18003C30012B01D10223ACE0FB68012283F870
:104C28003C207B680C2B00F29F8001A252F823F0F5
:104C38006D4C0008714D0008714D0008714D000859
:104C4800AD4C0008714D0008714D0008714D000809
:104C5800EF4C0008714D0008714D0008714D0008B7
:104C68002F4D0008FB681B68B968184600F0D0FA99
:104C7800FB681B689A69FB681B6842F008029A6126
:104C8800FB681B689A69FB681B6822F004029A613A
:104C9800FB681B689969BB681A69FB681B680A434B
:104CA8009A6162E0FB681B68B968184600F020FB4F
:104CB800FB681B689A69FB681B6842F400629A618A
:104CC800FB681B689A69FB681B6822F480629A611A
:104CD800FB681B689969BB681B691A02FB681B683B
:104CE8000A439A6141E0FB681B68B968184600F0FE
:104CF80075FBFB681B68DA69FB681B6842F00802F1
:104D0800DA61FB681B68DA69FB681B6822F0040239
:104D1800DA61FB681B68D969BB681A69FB681B689C
:104D28000A43DA6121E0FB681B68B968184600F09D
:104D3800C9FBFB681B68DA69FB681B6842F4006200
:104D4800DA61FB681B68DA69FB681B6822F4806219
:104D5800DA61FB681B68D969BB681B691A02FB68C2
:104D68001B680A43DA6100E000BFFB68002283F891
:104D78003C20002318461037BD4680BD80B584B05E
:104D880000AF786039607B6893F83C30012B01D123
:104D98000223B3E07B68012283F83C207B6802226F
:104DA80083F83D207B681B689B68FB60FB6823F0E9
:104DB8007703FB60FB6823F47F43FB607B681B6819
:104DC800FA689A603B681B68B3F5005F3ED0B3F59C
:104DD800005F00F28780B3F5805F00F08580B3F54F
:104DE800805F7FD8702B1AD0702B7BD8602B50D067
:104DF800602B77D8502B3CD0502B73D8402B58D0F1
:104E0800402B6FD8302B64D0302B6BD8202B60D040
:104E1800202B67D8002B5CD0102B5AD062E07B681F
:104E280018683B6899683B685A683B68DB6800F01B
:104E380019FC7B681B689B68FB60FB6843F0770381
:104E4800FB607B681B68FA689A604EE07B681868AC
:104E58003B6899683B685A683B68DB6800F002FC6D
:104E68007B681B689A687B681B6842F480429A607A
:104E78003BE07B6818683B6859683B68DB681A4602
:104E880000F076FB7B681B685021184600F0CFFBCA
:104E98002BE07B6818683B6859683B68DB681A46F2
:104EA80000F095FB7B681B686021184600F0BFFB8B
:104EB8001BE07B6818683B6859683B68DB681A46E2
:104EC80000F056FB7B681B684021184600F0AFFBDA
:104ED8000BE07B681A683B681B681946104600F0AF
:104EE800A6FB02E000BF00E000BF7B68012283F858
:104EF8003D207B68002283F83C20002318461037A9
:104F0800BD4680BD80B483B000AF786000BF0C3769
:104F1800BD465DF8047B704780B483B000AF78600D
:104F280000BF0C37BD465DF8047B704780B584B080
:104F380000AF78607B689B6BFB60FB685B6A7A6894
:104F48009A4207D1FB6801221A77FB68012283F88D
:104F58003E202AE0FB689B6A7A689A4207D1FB6880
:104F680002221A77FB68012283F83F201DE0FB68C4
:104F7800DB6A7A689A4207D1FB6804221A77FB68D1
:104F8800012283F8402010E0FB681B6B7A689A4284
:104F980007D1FB6808221A77FB68012283F84120B1
:104FA80003E0FB68012283F83D20F868FFF7B4FFAF
:104FB800FB6800221A7700BF1037BD4680BD80B558
:104FC80084B000AF78607B689B6BFB60FB685B6AB2
:104FD8007A689A420BD1FB6801221A777B68DB69F1
:104FE800002B36D1FB68012283F83E2031E0FB68B4
:104FF8009B6A7A689A420BD1FB6802221A777B680F
:10500800DB69002B25D1FB68012283F83F2020E0D3
:10501800FB68DB6A7A689A420BD1FB6804221A772C
:105028007B68DB69002B14D1FB68012283F84020E0
:105038000FE0FB681B6B7A689A420AD1FB6808226A
:105048001A777B68DB69002B03D1FB68012283F8A0
:105058004120F86804F020FFFB6800221A7700BF9F
:105068001037BD4680BD80B584B000AF78607B68DE
:105078009B6BFB60FB685B6A7A689A4203D1FB68AA
:1050880001221A7719E0FB689B6A7A689A4203D171
:10509800FB6802221A7710E0FB68DB6A7A689A429A
:1050A80003D1FB6804221A7707E0FB681B6B7A6858
:1050B8009A4202D1FB6808221A77F868FFF722FFA4
:1050C800FB6800221A7700BF1037BD4680BD00007C
:1050D80080B485B000AF786039607B681B68FB607E
:1050E8007B68404A934213D07B68B3F1804F0FD05E
:1050F8007B683D4A93420BD07B683C4A934207D079
:105108007B683B4A934203D07B683A4A934208D172
:10511800FB6823F07003FB603B685B68FA68134325
:10512800FB607B682F4A93422BD07B68B3F1804F9A
:1051380027D07B682C4A934223D07B682B4A934222
:105148001FD07B682A4A93421BD07B68294A934226
:1051580017D07B68284A934213D07B68274A93422A
:105168000FD07B68264A93420BD07B68254A93422E
:1051780007D07B68244A934203D07B68234A934232
:1051880008D1FB6823F44073FB603B68DB68FA686E
:105198001343FB60FB6823F080023B685B691343A1
:1051A800FB607B68FA681A603B689A687B68DA6219
:1051B8003B681A687B689A627B680A4A934203D004
:1051C8007B680C4A934203D13B681A697B681A636F
:1051D8007B6801225A6100BF1437BD465DF8047B25
:1051E800704700BF00000140000400400008004074
:1051F800000C004000040140004001400044014010
:105208000048014000180040001C004000200040F9
:1052180080B487B000AF786039607B681B6A23F080
:1052280001027B681A627B681B6A7B617B685B682A
:105238003B617B689B69FB60FB6823F07003FB6044
:10524800FB6823F00303FB603B681B68FA681343A1
:10525800FB607B6923F002037B613B689B687A698A
:1052680013437B617B68204A934203D07B681F4AC3
:1052780093420CD17B6923F008037B613B68DB68B0
:105288007A6913437B617B6923F004037B617B6844
:10529800154A934203D07B68144A934211D13B6963
:1052A80023F480733B613B6923F400733B613B68E3
:1052B8005B693A6913433B613B689B693A691343ED
:1052C8003B617B683A695A607B68FA689A613B6817
:1052D8005A687B685A637B687A691A6200BF1C3710
:1052E800BD465DF8047B70470000014000040140A2
:1052F80080B487B000AF786039607B681B6A23F0A0
:1053080010027B681A627B681B6A7B617B685B683A
:105318003B617B689B69FB60FB6823F4E043FB60AF
:10532800FB6823F44073FB603B681B681B02FA6848
:105338001343FB607B6923F020037B613B689B6818
:105348001B017A6913437B617B68224A934203D02D
:105358007B68214A93420DD17B6923F080037B61EE
:105368003B68DB681B017A6913437B617B6923F027
:1053780040037B617B68174A934203D07B68164AD7
:10538800934213D13B6923F480633B613B6923F467
:1053980000633B613B685B699B003A6913433B616F
:1053A8003B689B699B003A6913433B617B683A6998
:1053B8005A607B68FA689A613B685A687B689A63A6
:1053C8007B687A691A6200BF1C37BD465DF8047BAA
:1053D800704700BF000001400004014080B487B05E
:1053E80000AF786039607B681B6A23F480727B6841
:1053F8001A627B681B6A7B617B685B683B617B68C0
:10540800DB69FB60FB6823F07003FB60FB6823F03B
:105418000303FB603B681B68FA681343FB607B6906
:1054280023F400737B613B689B681B027A69134312
:105438007B617B68214A934203D07B68204A934270
:105448000DD17B6923F400637B613B68DB681B0239
:105458007A6913437B617B6923F480637B617B6892
:10546800164A934203D07B68154A934213D13B698D
:1054780023F480533B613B6923F400533B613B6851
:105488005B691B013A6913433B613B689B691B01DC
:105498003A6913433B617B683A695A607B68FA68EA
:1054A800DA613B685A687B68DA637B687A691A62F2
:1054B80000BF1C37BD465DF8047B70470000014003
:1054C8000004014080B487B000AF786039607B6821
:1054D8001B6A23F480527B681A627B681B6A3B61F3
:1054E8007B685B687B617B68DB69FB60FB6823F436
:1054F800E043FB60FB6823F44073FB603B681B6878
:105508001B02FA681343FB603B6923F400533B61B9
:105518003B689B681B033A6913433B617B68124AEB
:10552800934203D07B68114A934209D17B6923F4E3
:1055380080437B613B685B699B017A6913437B61AC
:105548007B687A695A607B68FA68DA613B685A68EE
:105558007B681A647B683A691A6200BF1C37BD46CB
:105568005DF8047B704700BF000001400004014063
:1055780080B487B000AFF860B9607A60FB681B6AD6
:105588007B61FB681B6A23F00102FB681A62FB68F7
:105598009B693B613B6923F0F0033B617B681B011E
:1055A8003A6913433B617B6923F00A037B617A699B
:1055B800BB6813437B61FB683A699A61FB687A6947
:1055C8001A6200BF1C37BD465DF8047B704780B483
:1055D80087B000AFF860B9607A60FB681B6A23F097
:1055E8001002FB681A62FB689B697B61FB681B6A97
:1055F8003B617B6923F470437B617B681B037A6999
:1056080013437B613B6923F0A0033B61BB681B012B
:105618003A6913433B61FB687A699A61FB683A69A6
:105628001A6200BF1C37BD465DF8047B704780B422
:1056380085B000AF786039607B689B68FB60FB6869
:1056480023F07003FB603A68FB68134343F00703D9
:10565800FB607B68FA689A6000BF1437BD465DF846
:10566800047B704780B487B000AFF860B9607A6097
:105678003B60FB689B687B617B6923F47F437B61AC
:105688003B681A027B681A43BB6813437A69134361
:105698007B61FB687A699A6000BF1C37BD465DF87C
:1056A800047B704780B487B000AFF860B9607A6057
:1056B800BB6803F01F03012202FA03F37B61FB6856
:1056C8001A6A7B69DB431A40FB681A62FB681A6A2C
:1056D800BB6803F01F03796801FA03F31A43FB68F8
:1056E8001A6200BF1C37BD465DF8047B7047000096
:1056F80080B485B000AF786039607B6893F83C303F
:10570800012B01D102235AE07B68012283F83C2057
:105718007B68022283F83D207B681B685B68FB601E
:105728007B681B689B68BB60FB6823F07003FB60A9
:105738003B681B68FA681343FB607B681B68FA6860
:105748005A607B681B68214A934222D07B681B6899
:10575800B3F1804F1DD07B681B681D4A934218D057
:105768007B681B681B4A934213D07B681B681A4AE4
:1057780093420ED07B681B68184A934209D07B6815
:105788001B68174A934204D07B681B68154A9342EA
:105798000CD1BB6823F08003BB603B685B68BA68C8
:1057A8001343BB607B681B68BA689A607B680122F8
:1057B80083F83D207B68002283F83C2000231846AC
:1057C8001437BD465DF8047B704700BF00000140F8
:1057D8000004004000080040000C004000040140A4
:1057E800004001400018004080B582B000AF7860EA
:1057F8007B68002B01D101233FE07B6893F83D30A3
:10580800DBB2002B06D17B68002283F83C20786845
:10581800FCF72AF97B68242283F83D207B681B6803
:10582800DA687B681B6822F40052DA60786800F056
:10583800D9FB7B681B681A697B681B6822F4904255
:105848001A617B681B685A697B681B6822F02A0208
:105858005A617B681B68DA687B681B6842F40052EF
:10586800DA607B6800221A647B68202283F83D2076
:105878007B68202283F83E20002318460837BD465F
:1058880080BD80B485B000AFF860B9601346FB8076
:10589800FB6893F83D30DBB2202B30D1BB68002B7E
:1058A80002D0FB88002B01D1012329E0FB6893F883
:1058B8003C30012B01D1022322E0FB68012283F84E
:1058C8003C20FB68BA681A62FB68FA889A84FB680D
:1058D800FA88DA84FB6800221A64FB68212283F8BC
:1058E8003D20FB68002283F83C20FB681B68DA68CF
:1058F800FB681B6842F08002DA60002300E00223A4
:1059080018461437BD465DF8047B704780B584B0EF
:1059180000AFF860B9601346FB80FB6893F83E302F
:10592800DBB2202B1DD1BB68002B02D0FB88002BDB
:1059380001D1012316E0FB6893F83C30012B01D11B
:1059480002230FE0FB68012283F83C20FB68002259
:105958001A63FB881A46B968F86800F0C9F9034663
:1059680000E0022318461037BD4680BD80B58AB0D6
:1059780000AF78607B681B681B687B627B681B686C
:10598800DB683B627B681B685B69FB610023BB616A
:1059980000237B617B6A03F00F03BB61BB69002BAB
:1059A8000DD17B6A03F02003002B08D03B6A03F07B
:1059B8002003002B03D0786800F07DFA7CE1BB69F6
:1059C800002B00F0B180FB6903F00103002B05D127
:1059D8003B6A03F49073002B00F0A6807B6A03F007
:1059E8000103002B0AD03B6A03F48073002B05D017
:1059F8007B681B6C43F001027B681A647B6A03F0C6
:105A08000403002B0AD0FB6903F00103002B05D027
:105A18007B681B6C43F002027B681A647B6A03F0A4
:105A28000203002B0AD0FB6903F00103002B05D009
:105A38007B681B6C43F004027B681A647B6A03F082
:105A48000803002B0FD03B6A03F02003002B04D17E
:105A5800FB6903F00103002B05D07B681B6C43F046
:105A680008027B681A647B681B6C002B00F01F819E
:105A78007B6A03F02003002B07D03B6A03F0200366
:105A8800002B02D0786800F016FA7B681B685B6907
:105A980003F04003402B0CBF01230023DBB27B61E2
:105AA8007B681B6C03F00803002B02D17B69002B79
:105AB80031D0786800F056F97B681B685B6903F0A1
:105AC8004003402B23D17B681B685A697B681B689D
:105AD80022F040025A617B689B6B002B13D07B68D5
:105AE8009B6B774A1A657B689B6B1846FDF784FAAF
:105AF8000346002B16D07B689B6B1B6D7A68926BF4
:105B0800104698470EE0786800F0DCF80AE07868FC
:105B180000F0D8F806E0786800F0D4F87B68002236
:105B28001A64C4E000BFC2E07B681B6B012B40F025
:105B3800A2807B6A03F01003002B00F09C803B6A74
:105B480003F01003002B00F096800023FB607B68B5
:105B58001B681B68FB607B681B685B68FB60FB68F5
:105B68007B681B685B6903F04003402B4FD17B685F
:105B78009B6B1B685B683B823B8A002B00F099801B
:105B88007B689B8D3A8A9A4280F093807B683A8A38
:105B9800DA857B689B6BDB69B3F5807F2BD07B68EC
:105BA8001B68DA687B681B6822F48072DA607B689D
:105BB8001B685A697B681B6822F001025A617B687E
:105BC8001B685A697B681B6822F040025A617B682F
:105BD800202283F83E207B6800221A637B681B68BA
:105BE800DA687B681B6822F01002DA607B689B6BBE
:105BF8001846FDF791F97B689A8D7B68DB8D9BB21F
:105C0800D31A9BB21946786800F066F851E07B68B1
:105C18009A8D7B68DB8D9BB2D31A7B827B68DB8D88
:105C28009BB2002B47D07B8A002B44D07B681B6833
:105C3800DA687B681B6822F49072DA607B681B68FC
:105C48005A697B681B6822F001025A617B6820222E
:105C580083F83E207B6800221A637B681B68DA6839
:105C68007B681B6822F01002DA607B8A1946786824
:105C780000F032F81FE07B6A03F08003002B08D0A5
:105C88003B6A03F08003002B03D0786800F0ABF880
:105C980012E07B6A03F04003002B0DD03B6A03F04F
:105CA8004003002B08D0786800F0EDF804E000BF4E
:105CB80002E000BF00E000BF2837BD4680BD00BF3E
:105CC800C75D000880B483B000AF786000BF0C37B0
:105CD800BD465DF8047B704780B483B000AF786040
:105CE8000B467B8000BF0C37BD465DF8047B7047D0
:105CF80080B485B000AFF860B9601346FB80FB68DC
:105D0800BA689A62FB68FA889A85FB68FA88DA8525
:105D1800FB6800221A64FB68222283F83E20FB6895
:105D2800002283F83C20FB681B68DA68FB681B6864
:105D380042F48072DA60FB681B685A69FB681B686A
:105D480042F001025A61FB681B68DA68FB681B684D
:105D580042F02002DA60002318461437BD465DF889
:105D6800047B704780B483B000AF78607B681B68A1
:105D7800DA687B681B6822F49072DA607B681B68BB
:105D88005A697B681B6822F001025A617B681B6BA9
:105D9800012B07D17B681B68DA687B681B6822F0D7
:105DA8001002DA607B68202283F83E207B6800229C
:105DB8001A6300BF0C37BD465DF8047B704780B599
:105DC80084B000AF78607B689B6BFB60FB68002247
:105DD800DA85FB680022DA84F868FFF773FF00BFF2
:105DE8001037BD4680BD80B485B000AF78607B6851
:105DF80093F83D30DBB2212B3ED17B689B68B3F52D
:105E0800805F14D17B681B69002B10D17B681B6AEB
:105E1800FB60FB681B881A467B681B68C2F3080294
:105E28005A607B681B6A9A1C7B681A6208E07B6868
:105E38001B6A591C7A6811621A787B681B685A6059
:105E48007B68DB8C9BB2013B9BB27A681946D18494
:105E5800002B0FD17B681B68DA687B681B6822F00F
:105E68008002DA607B681B68DA687B681B6842F02E
:105E78004002DA60002300E0022318461437BD46CA
:105E88005DF8047B704780B582B000AF78607B68AE
:105E98001B68DA687B681B6822F04002DA607B685E
:105EA800202283F83D20786804F0B2FD00231846CC
:105EB8000837BD4680BD80B584B000AF78607B6888
:105EC80093F83E30DBB2222B40F087807B689B68DA
:105ED800B3F5805F17D17B681B69002B13D10023B2
:105EE800FB607B689B6ABB607B681B685B689BB2D6
:105EF800C3F308039AB2BB681A807B689B6A9A1C32
:105F08007B689A6226E07B689B6AFB600023BB6023
:105F18007B689B68B3F5805F07D07B689B68002B24
:105F28000AD17B681B69002B06D17B681B685B68FC
:105F3800DAB2FB681A7008E07B681B685B68DBB242
:105F480003F07F03DAB2FB681A707B689B6A5A1CFD
:105F58007B689A627B68DB8D9BB2013B9BB27A6857
:105F68001946D185002B36D17B681B68DA687B68B7
:105F78001B6822F02002DA607B681B68DA687B689D
:105F88001B6822F48072DA607B681B685A697B6838
:105F98001B6822F001025A617B68202283F83E20A8
:105FA8007B681B6B012B0ED17B681B68DA687B68EA
:105FB8001B6822F01002DA607B689B8D19467868AE
:105FC800FFF78AFE02E0786804F078FD7B6800221B
:105FD8001A63002302E0002300E00223184610376A
:105FE800BD4680BD2DE9B04FC0B000AFC7F8F40082
:105FF800D7F8F4301B681B6923F44050D7F8F43005
:10600800D968D7F8F4301A6840EA01031361D7F861
:10601800F4309A68D7F8F4301B691A43D7F8F4308B
:106028005B691A43D7F8F430DB691343C7F8F830D3
:10603800D7F8F4301B68DB6823F4164121F00C0113
:10604800D7F8F4301A68D7F8F8300B43D360D7F88C
:10605800F4301B685B6923F44070D7F8F430996911
:10606800D7F8F4301A6840EA01035361D7F8F430DE
:106078001A688F4B9A4205D0D7F8F4301A688D4BBE
:106088009A4204D1FDF7B2FDC7F8FC0003E0FDF722
:1060980099FDC7F8FC00D7F8F430DB69B3F5004F79
:1060A80040F00C81D7F8FC300022C7F8E830C7F878
:1060B800EC20D7E93A4522462B469118B9655B4151
:1060C800FB65D7E91623214612EB0108294643EB65
:1060D80001094FF000024FF000034FEAC90343EAF9
:1060E80058734FEAC80290469946234618EB0303B3
:1060F800C7F8E0302B4649EB0303C7F8E430D7F87C
:10610800F4305B680022C7F8D830C7F8DC20D7E93C
:1061180036120B46DB183B65134642EB03037B65DF
:10612800D7E91423D7E93801FAF708FD02460B46E8
:10613800614BA3FB02235B091C01D7F8FC3000224A
:10614800C7F8D030C7F8D420D7E9348942464B463F
:106158009118B9645B41FB64D7E91223414612EBFD
:10616800010A494643EB010B4FF000024FF00003D0
:106178004FEACB0343EA5A734FEACA0292469B4658
:1061880043461AEB0303C7F8C8304B464BEB0303EF
:10619800C7F8CC30D7F8F4305B680022C7F8C030B5
:1061A800C7F8C420D7E930120B46DB183B64134606
:1061B80042EB03037B64D7E91023D7E93201FAF7EE
:1061C800BDFC02460B4611463B4BA3FB01235B0972
:1061D800642202FB03F3CB1ADB0003F13202364BD5
:1061E800A3FB02235B095B0003F4F8731C44D7F894
:1061F800FC300022C7F8B830C7F8BC20D7E92E8990
:1062080042464B469118B9635B41FB63D7E90E23BD
:1062180041465118396349464B417B634FF00002B0
:106228004FF00003D7E90CAB5946CB00514643EA7F
:1062380051735146CA0010461946034642469B18F8
:10624800C7F8B0304B460A4642EB0303C7F8B430F0
:10625800D7F8F4305B680022C7F8A830C7F8AC203C
:10626800D7E92A120B46DB18BB62134642EB03033D
:10627800FB62D7E90A23D7E92C01FAF75FFC02464B
:106288000B460D4BA3FB02135B09642101FB03F3CF
:10629800D31ADB003233084AA2FB03235B0903F05D
:1062A8000702D7F8F4301B6822449A6006E100BF61
:1062B80000100140001401401F85EB51D7F8FC3055
:1062C8000022C7F8A030C7F8A420D7E92889424699
:1062D8004B46911839625B417B62D7E908234146F6
:1062E8005418494643EB01054FF000024FF00003F4
:1062F800EB0043EA5473E20014461D464346E31894
:10630800C7F898304B4645EB0303C7F89C30D7F8DD
:10631800F4305B680022C7F89030C7F894204FF03B
:1063280000024FF00003D7E9244529468B00214697
:1063380043EA917321468A00D7E92601FAF7FEFB62
:1063480002460B46604BA3FB02235B091C01D7F8EE
:10635800FC300022C7F88830C7F88C20D7E922899A
:1063680042464B469118B9615B41FB61D7E9062368
:1063780041465118396149464B417B614FF0000253
:106388004FF00003D7E904AB5946CB00514643EA26
:1063980051735146CA0010461946034642469B1897
:1063A800C7F880304B460A4642EB0303C7F88430EF
:1063B800D7F8F4305B680022BB67FA674FF0000239
:1063C8004FF00003D7E91E8949468B00414643EA4E
:1063D800917341468A00D7E92001FAF7AFFB0246DC
:1063E8000B461146384BA3FB01235B09642202FBD1
:1063F80003F3CB1A1B013233334AA2FB03235B0995
:1064080003F0F0031C44D7F8FC3000223B677A679E
:10641800D7E91C8942464B469118B9605B41FB603D
:10642800D7E9022341465118396049464B417B6000
:106438004FF000024FF00003D7E900AB5946CB00FC
:10644800514643EA51735146CA001046194603465D
:1064580042469B18BB664B460A4642EB0303FB6663
:10646800D7F8F4305B6800223B667A664FF000028A
:106478004FF00003D7E9188949468B00414643EAA3
:10648800917341468A00D7E91A01FAF757FB024689
:106498000B460D4BA3FB02135B09642101FB03F3BD
:1064A800D31A1B013233084AA2FB03235B0903F00A
:1064B8000F02D7F8F4301B6822449A6000BF07F532
:1064C8008077BD46BDE8B08F1F85EB5180B400AF23
:1064D8000D4B0122DA700C4B0C4AC3F815200C4BFB
:1064E8009B6B0B33084AC2F82230094BDB6B0B332A
:1064F800054AC2F82630044B064A5A6600BFBD4614
:106508005DF8047B704700BFC83500207D3B002044
:106518008C3B002088D8002080B594B000AF03469B
:106528003A60FB710B46BB713B68FB640023FB6060
:1065380000233B61FB6C1B78062B00F2C18001A293
:1065480052F823F069650008856500089965000818
:10655800B965000877660008C966000899660008EA
:1065680007F10C03BB61BB6901337B61BB69002286
:106578001A70554BDA787B691A70A1E007F10C03A1
:106588003B623B6A0133FB613B6A01221A7097E068
:1065980007F10C03BB62BB6A01337B62BB6A022250
:1065A8001A70494BD3F815301A787B6A1A7087E04D
:1065B80007F10C037B637B6B01333B63FB6C01339B
:1065C800FB627B6B03221A703B6B02225A70FB6AD8
:1065D8001B78002B12D13B6B00221A703A4BD3F870
:1065E80022301B78002B6AD1374BD3F826301B7822
:1065F800002B64D13B6B01225A7060E0FB6A1B7868
:10660800012B12D13B6B01221A702F4BD3F8223089
:106618001B78002B53D12C4BD3F826301B78002B3A
:106628004DD13B6B01225A7049E0FB6A1B78022B63
:106638000CD13B6B02221A70234BD3F822301B7803
:10664800012B3CD13B6B01225A7038E0FB6A1B7866
:10665800032B34D13B6B03221A701B4BD3F8263023
:106668001B78012B2BD13B6B01225A7027E007F1D5
:106678000C03FB63FB6B0133BB63FB6B04221A70D7
:1066880000F0ECF8114B93F83C20BB6B1A7017E044
:1066980007F10C03BB64BB6C01337B64FB6C0133F7
:1066A8003B64BB6C06221A703B6C1A787B6C1A70C0
:1066B800054B5B6E1A687B6CC3F8012000E000BFD5
:1066C80000BF5037BD4680BDC83500203036002099
:1066D80080B584B000AF0346B9607A60FB73BB68CD
:1066E8001B79C3F30303DBB21946FB7B7A681846B0
:1066F800FFF712FF00BF1037BD4680BD80B483B0DE
:1067080000AF78600B467B8013467B702B4B93F869
:106718003D30042B4BD8294B93F83D301946274A76
:106728000B465B000B449B00134401221A70234B59
:1067380093F83D301946214A0B465B000B449B00F9
:10674800134404337A681A601C4B93F83D30194699
:106758001A4A0B465B000B449B00134408337A88A3
:106768001A80164B93F83D301946144A0B465B00C5
:106778000B449B0013440A337A781A700F4B93F832
:106788003D3019460D4B93F83D000C4A0B465B0013
:106798000B449B0013440B3302461A70074B93F8C3
:1067A8003D300133DAB2054B83F83D2000E000BFED
:1067B8000C37BD465DF8047B704700BF30360020BB
:1067C80080B483B000AF0346FB710B46BB71134620
:1067D8007B71094AFB7982F84030074ABB7982F815
:1067E8004130054A7B7982F8423000BF0C37BD46FC
:1067F8005DF8047B704700BF3036002080B582B05A
:1068080000AF78607B681B78012B01D0002315E06E
:106818007B685A687B681B8919461046FDF70CF897
:1068280003461A467B689B7A9A4206D17B68DB7AD4
:106838001A4601239340DBB200E0002318460837CC
:10684800BD4680BD80B400AF034B93F83C3018467A
:10685800BD465DF8047B70473036002080B500AF38
:1068680000F008F8024B93F83C30184680BD00BF92
:106878003036002080B582B000AF0023FB710023C2
:10688800BB710023BB7111E0BA7913465B00134456
:106898009B000C4A13441846FFF7B0FF03461A46FC
:1068A800FB791343FB71BB790133BB71BB79042BB3
:1068B800EAD9044AFB7982F83C3000BF0837BD4664
:1068C80080BD00BF3036002080B582B000AF786050
:1068D8003960114B93F8283019460F4A3B6842F843
:1068E80031300D4B93F828300B4ADB0013447A689B
:1068F8005A60094B93F828300133DAB2064B83F813
:106908002820054B93F82830042B01D9FAF700FF0B
:1069180000BF0837BD4680BD7436002080B58CB0F6
:1069280000AF78600023FB6100233B6201237B6298
:106938000023BB600023FB6000233B6100237B61D5
:106948000023BB610123BB620E23FB6207F108032E
:1069580019467868FBF72CFB0346002B01D0FAF7A1
:10696800D7FE7868FBF704FC0346002B01D0FAF742
:10697800CFFE02217868FBF761FE0346002B01D0A9
:10698800FAF7C6FE00BF3037BD4680BD80B582B07D
:1069980000AF786039607B683A681A603B681B68AA
:1069A80019467868FFF790FF00BF0837BD4680BDDD
:1069B80080B483B000AF78607B681B78012B23D14B
:1069C8007B685B78002B1FD17B685B78002B0DD12F
:1069D8007B68D3F802305A697B68DB889BB219461A
:1069E8007B68D3F802300A435A610DE07B68D3F81C
:1069F80002305A697B68DB889BB2DB4319467B68A7
:106A0800D3F802300A405A6100BF0C37BD465DF822
:106A1800047B704780B500AF0D4B1B6D002B14D065
:106A28000B4B5B6D0A4A52F823309847084B5B6D55
:106A38000133074A5365064B5A6D054B1B6D9A4245
:106A480004D3034B00225A6500E000BF80BD00BF9D
:106A5800A036002080B582B000AF78600A4B1B6D6D
:106A680009497A6841F82320074B1B6D0133064A10
:106A78001365054B1B6D132B01D9FAF749FE00BFAF
:106A88000837BD4680BD00BFA036002080B485B061
:106A980000AFF860B9601346FB71FB68BA681A600A
:106AA800FB79002B24D0012B00D022E0FB68144A8C
:106AB8005A61FB68134A9A61FB68134ADA61FB68FA
:106AC800124A1A62FB68124A1A63FB68114A5A6230
:106AD800FB68114A9A62FB68104ADA62FB68104A3E
:106AE8005A63FB680F4A9A63FB680F4ADA6300E04F
:106AF80000BF00BF1437BD465DF8047B704700BF78
:106B0800C59E0008D1A00008E39E00082D9F00083C
:106B180011A00008639F0008A99F0008EB9F0008C8
:106B280033A000087BA000089DA0000880B588B0AD
:106B380004AF0346B9607A60FB73154B5B78BA689B
:106B4800D278C2F30312D2B293421CD1104B9B7875
:106B5800BA685278C2F30402D2B2934213D10D4BF1
:106B68001B68184603F0D3F9094B5A78084B9B78F1
:106B7800F87B00210291002101910093002300215C
:106B880004F0D0FA00E000BF1037BD4680BD00BF5A
:106B98004CDC00205435002080B586B000AF034699
:106BA800B9607A60FB73134B5B78BA68D278C2F32A
:106BB8000312D2B2934218D10E4B9B78BA6852781E
:106BC800C2F30402D2B293420FD17B687B617B6926
:106BD8001A785B781B0213437B82074B1B687A8AFF
:106BE8001146184603F06AF900E000BF1837BD46A1
:106BF80080BD00BF4CDC00205435002090B58FB01C
:106C080006AF0346B9607A60FB73264B5B78BA68B7
:106C1800D278C2F30312D2B293423FD1214B9B7870
:106C2800BA685278C2F30402D2B2934236D17B6872
:106C3800FB61FB691B78FB76FB695A789B781B0222
:106C480013433B83FB69DA781B791B021343FB82EE
:106C5800FB695A799B791B021343BB82124B186854
:106C6800FC8A3A8BF97EBB8A0093234603F05AF9D3
:106C78000C4B59780B4B9B78F87BBA8A0592FA8AA9
:106C880004923A8B0392FA7E0292002201920093B8
:106C980000230A46002104F0E9F800E000BF243789
:106CA800BD4690BD4CDC00205435002080B58AB02C
:106CB80004AF0346B9607A60FB7300237B61184B0D
:106CC8005B78BA68D278C2F30312D2B2934223D166
:106CD800134B9B78BA685278C2F30402D2B293423B
:106CE8001AD17B683B613B691B687B610D4B1B6854
:106CF8007969184603F075F9094B5978084B9B7860
:106D0800F87B7A69029200220192009300230A46D6
:106D1800002104F0BFF900E000BF1837BD4680BD70
:106D28004CDC00205435002080B586B002AF034605
:106D3800B9607A60FB73144B5B78BA68D278C2F397
:106D48000312D2B293421AD10F4B9B78BA68527889
:106D5800C2F30402D2B2934211D10C4B1B681846FD
:106D680003F0FBF8084B5A78074B9B78F87B002117
:106D7800019100930023002104F011FA00E000BF04
:106D88001037BD4680BD00BF4CDC002054350020C4
:106D980080B586B002AF0346B9607A60FB73114BC9
:106DA8005B78BA68D278C2F30312D2B2934215D193
:106DB8000C4B9B78BA685278C2F30402D2B2934261
:106DC8000CD1084B5A78074B9B78F87B002101912E
:106DD80000930023002104F0E2F900E000BF10371F
:106DE800BD4680BD4CDC002080B586B000AF0346B0
:106DF800B9607A60FB73174B5B78BA68D278C2F3D4
:106E08000312D2B2934221D1124B9B78BA685278BE
:106E1800C2F30402D2B2934218D17B683B613B694A
:106E28009B78002B06D13B69DB789BB25B429BB217
:106E3800FB8202E03B69DB78FB82074B9B6A064AD0
:106E48001268B7F916101046984700E000BF1837C7
:106E5800BD4680BD4CDC00205435002080B584B090
:106E680000AF0346FB71094B9B78FA799A4201D02F
:106E7800002307E0064BDB6B054A1268104698476B
:106E8800F860FB6818461037BD4680BD4CDC002012
:106E980054350020B0B588B004AF0346B9607A60B5
:106EA800FB73154B5B78BA68D278C2F30312D2B27F
:106EB80093421DD1104B9B78BA685278C2F30402F2
:106EC800D2B2934214D10C4B5D780B4B9C780A4B91
:106ED8009B781846FFF7C2FF0346F87B029300230E
:106EE8000193009400232A46002104F0D3F800E01F
:106EF80000BF1037BD46B0BD4CDC002080B582B065
:106F080002AF074B5A78064B9B78002101910093FA
:106F180000230021002003F062FF00BFBD4680BDB2
:106F28004CDC002080B586B004AF0346FB710B46ED
:106F3800BB7113467B710A4B5978094B9B787A7958
:106F48000392BA79029200220192009300230A4622
:106F58000021002004F00EFC00BF0837BD4680BDAC
:106F68004CDC002080B586B004AF03463960FB7165
:106F7800094B5978084B9B783A6802920022019293
:106F8800009300230A460021002004F055F800BFB2
:106F98000837BD4680BD00BF4CDC0020B0B586B0C8
:106FA80004AF0346FB710E4B5D780D4B9C78FB7963
:106FB8000C4A9B0113441B68184603F05AF8034611
:106FC80003930023029300230193009400232A468D
:106FD8000021002003F0F0FF00BF0837BD46B0BD18
:106FE8004CDC00205435002080B586B004AF034641
:106FF8000A46FB711346BB710A4B5978094B9B78BB
:10700800BA7903920422029200220192009300238B
:107018000A460021002003F09CFF00BF0837BD4648
:1070280080BD00BF4CDC0020F0B587B004AF7860AD
:107038000B467B800F4B5D780E4B9C780E4BDB6BC1
:10704800184603F0B5FA03461E460B4B9B6B1846D1
:1070580003F0AEFA034603930296002301930094CB
:1070680000232A460021002004F084FB00BF0C37CF
:10707800BD46F0BD4CDC00208C3B0020B0B58AB08A
:1070880004AF0346B9607A60FB730023FB754E4B6F
:107098005B78BA68D278C2F30312D2B2934240F056
:1070A8008E80494B9B78BA685278C2F30402D2B2F8
:1070B800934240F084807B683B613B691B78042BDA
:1070C8007ED801A252F823F0E5700008C9710008C3
:1070D800C9710008137100086D7100083A4B5D789A
:1070E800394B9C78394B1B68184602F09EFF0346C3
:1070F800F87B039300230293002301930094002359
:107108002A46002103F058FF5AE0304B1B68184606
:1071180002F07AFF0346FB75FB7D022B02D10123A7
:10712800FB750DE0FB7D002B02D10223FB7507E008
:10713800FB7D052B02D10223FB7501E00023FB75C3
:10714800214B5978204B9B78F87BFA7D03920322D8
:10715800029200220192009300230A46002103F0C4
:107168002BFF2DE0194B1B68184602F04DFF034614
:10717800FB75FB7D022B02D10123FB750DE0FB7D26
:10718800002B02D10223FB7507E0FB7D052B02D102
:107198000223FB7501E00023FB750B4B59780A4B62
:1071A8009B78F87BFA7D03920422029200220192D6
:1071B800009300230A46002103F0FEFE00E000BF12
:1071C8001837BD46B0BD00BF4CDC00205435002048
:1071D80080B485B000AF78600023FB737B681B78B0
:1071E800092B3AD801A252F823F000BF63720008B5
:1071F800637200081D720008637200086372000859
:107208006372000863720008637200086372000802
:10721800397200087B685B78012B02D00D2B03D0F4
:107228001BE00523FB7302E00B23FB7300BF14E094
:107238007B685B780B2B0CD00B2B0DDC002B02D062
:10724800042B03D008E00323FB7305E00123FB7341
:1072580002E00123FB7300BF00BFFB7B1846143715
:10726800BD465DF8047B704780B485B000AF786098
:107278007B68FB60FB680333BB60FB689B7803F0AB
:107288000F03DBB2022B58D1FB689B7823F00F0366
:10729800DBB2102B53D1BB681B79002B51D12E4B7D
:1072A80001221A71BB681B682B4AC2F806302A4BA8
:1072B8005B79002B47D0284B1A68284B03F51043FD
:1072C800D3F8983C9A4240D1244B03F5104393F8E5
:1072D800A53C002B3AD1214B03F5104393F8BC3C55
:1072E800022B33D11D4B03F51043D3F8982C1B4BBD
:1072F80003F51043D3F89C3C9A4227D1164BD3F898
:107308000620164B03F51043D3F8D03CD31A124A83
:10731800C2F80A30104BD3F80A30104A02F510426E
:10732800C2F89C3C0D4B03F51043D3F89C3C0B4A28
:1073380002F51042C2F8983C08E000BF06E000BF22
:1073480004E000BF02E000BF00E000BF1437BD4604
:107358005DF8047B704700BFF83600208C3B0020A6
:1073680080B582B000AF144B03F5104393F8A53CE9
:10737800002B1DD1104B03F51043D3F8982C0E4B5E
:1073880003F51043D3F89C3C9A4211D102233B7079
:1073980001237B70094BC7F802303B46184600F0C2
:1073A8005FF9054B03F51043D3F8983C044A136082
:1073B80000BF0837BD4680BD8C3B002071720008B5
:1073C800F836002080B485B000AF78607B68FB6039
:1073D800FB680333BB60FB689B7803F00F03DBB2E9
:1073E800022B38D1FB689B7823F00F03DBB2D02B3C
:1073F80033D1BB689B7A002B31D11C4B00225A76C3
:10740800BB681B889AB2194BDA81BB685B889AB251
:10741800164B1A82BB681B791A46BB685B791B023C
:107428001A43BB689B791B0413431A460F4BC3F8D6
:107438001220BB68B3F807309BB21AB20B4BDA8242
:10744800BB689A7A094B1A76094B03F51043012257
:1074580083F8F92C04E000BF02E000BF00E000BFA1
:107468001437BD465DF8047B704700BFF83600202E
:107478008C3B002080B582B000AF02233B700D2307
:107488007B70054BC7F802303B46184600F0E8F819
:1074980000BF0837BD4680BDCD73000880B485B0F5
:1074A80000AF78607B68FB60FB680333BB60FB68F8
:1074B8009B7803F00F03DBB2092B1ED1FB689B7886
:1074C80023F00F03DBB2002B19D1BB689B78002B8C
:1074D80017D1BB689A780E4B1A770D4B1B7F002B80
:1074E80002D10B4B00225A77BB681A78084B9A7660
:1074F800BB685A78064BDA7604E000BF02E000BFAA
:1075080000E000BF1437BD465DF8047B704700BF3C
:10751800F836002080B582B000AF09233B70002305
:107528007B70054BC7F802303B46184600F098F8C8
:1075380000BF0837BD4680BDA574000880B485B07B
:1075480000AF78607B68FB60FB680333BB60FB6857
:107558009B7803F00F03DBB2092B16D1FB689B78ED
:1075680023F00F03DBB2402B11D1BB681B78002B33
:107578000FD1BB681A780A4B9A77094B9B7F002B6F
:1075880008D1074B0022DA7704E000BF02E000BF11
:1075980000E000BF1437BD465DF8047B704700BFAC
:1075A800F836002080B582B000AF09233B70042371
:1075B8007B70054BC7F802303B46184600F050F880
:1075C80000BF0837BD4680BD4575000880B485B04A
:1075D80000AF78607B68FB60FB680333BB60FB68C7
:1075E8009B7803F00F03DBB2092B19D1FB689B785A
:1075F80023F00F03DBB2B02B14D1BB681B78002B30
:1076080012D1BB681A780B4B83F82020094B93F8EA
:107618002030002B09D1074B002283F8212004E0F9
:1076280000BF02E000BF00E000BF1437BD465DF8B0
:10763800047B7047F836002080B582B000AF09237C
:107648003B700B237B70054BC7F802303B4618464E
:1076580000F006F800BF0837BD4680BDD5750008A4
:1076680080B483B000AF7860214BD3F8E0227B6808
:1076780018781F4913465B0013445B000B4403F55D
:107688003A7302461A701A4BD3F8E0227B6858788E
:10769800174913465B0013445B000B4403F2E923CC
:1076A80002461A70124BD3F8E0227B68D3F8021016
:1076B8000F4813465B0013445B00034403F53A7319
:1076C800C3F802100A4BD3F8E0320133084AC2F873
:1076D800E032074BD3F8E0321D2B03D9044B0022CC
:1076E800C3F8E02200BF0C37BD465DF8047B704745
:1076F8001C37002080B500AF154BD3F8E022144B9F
:10770800D3F8E4329A4221D0114BD3F8E42213463D
:107718005B0013445B0003F53A730D4A13441946A2
:107728000B4800F093FB0346022B0FD0084BD3F80D
:10773800E4320133064AC2F8E432054BD3F8E432A6
:107748001D2B03D9024B0022C3F8E42200BF80BDE1
:107758001C37002080B584B000AF0346B9607A605A
:10776800FB73FFF769FFFFF71DFF00BF1037BD462A
:1077780080BD000080B586B004AF184B9B7E002BFF
:1077880028D0174B1B68184602F02BFF0346B3F5A9
:107798007A7F1FD300237B60104B9B7E1B047B608A
:1077A8000E4BDB7E1A467B6813437B600D4B597882
:1077B8000C4B9B787A680292002201920093002376
:1077C8000A460021002003F074FA02F023FF034662
:1077D800034A136000BF0837BD4680BDF836002055
:1077E800803B00204CDC002080B500AFFFF782FF13
:1077F800FFF7C0FF00BF80BD80B483B000AF7860E2
:10780800044A7B68136000BF0C37BD465DF8047BF3
:10781800704700BF1C37002080B483B000AF786089
:107828007B681A687B681B68D2F80C24C3F810249C
:1078380000BF0C37BD465DF8047B704780B584B047
:1078480000AFF860B9607A603B60244B1B78012B6D
:107858000AD1234B00221A60204B00221A7002F032
:10786800D9FE03461F4A13601E4B1B68184602F0D8
:10787800B8FE02463B68934207D8184B01221A709B
:10788800174B00221A60032324E0FB681A68FB6880
:1078980004331946104603F054F90346012B18D156
:1078A8000F4B1B68BA681344FA6812791A700C4BAC
:1078B8001B6801330A4A1360094B1B687A689A42AD
:1078C80007D8074B00221A60044B01221A700023C4
:1078D80000E0022318461037BD4680BD090000208D
:1078E800843B0020883B002080B485B000AF7860DE
:1078F8000B46FB700023FB730023BB6008E0BB68EA
:107908005A1CBA607A6813441A78FB7B1344FB73D9
:10791800FB785A1EFA70002BF1D1FB7B18461437FE
:10792800BD465DF8047B704780B487B000AF7860CF
:107938000B46FB700023FB750023FB7300233B61A0
:1079480008E03B695A1C3A617A6813441A78FB7D4F
:107958001344FB75FB785A1EFA70002BF1D1FB7D9E
:10796800DB43FB73FB7B0133FB73FB7B18461C3744
:10797800BD465DF8047B704790B585B000AF786070
:10798800084611461A460346FB700B46BB70134661
:107998007B707B6803F51F73FB6097F82430033313
:1079A800BB60FB6897F824201A70FB68FA785A7055
:1079B8007B7803F00F03D9B2FA68937861F3071361
:1079C8009370BB7803F00F03D9B2FA68937861F328
:1079D8000303937097F82430002B07D0FB68033318
:1079E80097F82420396A184605F0BCFEFB68BA6887
:1079F800D2B297F8244011461846FFF795FF034680
:107A08001A46FB682344DA707B6818687B6803F5BC
:107A18001F71BB6801331A4602F0A3FF00BF143779
:107A2800BD4690BD80B483B000AF78607B68D3F862
:107A38005D345A1C7B68C3F85D247B68D3F85D34D9
:107A4800022B03D97B68012283F8612400BF0C371D
:107A5800BD465DF8047B704780B582B000AF7860A2
:107A68007868FFF7D9FE7B681B680521184602F085
:107A780066FF7B68012283F817220223184608371D
:107A8800BD4680BD80B584B000AF78600223FB732B
:107A98007B6803F506714FF4967301227868FFF747
:107AA800CDFE0346032B42D801A252F823F000BFB3
:107AB800C97A0008FF7A0008157B00081B7B0008BC
:107AC8007B6893F81832042B06D17B68022283F86E
:107AD80017220223FB732AE07B68002283F817220F
:107AE8007B68012283F858247B68012283F861248B
:107AF8000123FB731BE07B68002283F817227B6855
:107B0800012283F858240123FB7310E00223FB733E
:107B18000DE07868FFF786FF7B68002283F817225C
:107B28007B68012283F858240123FB7300BFFB7B89
:107B380018461037BD4680BD80B586B002AF786064
:107B480039600023FB737868FFF766FE3B681A7894
:107B58003B6859780023019307F10F0300930B4604
:107B680001217868FFF708FF7B68032283F8172252
:107B7800022318461037BD4680BD000080B584B08A
:107B880000AF78600223FB737B6803F506714FF43E
:107B9800967301227868FFF751FE0346032B3ED8FF
:107BA80001A252F823F000BFC17B0008EF7B000858
:107BB800057C00080B7C00087B6893F81832062BBC
:107BC80006D17B68042283F817220223FB7326E080
:107BD8007B68002283F817227B68012283F85824E7
:107BE8000123FB731BE07B68002283F817227B6864
:107BF800012283F858240123FB7310E00223FB734E
:107C08000DE07868FFF70EFF7B68002283F81722E3
:107C18007B68012283F858240123FB7300BFFB7B98
:107C280018461037BD4680BD80B584B000AF786077
:107C38000223FB737B6803F506714FF496730122E8
:107C48007868FFF7FBFD0346032B3ED801A252F8E4
:107C580023F000BF6D7C00089B7C0008B17C000805
:107C6800B77C00087B6893F81832052B06D17B682F
:107C7800052283F817220223FB7326E07B68002283
:107C880083F817227B68012283F858240123FB73A9
:107C98001BE07B68002283F817227B68012283F8A7
:107CA80058240123FB7310E00223FB730DE078686E
:107CB800FFF7B8FE7B68002283F817227B68012251
:107CC80083F858240123FB7300BFFB7B1846103749
:107CD800BD4680BD80B582B000AF78607868FFF798
:107CE8009BFD7B681B680421184602F028FE7B6810
:107CF800062283F81722022318460837BD4680BD9E
:107D080090B585B000AF78607B6803F50673BB60FB
:107D18000223FB737B6803F506747B68D3F8E422BF
:107D280013465B0013445B0003F53A737A68134407
:107D38001846FFF74DFA03461A1D4FF4967321466D
:107D48007868FFF77BFD0346032B60D801A252F841
:107D580023F000BF6D7D0008E57D0008177E000850
:107D6800FB7D00087B6803F50672BB681B7804334B
:107D7800DBB219461046FFF7B7FD0346002B1CD1AE
:107D88007B68D3F8E422796813465B0013445B00F0
:107D98000B4403F53A73D3F802307A6802F5067299
:107DA800104698477B68072283F817227B680022D1
:107DB80083F858240223FB7329E07B681B6815218C
:107DC800184602F0BCFD7B68002283F817227B6806
:107DD800012283F858240123FB7318E07B680022F2
:107DE80083F817227B68012283F858240123FB7348
:107DF8000DE07868FFF716FE7B68002283F81722EB
:107E08007B68012283F858240123FB7300BFFB7BA6
:107E180018461437BD4690BD80B582B000AF786073
:107E28007868FFF7F9FC7B681B680621184602F0A2
:107E380086FD7B68002283F817227B68002283F87E
:107E48005824002318460837BD4680BD80B584B045
:107E580000AF786039600223FB737B68D3F859342C
:107E6800184602F0BEFB0346B3F5FA7F09D302F0C9
:107E7800D1FB02467B68C3F859247B68002283F84B
:107E880058247B6893F85834002B58D17B6893F8B2
:107E98001732072B53D801A252F823F0C57E0008E9
:107EA800D17E0008DD7E0008EB7E0008F77E000822
:107EB800037F00080F7F00081B7F00087868FFF722
:107EC800CBFD0346FB733AE07868FFF7DBFD03461A
:107ED800FB7334E039687868FFF72EFE0346FB73BE
:107EE8002DE07868FFF74AFE0346FB7327E07868C1
:107EF800FFF79AFE0346FB7321E07868FFF7EAFE76
:107F08000346FB731BE07868FFF7FAFE0346FB7332
:107F180015E07868FFF780FF0346FB737B68002253
:107F280083F861247B68D3F85D34002B06D07B6826
:107F3800D3F85D345A1E7B68C3F85D2400BFFB7B11
:107F480018461037BD4680BD80B584B000AF87EDB8
:107F5800030AC7ED020A87ED011AC7ED001A134B91
:107F68001B78012B1ED1114B41F288321A620F4B3C
:107F780014225A620D4B1A6A0C4B5B6A92FBF3F39C
:107F88000A4A9362094B0022DA62D7ED001A97ED8C
:107F9800011AD7ED020A97ED030A00F033F8034BF4
:107FA80000221A7000BF1037BD4680BD94350020EE
:107FB80080B400AF124B01221A70114B4FF000022F
:107FC8005A600F4B4FF000029A600D4B4FF00002C1
:107FD800DA600B4B4FF000021A61094B4FF00002B8
:107FE8005A61074B4FF000029A61054B0022DA6193
:107FF800034B0022DA6200BFBD465DF8047B704780
:108008009435002080B48BB000AF87ED030AC7ED2C
:10801800020A87ED011AC7ED001A4FF000037B62D0
:108028003A4B1B6A07EE903AF8EEE77AC7ED087A02
:10803800D7ED027AFDEEE77A17EE902A334BDA6134
:10804800324A7B6A5361314AFB68936197ED087A3B
:10805800D7ED097A77EE677AC7ED077A97ED027A56
:10806800D7ED037A77EE677AC7ED067A274B4FF09C
:1080780000025A60254A7B689360244B93ED027A8C
:10808800D7ED007A37EE277AD7ED077A27EE277AE9
:10809800D7ED067A77EEA77A77EE677AC7ED057A95
:1080A800D7ED077A27EEA77AD7ED077A27EE277A52
:1080B800D7ED056AC6EE877A144BC3ED047A134BE5
:1080C800D3ED027A97ED007A37EE677A0F4BD3ED4E
:1080D800047AF0EE086A67EEA66AD7ED077A66EECC
:1080E800A76AD7ED077A66EEA77A77EE676AD7EDC3
:1080F800077A37EEA77AC6EE877A044BC3ED037A80
:1081080000BF2C37BD465DF8047B704794350020CE
:1081180080B487B000AF384BDB6A07EE903AF8EED0
:10812800E77AC7ED047AD7ED047A67EEA77AC7ED48
:10813800037A97ED037AD7ED047A67EE277AC7EDCD
:10814800027A2D4B5B687B602B4B93ED027AD7ED5F
:10815800047A67EE277A97ED017A77EE277AC7EDEA
:10816800017A254B93ED037AD7ED037A67EE277AE8
:1081780097ED017A77EE277AC7ED017A1E4B93EDDA
:10818800047AD7ED027A67EE277A97ED017A77EECF
:10819800277AC7ED017A184BD3ED067A97ED017A65
:1081A80077EE277AC7ED017AD7ED017AFDEEE77A07
:1081B80017EE903A7B61104BDA6A0F4B1B6A9A42B2
:1081C80010DA0D4BDB6A07EE903AF8EEE77AB3EE79
:1081D800047A77EE877AFDEEE77A17EE902A064B57
:1081E800DA6202E0044BDB697B617B6918461C3765
:1081F800BD465DF8047B70479435002080B487B095
:1082080000AFF8600B467A607B8100237B6107E052
:108218007B695A1C7A615B00FA6813447A891A8070
:108228007B685A1E7A60002BF2D100BF00BF1C3752
:10823800BD465DF8047B704780B584B000AFF86038
:10824800B9607A603B60244B1A78FB6803F51043E9
:1082580083F8A02C204B1B780133DAB21E4B1A701E
:10826800FB68BA681A60FB683A68DA61FB68FA6901
:108278001A64FB687A685A60FB68BA691A62FB6814
:10828800164A9A60FB68154A5A62FB68443342F200
:1082980015725B211846FFF7B1FFFB6803F59C4395
:1082A8006E3342F215725B211846FFF7A7FFFB6891
:1082B8001A68FB685B6819461046FCF7D7FBFB6831
:1082C800DA69FB681B6A19461046FCF7CFFB00BF4A
:1082D8001037BD4680BD00BFB0D800202FE33E3226
:1082E80080B485B000AFF860B9607A60FB68BA689E
:1082F8009A63FB687A68DA6300BF1437BD465DF895
:10830800047B704780B500AF084801F04FFA074872
:1083180001F08EFC054801F04DFD044800F008F816
:10832800024800F08DF800BF80BD00BF8C3B0020E4
:10833800B0B582B000AF78607B6803F5104393F85E
:10834800BC3C052B2AD17B6803F51043D3F8CC3C01
:10835800184602F046F90346B3F5FA7F1ED302F039
:1083680059F902467B6803F51043C3F8CC2C7B68A7
:1083780003F5104393F8A04C7B689B6B184602F0FA
:1083880017F903461D467B68DB6B184602F010F9A7
:1083980003461A4629462046FEF7C4FD7B6803F5C6
:1083A800104393F8BC3C022B06D07B6803F51043BE
:1083B80093F8BC3C032B3ED17B689B6B184602F0BC
:1083C800F7F80346012B07D07B68DB6B184602F0F1
:1083D800EFF80346012B2ED17B689B6B9B7B012B0F
:1083E80004D07B68DB6B9B7B012B24D17B689B6B68
:1083F80000229A737B68DB6B00229A737B6803F513
:108408001043052283F8BC2C7B6803F5104393F8CE
:10841800A04C7B689B6B184602F0CAF803461D46C1
:108428007B68DB6B184602F0C3F803461A462946F8
:108438002046FEF777FD00BF0837BD46B0BD0000F7
:1084480080B582B000AF78607B6803F5104393F87D
:10845800F83C012B40F08880454B1B68184602F019
:10846800C0F80346B3F5FA7F18D37B6803F51043C9
:1084780093F8FA3C0133DAB27B6803F5104383F8CA
:10848800FA2C7B6803F51043002283F8F92CFEF7D9
:10849800F1FF02F0BFF80346354A13607B6803F525
:1084A800104393F8F93C012B3DD1324B1B8A9BB208
:1084B800002B1ED07B6803F51043022283F8002DA1
:1084C8007B6803F51043002283F8FA2C7B6803F5D8
:1084D8001043002283F8F82CFFF7AEF8FFF762F894
:1084E8007B6803F5104393F8A03C1846FEF756FD49
:1084F80019E07B6803F51043012283F8002D7B689F
:1085080003F51043002283F8FA2C7B6803F5104327
:10851800002283F8F82C7B6803F5104393F8A03CFD
:108528001846FEF73BFD7B6803F5104393F8FA3CC9
:10853800042B19D97B6803F51043032283F8002D17
:108548007B6803F51043002283F8FA2C7B6803F557
:108558001043002283F8F82C7B6803F5104393F846
:10856800A03C1846FEF71AFD00BF0837BD4680BD7F
:10857800B4D80020F836002080B58AB000AF786003
:1085880000237B622AA3D3E90023C7E906237B687B
:1085980003F51043B3F8B63C1846F7F773FF4FF0EE
:1085A8000002214BF8F712F902460B46C7E90423EB
:1085B800D7E90423D7E90601F7F7DEFF02460B46A1
:1085C800C7E902237B6803F51043B3F8BA3C1846A1
:1085D800F7F758FF02460B46D7E90201F7F7CCFF39
:1085E80002460B46C7E902234FF000020F4BD7E9BA
:1085F8000201F7F70BFE02460B4643EC172BB0EED1
:10860800470AF0EE670A05F0BBF853EC102B10464A
:108618001946F8F773FA03467B627B6A18462837CF
:10862800BD4680BDAFF30080000059400000E03F28
:10863800721CC7711CC73B4080B586B000AF78601C
:1086480039603B6807EE903AB8EEE77ADFED1D6ACD
:10865800C7EE267AC7ED057A7B6803F51043D3F891
:10866800143D07EE903AF8EEE77A97ED057A67EE53
:10867800277AC7ED047A3869F7F726FF4FF000022A
:10868800114BF7F7C3FD02460B4643EC172BB0EE30
:10869800470AF0EE670A05F073F853EC102B104602
:1086A8001946F8F703FA0346FB607B6803F51043A5
:1086B800D3F8083DFA681344FB60FB68184618377E
:1086C800BD4680BD00F07F450000E03F80B483B028
:1086D80000AF78607B6842F20F72934202D942F28F
:1086E800107300E07B6818460C37BD465DF8047BC4
:1086F8007047000080B582B000AF786039607B6851
:1087080003F51043D3F8AC3C44F62062B2FBF3F314
:1087180007EE903AF8EE677A3B68C3ED037A3B6858
:1087280093ED037ADFED296AC7EE267A3B68C3ED3D
:10873800037A3B68D3ED036A3B6893ED027AC6EE91
:10874800877A3B68C3ED047A3B681B691846F7F7DC
:10875800BBFE4FF000021E4BF7F758FD02460B46D2
:1087680043EC172BB0EE470AF0EE670A05F008F85D
:1087780053EC102B10461946F8F7C0F902463B682F
:108788005A613B685B694FF6205293420DD93B68AA
:108798001B681B6809229A623B685B690D4AA2FB49
:1087A8000323DA083B685A6104E03B681B681B68CE
:1087B80000229A623B685A693B681B681B68013A49
:1087C800DA6200BF0837BD4680BD00BF0024744987
:1087D8000000E03FCDCCCCCC80B582B000AF786053
:1087E8007B6803F51043D3F8982C7B6803F5104396
:1087F800D3F89C3C9A4210D17B681B681B68002206
:108808005A627B68DB691B6800225A627B6803F541
:108818001043002283F8A52CB0E07B6803F51043D1
:10882800D3F8982C7B6803F51043D3F89C3C9A4204
:1088380053DD7B6803F51043D3F8982C7B6803F568
:108848001043D3F89C3CD31A1A467B6803F51043AF
:10885800C3F8A82C7B6803F51043012283F8A42CE5
:108868007B6803F51043D3F8A83C1846FFF72EFFA2
:1088780002467B6803F51043C3F8AC2C7B681C33B5
:1088880019467868FFF736FF7B6803F51043012225
:1088980083F8A52C7B68D8697B68196A7B6803F51F
:1088A8009C426E327B6803F51043D3F8AC3C9BB214
:1088B800FBF71CFF7B6803F51043D3F8983C1A4676
:1088C8007B6803F51043D3F8AC3CD31A1A467B688F
:1088D80003F51043C3F8982C50E07B6803F5104368
:1088E800D3F89C2C7B6803F51043D3F8983CD31A33
:1088F8001A467B6803F51043C3F8A82C7B6803F578
:108908001043002283F8A42C7B6803F51043D3F8A6
:10891800A83C1846FFF7DAFE02467B6803F51043C9
:10892800C3F8AC2C7B6819467868FFF7E3FE7B68D0
:1089380003F51043012283F8A52C7B6818687B682F
:1089480059687B6803F144027B6803F51043D3F848
:10895800AC3C9BB2FBF7CAFE7B6803F51043D3F827
:10896800983C1A467B6803F51043D3F8AC3C134493
:108978001A467B6803F51043C3F8982C0837BD46A0
:1089880080BD80B582B000AF786039607B6803F540
:10899800104393F8BC3C022B14D139687868FFF770
:1089A8004BFE02467B6803F51043C3F89C2C7B689A
:1089B80003F5104393F8A53C002B04D17868FFF722
:1089C8000BFF00E000BF0837BD4680BD0000000077
:1089D800B0B586B000AFF860084611461A4603469F
:1089E800FB720B463B811346FB80FB6803F5104383
:1089F80003F6D4434FF000021A60FB6803F51043F6
:108A080003F6D8434FF000021A60FB6803F51043E1
:108A18001A46FB7A82F8B43CFB6803F510431A4601
:108A28003B89A2F8B63CFB6803F510431A46FB885D
:108A3800A2F8B83CFB6803F510431A463B8DA2F830
:108A4800BA3CFB6803F51043B3F8BA3C07EE903A1A
:108A5800B8EEE77A6C4BD3ED007A67EE277AFB68BD
:108A680003F5104303F6D443C3ED007AFB6803F51E
:108A7800104303F6D44393ED007ADFED646AC7EE42
:108A8800267AFB6803F5104303F6D843C3ED007A52
:108A9800FB6803F5104303F6D843D3ED007AB7EE2D
:108AA800007AF4EEC77AF1EE10FA07D5FB6803F501
:108AB800104303F6D8434FF07E521A604FF000027D
:108AC8004FF00003C7E90423FB6803F51043B3F82C
:108AD800B63C1846F7F7D6FC45A3D3E90023F7F7C9
:108AE80075FE02460B46C7E90423FB6803F51043ED
:108AF800B3F8BA3C1846F7F7C5FC02460B46D7E967
:108B08000401F7F739FD02460B46C7E904233AA3E7
:108B1800D3E90023D7E90401F7F72EFD02460B46F7
:108B2800C7E90423FB881846F7F7BCFC02460B4646
:108B3800D7E90401F7F720FD02460B46C7E90423ED
:108B48002FA3D3E90023D7E90401F7F73FFE024634
:108B58000B46C7E904233C697B6983F0004520463E
:108B68002946F7F7A3FF0246FB6803F51043C3F84D
:108B7800E82CFB6803F5104393F8B43C012B1AD199
:108B8800FB6803F5104303F6D843D3ED007AF1EE02
:108B9800677AFB6803F5104303F6D843C3ED007A00
:108BA800FB6803F51043D3F8E83C5B42FA6802F52A
:108BB8001042C2F8E83C164B03F510431A4600234E
:108BC800C2F8D03CFB6803F510431A460023C2F8EC
:108BD800F43CFB6803F51043002283F8F02C0D4B9E
:108BE80000225A7100BF1837BD46B0BDAFF30080F0
:108BF800000000000094E140000000000088C3402D
:108C08000000000000FEAF400C00002000007A4485
:108C18008C3B0020F836002080B483B000AF786029
:108C28007B6803F51043012283F8BC2C0E4B03F537
:108C380010431A460023C2F8D03C7B6803F5104362
:108C48001A460023C2F8F43C7B6803F5104300225F
:108C580083F8F02C054B00225A7100BF0C37BD4633
:108C68005DF8047B704700BF8C3B0020F83600207D
:108C780080B590B000AF7860834B1B8A9BB2002B05
:108C880001D00023F7E0804B1B7E002B01D000238E
:108C9800F1E07D4BD3F81230002B01D10023EAE03C
:108CA8007B6803F51043D3F8FC3C002B01D100236B
:108CB800E1E00023FB637B6803F5104393F8B43CC1
:108CC800002B23D17B6803F51043D3F8FC2C6F4BA2
:108CD8009B1ABB63B86BF7F7E5FB4FF040426C4B50
:108CE800F7F774FD02460B461046194664A3D3E90C
:108CF8000023F7F741FC02460B46C7E90C23D7E9E6
:108D08000C01F7F7D3FE0346BB6327E07B6803F546
:108D1800104393F8B43C012B20D17B6803F5104332
:108D2800D3F8FC3CBB63B86BF7F7BCFB4FF0404291
:108D3800574BF7F74BFD02460B461046194650A312
:108D4800D3E90023F7F718FC02460B46C7E90C23C2
:108D5800D7E90C01F7F7AAFE0346BB634FF0000200
:108D68004FF00003C7E90A23474BD3F812301846DF
:108D7800F7F788FB02460B46C7E90823424BB3F9CD
:108D880016301BB21846F7F78DFB02460B46C7E9AB
:108D980006234FF000024FF00003C7E904234FF009
:108DA80000024FF00003C7E9022335A3D3E90023EB
:108DB800D7E90601F7F7E0FB02460B46C7E90623A9
:108DC800D7E90823C7E90A232DA3D3E90023D7E964
:108DD8000A01F7F7D1FB02460B46C7E90A234FF011
:108DE80040422B4BD7E90A01F7F7F0FC02460B4645
:108DF800C7E90A23D7E90A23C7E908237B6803F5EB
:108E08001043D3F8FC3C1846F7F74CFB02460B46D8
:108E1800C7E904231AA3D3E90023D7E90401F7F724
:108E2800ABFB02460B46C7E904234FF04042184B00
:108E3800D7E90401F7F7CAFC02460B46C7E9042341
:108E4800D7E90423C7E90223D7E90823D7E90601AC
:108E5800F7F7DCF902460B4610461946D7E9022314
:108E6800F7F7D2F902460B4610461946F7F71EFEE9
:108E78000346FB63FB6B18464037BD4680BD00BF09
:108E8800000000000088C340F8360020FFFF7F0084
:108E9800FFFF5F4100000000B0B58EB000AFF86082
:108EA800084611461A460346FB720B463B81134699
:108EB800FB80002387F83730914B00225A71FB68FA
:108EC80003F51043012283F8F02CFB6803F51043E7
:108ED8001A460023C2F8F43CFB6803F510431A460F
:108EE8000023C2F8D03CFB6803F5104303F6D443D3
:108EF8004FF000021A60FB6803F5104303F6D843ED
:108F08004FF000021A60FB6803F510431A46FB7A1B
:108F180082F8B43CFB6803F510431A463B89A2F873
:108F2800B63CFB6803F510431A46FB88A2F8B83C28
:108F3800FB6803F510431A46B7F84830A2F8BA3C64
:108F4800FB6803F51043B3F8BA3C07EE903AB8EE65
:108F5800E77A6C4BD3ED007A67EE277AFB6803F566
:108F6800104303F6D443C3ED007AFB6803F51043BE
:108F780003F6D44393ED007ADFED636AC7EE267AF1
:108F8800FB6803F5104303F6D843C3ED007AFB688A
:108F980003F5104303F6D843D3ED007AB7EE007A11
:108FA800F4EEC77AF1EE10FA07D5FB6803F5104323
:108FB80003F6D8434FF07E521A604FF000024FF08C
:108FC8000003C7E90A23FB6803F51043B3F8B63C6E
:108FD8001846F7F757FA44A3D3E90023F7F7F6FB47
:108FE80002460B46C7E90A23FB6803F51043B3F8AA
:108FF800BA3C1846F7F746FA02460B46D7E90A0183
:10900800F7F7BAFA02460B46C7E90A2338A3D3E9A9
:109018000023D7E90A01F7F7AFFA02460B46C7E97A
:109028000A23FB881846F7F73DFA02460B46D7E9AC
:109038000A01F7F7A1FA02460B46C7E90A232EA34D
:10904800D3E90023D7E90A01F7F7C0FB02460B462C
:10905800C7E90A23BC6AFB6A83F000452046294613
:10906800F7F724FD0246FB6803F51043C3F8E82C24
:10907800FB6803F51043D3F8E83CFA6802F51042A0
:10908800C2F8F43CFB6803F5104393F8B43C012B99
:109098001AD1FB6803F5104303F6D843D3ED007AE1
:1090A800F1EE677AFB6803F5104303F6D843C3ED86
:1090B800007AFB6803F51043D3F8E83C5B42FA6892
:1090C80002F51042C2F8E83CF868FFF7D1FD786273
:1090D800FB6803F51043D3F8FC3C002B16D197F836
:1090E800373002E1AFF30080000000000094E14057
:1090F800000000000088C3400000000000FEAF40F0
:10910800F83600200C00002000007A44FB6803F5C4
:1091180010431A467B6AC2F8983CFB6803F5104373
:109128001A467B6AC2F89C3CFB6803F5104393F827
:10913800B43C002B64D1FB6803F510431A460023A6
:10914800C2F80C3DF868FFF717FA03465B421A4667
:10915800FB6803F51043C3F8102DFB6803F51043B3
:10916800D3F8103DFA6802F51042C2F8143DFB68C6
:1091780003F51043022283F8BC2C786AF7F792F9BA
:109188005DA3D3E90023F7F7F7F902460B46C7E9D1
:109198000423FB6803F51043D3F8143D1846F7F78A
:1091A80081F902460B46D7E90401F7F70FFB02469F
:1091B8000B46C7E904234FF00002514BD7E90401DD
:1091C800F7F724F802460B4643EC172BB0EE470A94
:1091D800F0EE670A04F0D4FA53EC102B1046194647
:1091E800F7F764FC0246FB6803F51043C3F8E02C6C
:1091F800FB6803F510431A467B6AC2F8EC3C69E049
:10920800FB6803F5104393F8B43C012B62D1FB686B
:1092180003F510431A460023C2F8103DF868FFF71B
:10922800ABF903461A46FB6803F51043C3F80C2D47
:10923800FB6803F51043D3F80C3DFA6802F51042B9
:10924800C2F8143DFB6803F51043022283F8BC2CD6
:10925800786AF7F727F928A3D3E90023F7F78CF9F9
:1092680002460B46C7E90623FB6803F51043D3F80B
:10927800143D1846F7F716F902460B46D7E90601DA
:10928800F7F7A4FA02460B46C7E906234FF0000297
:109298001B4BD7E90601F6F7B9FF02460B4643EC2C
:1092A800172BB0EE470AF0EE670A04F069FA53ECA0
:1092B800102B10461946F7F7F9FB0246FB6803F531
:1092C8001043C3F8E02CFB6803F510431A467B6A89
:1092D800C2F8EC3C012387F83730FB6803F51043EC
:1092E800022283F8BC2C97F8373018463837BD4629
:1092F800B0BD00BFAFF300800000000000FEAF402B
:109308000000E03F80B584B000AFF860B9607A60D3
:10931800FB6803F51043D3F8DC3C184601F061F90B
:109328000346002B22D001F075F90246FB6803F5CD
:109338001043C3F8DC2CFB6803F51043D3F89C3CBE
:109348001946BB687A6802FB03F30B441A46FB68AC
:1093580003F51043C3F89C2CFB6803F5104393F8FE
:10936800A53C002B02D1F868FFF736FA00BF10378A
:10937800BD4680BD80B584B000AF786039600023F9
:10938800FB737B6803F5104393F8B43C002B0BD1B7
:109398007B6803F51043D3F89C3C3A689A420FDB8C
:1093A8000123FB73FB7B31E07B6803F51043D3F8A3
:1093B8009C3C3A689A4203DC0123FB73FB7B25E063
:1093C8007B6803F51043D3F89C3C07EE903AB8EE5F
:1093D800E77A7B6803F5104303F6D843D3ED007AA8
:1093E80077EE677AFDEEE77A17EE902A7B6803F549
:1093F8001043C3F89C2C7B6803F5104393F8A53CF5
:10940800002B02D17868FFF7E7F9FB7B1846103785
:10941800BD4680BD80B582B000AF78603960344BFE
:109428001B78012B07D1324B00221A7001F0F2F899
:109438000346304A13602F4B1B68184601F0D1F8D9
:10944800034640F6B832934201D802234CE02A4B37
:109458001B78012B0FD1284B00221A70274B0022B2
:109468001A71264B00225A71FDF77AFF01F0D2F8E3
:109478000346234A1360224B1B68184601F0B1F8D3
:1094880002463B68934207D81B4B01221A70184BBF
:1094980001221A70032327E01A4B1B68184601F0B3
:1094A800A0F80346B3F57A7F06D3FDF759FF01F01C
:1094B800B1F80346134A1360104B1B79012B12D1E4
:1094C8000E4B01225A710D4BD3F806307A6802F51B
:1094D8001042C2F8D03C084B01221A70044B0122FA
:1094E8001A70002300E0022318460837BD4680BDE5
:1094F80010000020B8D8002011000020F836002005
:10950800BCD80020C0D8002080B582B000AF7860F9
:109518003960464B1B78012B07D1444B00221A7047
:1095280001F078F80346424A1360414B1B6818461D
:1095380001F057F8034640F6B832934201D80223A7
:109548006FE03C4B1B78012B0FD13A4B00221A706D
:10955800394B00221A71384B00225A71FDF700FF6F
:1095680001F058F80346354A1360344B1B68184617
:1095780001F037F802463B68934207D82D4B012289
:109588001A702A4B01221A7003234AE02C4B1B68DD
:10959800184601F026F80346B3F57A7F06D3FDF79F
:1095A800DFFE01F037F80346254A1360224B1B798A
:1095B800012B35D1204B01225A717B6803F51043EA
:1095C80093F8B43C002B0ED11B4BD3F806207B68D4
:1095D80003F51043D3F8F43CD31A7A6802F5104225
:1095E800C2F8D03C14E07B6803F5104393F8B43C10
:1095F800012B0DD1104BD3F806207B6803F51043DF
:10960800D3F8F43C13447A6802F51042C2F8D03C0F
:10961800084B01221A70054B01221A70002300E042
:10962800022318460837BD4680BD00BF120000203F
:10963800C4D8002013000020F8360020C8D8002025
:10964800CCD8002080B582B000AF78603960524B2A
:109658001B78012B18D1504B00221A704F4B002257
:109668001A704F4B012283F821204D4B01225A7664
:10967800FDF7E2FF00F0CEFF03464A4A136000F010
:10968800C9FF0346484A1360464B1B68184600F05A
:10969800A8FF02463B68934207D83F4B01221A7045
:1096A8003E4B00221A70032371E03C4B1B78022BBF
:1096B8003ED0022B6ADC002B02D0012B25D065E0BE
:1096C800374B93F82130002B0AD1FDF7D3FE334BEB
:1096D80001221A7000F09EFF0346334A136055E0DA
:1096E800314B1B68184600F07CFF0346B3F5167F24
:1096F80047D32B4B012283F82120FDF79DFF00F073
:1097080089FF0346284A13603BE0274B1B6818462D
:1097180000F067FF034640F6B732934233D91F4B38
:1097280002221A7000F076FF03461F4A13602AE0EF
:109738001B4B5B7E002B10D1194BD3F812301A4605
:109748007B6803F51043C3F8FC2C134B01221A70F5
:10975800124B00221A70002319E0134B1B6818469D
:1097680000F03FFF0346B3F5167F0ED30C4B0122E2
:109778005A76FDF77FFE00F04DFF03460A4A136054
:1097880003E000BF02E000BF00E000BF022318466C
:109798000837BD4680BD00BF14000020D0D8002087
:1097A800F8360020D4D80020D8D8002080B584B05E
:1097B80000AF78600223FB737B6803F5104393F8CE
:1097C800BC3C012B40F02D827B6803F5104393F8D5
:1097D800BD3C012B40F01A817B6803F51043D3F898
:1097E800C03C184600F0FDFE034640F6B7329342EF
:1097F80040F219827B6803F51043D3F8C83C184639
:1098080000F0EFFE0346002B00F00D8200F002FF8F
:1098180002467B6803F51043C3F8C82C7B6803F540
:109828001043D3F8C43C19467868FFF7A3FD0346F4
:10983800012B40F0F881B84B1B78002B08D141F67A
:1098480058317868FFF7E6FD03461A46B34B1A709D
:10985800B24B1B78002B03D0B04B1B78032B09D1DC
:10986800AD4B01221A7042F210717868FFF7EAFED8
:109878000346FB73FB7B002B03D0FB7B032B40F0E1
:10988800D281FB7B032B06D17B6803F510431A4674
:109898000023C2F8FC3CA04B00221A709F4B022206
:1098A8001A707B6803F51043002283F8BD2C7B688F
:1098B80003F510431A460023C2F8C43C7B6803F53D
:1098C800104393F8B43C002B4CD17B6803F510434C
:1098D8001A460023C2F8983C7B6803F510431A46E1
:1098E8000023C2F89C3C7B6803F510431A4600230A
:1098F800C2F80C3D7868FEF73FFE03465B421A4605
:109908007B6803F51043C3F8102D7B6803F51043FB
:10991800D3F8103D7A6802F51042C2F8143D7B680E
:1099280003F51043022283F8BC2C7B6803F510432F
:109938001A460023C2F8E03C7B6803F510431A4638
:109948000023C2F8EC3C7B6803F5104393F8A02C85
:109958007B6803F51043D3F8FC3C19461046FDF725
:1099680001FB60E17B6803F5104393F8B43C012BDD
:1099780040F059817B6803F510431A460023C2F86A
:10998800983C7B6803F510431A460023C2F89C3CB8
:109998007B6803F510431A460023C2F8103D786827
:1099A800FEF7EAFD03461A467B6803F51043C3F841
:1099B8000C2D7B6803F51043D3F80C3D7A6802F54B
:1099C8001042C2F8143D7B6803F51043022283F865
:1099D800BC2C7B6803F510431A460023C2F8E03C10
:1099E8007B6803F510431A460023C2F8EC3C7B68F9
:1099F80003F5104393F8A02C7B6803F51043D3F8C4
:109A0800FC3C19461046FDF7ADFA0CE17B6803F5FE
:109A1800104393F8B43C002B40F082807B68DB6BEA
:109A2800184600F0C5FD0346012B64D17B6803F599
:109A380010431A460023C2F8983C7B6803F510438C
:109A48001A460023C2F89C3C7B6803F510431A466B
:109A58000023C2F80C3D7868FEF78EFD03465B4292
:109A68001A467B6803F51043C3F8102D7B6803F58D
:109A78001043D3F8103D7A6802F51042C2F8143D3D
:109A88007B6803F51043012283F8BD2C7B6803F53E
:109A9800104303F6D443D3ED007AF1EE677AB1EEC2
:109AA800047A67EE877AFDEEE77A17EE902A7B68EC
:109AB80003F51043C3F8C42C00F0ACFD02467B68E4
:109AC80003F51043C3F8C82C00F0A4FD02467B68D8
:109AD80003F51043C3F8C02C7B6803F510431A46FE
:109AE8000023C2F8E03C7B6803F510431A460023C4
:109AF800C2F8EC3C98E07B6803F5104303F6D843C2
:109B0800D3ED007AFDEEE77A012217EE901A786815
:109B1800FFF7F8FB88E000BFDCD800201500002024
:109B28007B6803F5104393F8B43C012B7CD17B6828
:109B3800DB6B184600F03CFD0346012B61D17B68C6
:109B480003F510431A460023C2F8983C7B6803F5D6
:109B580010431A460023C2F89C3C7B6803F5104367
:109B68001A460023C2F8103D7868FEF705FD034643
:109B78001A467B6803F51043C3F80C2D7B6803F580
:109B88001043D3F80C3D7A6802F51042C2F8143D30
:109B98007B6803F51043012283F8BD2C7B6803F52D
:109BA800104303F6D443D3ED007AB1EE047A67EE9E
:109BB800877AFDEEE77A17EE902A7B6803F5104363
:109BC800C3F8C42C00F026FD02467B6803F5104359
:109BD800C3F8C82C00F01EFD02467B6803F510434D
:109BE800C3F8C02C7B6803F510431A460023C2F85B
:109BF800E03C7B6803F510431A460023C2F8EC3CAE
:109C080012E07B6803F5104303F6D843D3ED007ADE
:109C1800FDEEE77A012217EE901A7868FFF772FBDB
:109C280002E000BF00E000BF1037BD4680BD00BFA6
:109C380080B582B000AF78607B6803F5104393F875
:109C4800BC3C032B40F0AD80574B1B78012B21D136
:109C5800FEF7AEF97B6803F51043D3F8EC3C07EE4A
:109C6800903AF8EEE77A7B6803F51043D3F8E83CBE
:109C780007EE103AB8EEC77ADFED4C1A9FED4B1A93
:109C8800F0EE470AB0EE670AFEF75EF9464B00228F
:109C98001A7086E07B6803F51043002283F8002DD4
:109CA8007B6803F51043D3F8E82C7B6803F5104371
:109CB800D3F8EC3C9A422FD07B6803F51043D3F8D5
:109CC800E43C184600F08DFC0346132B69D97B68E9
:109CD80003F5104393F8A53C002B14D1FEF718FAAE
:109CE80002467B6803F51043C3F89C2C7B6803F598
:109CF8001043D3F89C3C7A6802F51042C2F8EC3C59
:109D08007868FEF769FD00F085FC02467B6803F57C
:109D18001043C3F8E42C44E07B6803F5104393F840
:109D2800F03C012B22D141F658317868FFF7ECFB63
:109D380003461A461E4B1A701D4B1B78022B30D057
:109D48001B4B02221A707B6803F51043022283F82A
:109D5800BC2C7B6803F5104393F8A03C02211846FD
:109D6800FDF742F9104B01221A701AE07B6803F5DF
:109D78001043002283F8F02C0D4B02221A707B68E6
:109D880003F51043022283F8BC2C7B6803F51043CB
:109D980093F8A03C02211846FDF726F9024B012250
:109DA8001A700837BD4680BD16000020000000006C
:109DB8001700002080B582B000AF78607B6803F59B
:109DC800104393F8183D012B5FD17B6803F51043CE
:109DD800D3F8203D184600F004FC0346C72B0DD9E4
:109DE8007B6803F51043002283F8182D7B6803F580
:109DF80010431A460023C2F81C3D49E07B6803F56E
:109E08001043D3F81C3D002B12DD7B6803F510438B
:109E1800D3F8982C7B6803F51043D3F81C3D1A44FB
:109E28007B6803F51043D3F89C3C9A4212DA2FE082
:109E38007B6803F51043D3F8982C7B6803F510432F
:109E4800D3F81C3D1A447B6803F51043D3F89C3CB7
:109E58009A421CDC7B6803F51043D3F89C2C7B6882
:109E680003F51043D3F81C3D13447A6802F51042F9
:109E7800C2F89C3C7B6803F5104393F8A53C002B83
:109E880006D17868FEF7A8FC02E000BF00E000BF3A
:109E98000837BD4680BD000080B582B000AF78604D
:109EA80000217868FAF7E2FD0348FEF795FC00BF49
:109EB8000837BD4680BD00BF8C3B002080B582B00E
:109EC80000AF78600B467B807B8819467868FEF780
:109ED80058FD00BF0837BD4680BD80B586B002AFCB
:109EE800F860084611461A460346FB720B463B814A
:109EF8001346FB80F8883A89F97A3B8B009303462E
:109F0800F868FEF765FD00BF1037BD4680BD80B517
:109F180082B000AF78607868FEF77EFE00BF083731
:109F2800BD4680BD80B586B002AFF86008461146D0
:109F38001A460346FB720B463B811346FB80F888A2
:109F48003A89F97A3B8B00930346F868FEF7A4FF39
:109F5800034618461037BD4680BD80B485B000AFB3
:109F680078607B68FB60FB6803F5104393F8BC3CA2
:109F7800022B09D1FB6803F51043D3F8983CFA6823
:109F880002F51042C2F8EC3CFB6803F510430322CB
:109F980083F8BC2C00BF1437BD465DF8047B7047BE
:109FA80080B584B000AF78600B467B807B68FB602F
:109FB800FB6803F51043012283F8182DB7F9023026
:109FC800FA6802F51042C2F81C3D00F023FB024675
:109FD800FB6803F51043C3F8202D00BF1037BD46BA
:109FE80080BD80B485B000AF786039607B68FB6065
:109FF8003B68FA6802F51042C2F8FC3C00BF14370F
:10A00800BD465DF8047B704780B485B000AF7860CA
:10A018007B68FB60FB6803F5104393F8BC3C18466B
:10A028001437BD465DF8047B704780B485B000AF37
:10A0380078607B68FB60FB6803F5104393F8F83C95
:10A04800002B0BD1FB6803F51043002283F8002D89
:10A05800FB6803F51043012283F8F82CFB6803F52D
:10A06800104393F8003D18461437BD465DF8047B4D
:10A07800704780B485B000AF78607B68FB60FB6890
:10A0880003F5104393F8003D18461437BD465DF8B4
:10A09800047B704780B485B000AF78607B68FB6054
:10A0A800FB6803F5104393F8BC3C022B05D1FB6811
:10A0B80003F51043D3F8FC3C00E00023184614379E
:10A0C800BD465DF8047B704780B483B000AF78600C
:10A0D8000B467B8013463B8000BF0C37BD465DF8BE
:10A0E800047B704780B485B000AF78603960002386
:10A0F800FB810023BB6016E0FB891B021AB2FB89B7
:10A108001B0A9BB218467B68591C79601B78434030
:10A11800DBB20A4931F813301BB253401BB2FB8142
:10A12800BB680133BB60BA683B689A42E4D3FB89D9
:10A1380018461437BD465DF8047B7047C0D8000840
:10A1480080B483B000AF7860044A7B68136000BFB6
:10A158000C37BD465DF8047B704700BFE0D800208F
:10A1680080B582B000AF03460A46FB711346BB7147
:10A17800FB79184601F07EFB00BF0837BD4680BD5D
:10A1880080B400AF064B00225A8100229A81044B0A
:10A19800002283F8172200BFBD465DF8047B704794
:10A1A800E0D8002080B500AFFFF7EAFF0D4B1B7920
:10A1B8005B2B14D10B4BD3F80A300A4A1179094AA0
:10A1C80013440A4683F81822064BD3F80A300133A1
:10A1D800044AC2F80A30034B012283F8172200BF51
:10A1E80080BD00BFE0D8002080B400AF0C4BD3F88E
:10A1F8000A300B4A11790A4A13440A4683F818228E
:10A20800074BD3F80A300133054AC2F80A30044B29
:10A21800022283F8172200BFBD465DF8047B704711
:10A22800E0D8002080B400AF0F4BD3F80A300E4AB4
:10A2380011790D4A13440A4683F818220A4BD3F8B9
:10A248000A300133084AC2F80A30074B0022DA8183
:10A2580000221A82044B032283F8172200BFBD464E
:10A268005DF8047B704700BFE0D8002080B400AFE1
:10A27800154BD3F80A30144A1179134A13440A4685
:10A2880083F81822104BD3F80A3001330E4AC2F86B
:10A298000A300D4BD3F80E3001330B4AC2F80E309A
:10A2A800094BD3F80E30012B08D9074B0022DA816D
:10A2B80000221A82044B042283F8172200BFBD46ED
:10A2C8005DF8047B704700BFE0D8002080B400AF81
:10A2D800154BD3F80A30144A1179134A13440A4625
:10A2E80083F81822104BD3F80A3001330E4AC2F80B
:10A2F8000A300D4BD3F80E3001330B4AC2F80E303A
:10A30800094BD3F80E30012B08D9074B0022DA810C
:10A3180000221A82044B052283F8172200BFBD468B
:10A328005DF8047B704700BFE0D8002080B586B098
:10A3380000AF1D4B1B795D2B30D11B4BD3F80A3076
:10A34800194A1179184A13440A4683F81822174BF8
:10A358007B617B6901333B613B690233FB60FB68CE
:10A368000233BB60BB6802337B6005210F48FFF7EF
:10A37800B9FE03467B80BB681B889BB27A889A42E9
:10A388000CD13B691B78492B08D1FB681A78FB680C
:10A398005B7819461046FFF7E3FE00BFFFF7F0FEB3
:10A3A80000BF1837BD4680BDE0D80020F8DA00208D
:10A3B80080B500AF184B1B681849184600F0C1FB60
:10A3C8000346012B26D1144B93F81732052B21D8BD
:10A3D80001A252F823F000BFF9A30008FFA3000868
:10A3E80005A400080BA4000811A4000817A400087D
:10A3F800FFF7D8FE0EE0FFF7F7FE0BE0FFF712FFBE
:10A4080008E0FFF733FF05E0FFF760FF02E0FFF722
:10A418008DFF00BF00BF80BDE0D80020E4D8002039
:10A4280080B500AFFFF7C4FF00BF80BD80B584B022
:10A4380000AFF8607B600B46FB721346BB72FB688B
:10A448007A681A60FB683A8B9A80FB7A03F07F037C
:10A45800D9B2FA68937A61F347039372BB7A03F02F
:10A468000103D9B2FA68937A61F300039372FB6827
:10A478003A7F1A72FB6897F820205A72F86800F041
:10A4880005F800BF1037BD4680BD000080B582B01A
:10A4980000AF78600D4B93F8283019460B4A7B685B
:10A4A80042F82130094B93F828300133DAB2074BD0
:10A4B80083F82820054B93F82830092B01D9F7F7A2
:10A4C80027F900BF0837BD4680BD00BFCCDB0020A0
:10A4D80080B582B000AF154B93F82830FB7100238C
:10A4E800BB710023BB7116E0BB79DBB21A460F4B78
:10A4F80053F82230184600F01BF8BB79DBB21A4635
:10A508000A4B53F82230184600F02FF8BB79DBB21B
:10A518000133DBB2BB71BB79DBB2FA799A42E3D87B
:10A5280000BF00BF0837BD4680BD00BFCCDB0020A0
:10A5380080B582B000AF78607B681A687B689B88BA
:10A5480019461046F9F778F903461A467B685B7A8C
:10A558009A4203D17B680122DA7202E07B6800220A
:10A56800DA7200BF0837BD4680BD80B582B000AF43
:10A5780078607B68DA7A7B681A737B681A7B7B68F9
:10A588005B7B9A4210D07B681A7B7B685A737B6826
:10A5980001229A737B6803F10A027B681B7B9BB2DA
:10A5A80019461046FCF740FD00BF0837BD4680BD80
:10A5B80080B582B000AF78607B681A687B689B883A
:10A5C80019461046F9F738F903461A467B685B7A4C
:10A5D8009A4201D1012300E0002318460837BD46FE
:10A5E80080BD80B582B000AF7860F7F7D9FB02462E
:10A5F8007B68934205D8F7F7D3FB02467B68D31AEA
:10A6080004E0F7F7CDFB02467B68D31A18460837F3
:10A61800BD4680BD80B500AFF7F7C2FB03461846BC
:10A6280080BD80B584B000AFF860B9607A60BB685F
:10A638001B681846FFF7D5FF02467B68934206D889
:10A64800FB689847F7F7ACFB0246BB681A6000BF87
:10A658001037BD4680BD000080B582B000AF78607D
:10A668003960114B93F8503019460F4A3B6842F84D
:10A6780031300D4B93F850300B4ADB0013447A68A5
:10A688005A60094B93F850300133DAB2064B83F81D
:10A698005020054B93F85030092B01D9F7F738F8BB
:10A6A80000BF0837BD4680BDF8DB002080B582B00A
:10A6B80000AF786039607B683A681A603B681B684D
:10A6C80019467868FFF7C8FF00BF0837BD4680BD48
:10A6D80080B582B000AF786000BF7B6818687B687F
:10A6E80003F6140301221946FBF710F90346002B61
:10A6F800F3D100BF00BF0837BD4680BD80B584B028
:10A7080000AFF860B9601346FB80FB68012283F84C
:10A718001528FB68BA68C3F81628FB68FA88A3F8F6
:10A728001A28F86800F021F800BF1037BD4680BD30
:10A7380080B483B000AF78607B6893F81538012B3C
:10A748000DD17B68D3F816385A697B68B3F81A3884
:10A758009BB219467B68D3F816380A435A6100BF82
:10A768000C37BD465DF8047B704780B483B000AFFA
:10A7780078607B6893F81538012B0ED17B68D3F885
:10A7880016385A697B68B3F81A389BB2DB43194606
:10A798007B68D3F816380A405A6100BF0C37BD46AB
:10A7A8005DF8047B704780B483B000AF78607B6845
:10A7B8001B78012B1FD17B685B78002B0ED17B683F
:10A7C800D3F802305A697B68DB889BB2DB431946B1
:10A7D8007B68D3F802300A405A610CE07B68D3F8F2
:10A7E80002305A697B68DB889BB219467B68D3F8CC
:10A7F80002300A435A6100BF0C37BD465DF8047B3E
:10A80800704780B483B000AF78607B681B78012BF9
:10A8180023D17B685B78002B1FD17B685B78002B8A
:10A828000DD17B68D3F802305A697B68DB889BB20C
:10A8380019467B68D3F802300A435A610DE07B68F9
:10A84800D3F802305A697B68DB889BB2DB43194630
:10A858007B68D3F802300A405A6100BF0C37BD4606
:10A868005DF8047B704780B584B000AF7860002342
:10A87800FB607B685A687B689B689A4209D1786854
:10A88800FFF773FF7B6803F61C031846FFF7B9FF51
:10A898002DE07B685A687B689B689A4206D97B687A
:10A8A8005A687B689B68D31AFB600AE07B685A6821
:10A8B8007B689B689A4204D27B689B68C3F5806377
:10A8C800FB607868FFF734FF7B6803F61C031846C3
:10A8D800FFF769FF7B6818687B689B6808337A68AC
:10A8E80013440433FA6892B21946FAF7CAFF1037CC
:10A8F800BD4680BD80B483B000AF78600B46FB7066
:10A908007B685B687A681344FA781A737B685B68BB
:10A918005A1C7B685A607B685B68B3F5806F08D304
:10A928007B6800221A7100225A7100229A71002253
:10A93800DA7100BF0C37BD465DF8047B704780B5FF
:10A9480082B000AF78600B46FB70FB7819467868D8
:10A95800FFF7D0FF7868FFF786FF00BF0837BD46CE
:10A9680080BD80B586B000AFF860B9607A6000231A
:10A978007B610AE07B695A1C7A611A46BB681344FA
:10A988001B781946F868FFF7B5FF7B685A1E7A608E
:10A99800002BEFD1F868FFF766FF00BF1837BD46F8
:10A9A80080BD000080B485B000AF78600023FB60F4
:10A9B800164B93F85030FB720023BB720023BB7216
:10A9C80017E0BB7ADBB21A46104B53F832301A46FE
:10A9D8007B68934208D1BB7ADBB20C4ADB00134494
:10A9E8005B68FB60FB680AE0BB7ADBB20133DBB271
:10A9F800BB72BB7ADBB2FA7A9A42E2D8FB68184695
:10AA08001437BD465DF8047B704700BFF8DB0020B3
:10AA180080B584B000AF78607B681B681846FFF784
:10AA2800C1FFB8600023FB60BB68002B42D0BB6845
:10AA38009B68BA681268928C1A44BB689A60BB68B3
:10AA48009B68B3F5806F05D3BB689B68A3F58062EC
:10AA5800BB689A60BB685A68BB689B689A421FD0FB
:10AA6800BB685A68BB689B689A4206D9BB685A6833
:10AA7800BB689B68D31AFB6004E0BB689B68C3F59E
:10AA88008063FB60BB681868BB689B680833BA685A
:10AA980013440433FA6892B21946FAF7F2FE0AE050
:10AAA800B868FFF762FEBB6803F61C031846FFF799
:10AAB800A8FE00E000BF1037BD4680BD80B584B059
:10AAC80000AF78607B681B681846FFF76BFFF8607B
:10AAD800FB68002B31D0FB68D3F80C34FA6892F885
:10AAE8001418FA6813440A4683F81424FB68D3F848
:10AAF8000C345A1CFB68C3F80C24FB68D3F80C34DC
:10AB0800B3F5806F0CD3FB68002283F80C24002275
:10AB180083F80D24002283F80E24002283F80F24E2
:10AB280000BFFB6803F61403012219467868FAF798
:10AB3800EDFE0346002BF4D100E000BF1037BD4600
:10AB480080BD80B582B000AF786039607B68D3F88B
:10AB58000C247B68D3F810349A422AD07B68D3F847
:10AB680010347A68134493F814243B681A707B688D
:10AB7800D3F810345A1C7B68C3F810247B68D3F8C8
:10AB88001034B3F5806F0CD37B68002283F810244F
:10AB9800002283F81124002283F81224002283F86B
:10ABA80013247B6803F624031846FFF7FCFD0123F2
:10ABB80006E07B6803F624031846FFF722FE00230D
:10ABC80018460837BD4680BD80B485B000AF03463F
:10ABD800B9607A60FB7300BF1437BD465DF8047B2B
:10ABE800704780B485B000AF0346B9607A60FB73E4
:10ABF80000BF1437BD465DF8047B704780B485B04C
:10AC080000AF0346B9607A60FB7300BF1437BD46D6
:10AC18005DF8047B704780B485B000AF0346B96027
:10AC28007A60FB7300BF1437BD465DF8047B70473C
:10AC380080B485B000AF0346B9607A60FB7300BF8B
:10AC48001437BD465DF8047B704780B485B000AF0B
:10AC58000346B9607A60FB7300BF1437BD465DF8E0
:10AC6800047B704780B485B000AF0346B9607A6052
:10AC7800FB7300BF1437BD465DF8047B704780B492
:10AC880085B000AF0346B9607A60FB7300BF143724
:10AC9800BD465DF8047B704780B485B000AF0346BD
:10ACA800B9607A60FB7300BF1437BD465DF8047B5A
:10ACB800704790B589B006AF0446084611461A4653
:10ACC8002346FB710346BB710B467B7113463B71F0
:10ACD8007979BA793B7F04933B7E039301230293EE
:10ACE800062301933B7900930B460421002001F0D1
:10ACF8008BFC0446386A01F0B3FB0246FB79214617
:10AD0800184601F0ABFA00BF0C37BD4690BD80B4C1
:10AD180085B000AF0346B9607A60FB7300BF143793
:10AD2800BD465DF8047B704780B485B000AF03462C
:10AD3800B9607A60FB7300BF1437BD465DF8047BC9
:10AD4800704780B485B000AF0346B9607A60FB7382
:10AD580000BF1437BD465DF8047B704780B485B0EA
:10AD680000AF0346B9607A60FB7300BF1437BD4675
:10AD78005DF8047B704780B485B000AF0346B960C6
:10AD88007A60FB7300BF1437BD465DF8047B7047DB
:10AD980080B485B000AF0346B9607A60FB7300BF2A
:10ADA8001437BD465DF8047B704780B485B000AFAA
:10ADB8000346B9607A60FB7300BF1437BD465DF87F
:10ADC800047B704780B485B000AF0346B9607A60F1
:10ADD800FB7300BF1437BD465DF8047B704790B520
:10ADE80089B006AF0446084611461A462346FB7149
:10ADF8000346BB710B467B7113463B717979BA796F
:10AE08003B7F04933B7E039300230293002301932B
:10AE18003B7900930B460021002001F0F5FB044626
:10AE280001F030FB0246FB792146184601F016FA7C
:10AE380000BF0C37BD4690BD80B485B000AF034657
:10AE4800B9607A60FB7300BF1437BD465DF8047BB8
:10AE5800704780B485B000AF0346B9607A60FB7371
:10AE680000BF1437BD465DF8047B704790B589B0C4
:10AE780006AF0446084611461A462346FB710346A8
:10AE8800BB710B467B7113463B717979BA793B7F6D
:10AE980004933B7E039301230293002301933B79A0
:10AEA80000930B460721012001F0AEFB0446BB8D41
:10AEB8003A8DB98C97F8200001F0EEFA0246FB793A
:10AEC8002146184601F0CAF900BF0C37BD4690BDAF
:10AED80080B485B000AF0346B9607A60FB7300BFE9
:10AEE8001437BD465DF8047B704780B485B000AF69
:10AEF8000346B9607A60FB7300BF1437BD465DF83E
:10AF0800047B704780B485B000AF0346B9607A60AF
:10AF1800FB7300BF1437BD465DF8047B704780B4EF
:10AF280085B000AF0346B9607A60FB7300BF143781
:10AF3800BD465DF8047B704780B485B000AF03461A
:10AF4800B9607A60FB7300BF1437BD465DF8047BB7
:10AF5800704790B589B006AF0446084611461A46B0
:10AF68002346FB710346BB710B467B7113463B714D
:10AF78007979BA793B7F04933B7E03930323029349
:10AF8800002301933B7900930B460221002001F036
:10AF98003BFB044697F8242097F8203011461846C2
:10AFA80001F0A2FA0246FB792146184601F056F94B
:10AFB80000BF0C37BD4690BD90B589B006AF0446BA
:10AFC800084611461A462346FB710346BB710B46D9
:10AFD8007B7113463B717979BA793B7F04933B7E49
:10AFE800039303230293002301933B7900930B46B9
:10AFF8000221012001F008FB044697F8242097F865
:10B0080020301146184601F089FA0246FB7921469C
:10B01800184601F023F900BF0C37BD4690BD80B437
:10B0280085B000AF0346B9607A60FB7300BF143780
:10B03800BD465DF8047B704790B589B006AF0446FD
:10B04800084611461A462346FB710346BB710B4658
:10B058007B7113463B717979BA793B7F04933B7EC8
:10B06800039304230293002301933B7900930B4637
:10B078000421002001F0C8FA0446386A01F068FA91
:10B088000246FB792146184601F0E8F800BF0C3764
:10B09800BD4690BD90B589B006AF04460846114636
:10B0A8001A462346FB710346BB710B467B71134658
:10B0B8003B717979BA793B7F04933B7E03930423F0
:10B0C8000293002301933B7900930B46042101204E
:10B0D80001F09AFA0446386A01F04CFA0246FB7904
:10B0E8002146184601F0BAF800BF0C37BD4690BD9E
:10B0F80080B485B000AF0346B9607A60FB7300BFC7
:10B108001437BD465DF8047B704780B485B000AF46
:10B118000346B9607A60FB7300BF1437BD465DF81B
:10B12800047B704790B589B006AF044608461146BF
:10B138001A462346FB710346BB710B467B711346C7
:10B148003B717979BA793B7F04933B7E039305235E
:10B158000293002301933B7900930B4601210120C0
:10B1680001F052FA044697F82030184601F014FA14
:10B178000246FB792146184601F070F800BF0C37EB
:10B18800BD4690BD80B485B000AF0346B9607A6013
:10B19800FB7300BF1437BD465DF8047B704790B55C
:10B1A80089B006AF0446084611461A462346FB7185
:10B1B8000346BB710B467B7113463B717979BA79AB
:10B1C8003B7F04933B7E0393062302930023019362
:10B1D8003B7900930B460021012001F015FA044643
:10B1E80001F0EEF90246FB792146184601F036F8DF
:10B1F80000BF0C37BD4690BD80B485B000AF034694
:10B20800B9607A60FB7300BF1437BD465DF8047BF4
:10B21800704780B485B000AF0346B9607A60FB73AD
:10B2280000BF1437BD465DF8047B704780B485B015
:10B2380000AF0346B9607A60FB7300BF1437BD46A0
:10B248005DF8047B704780B485B000AF0346B960F1
:10B258007A60FB7300BF1437BD465DF8047B704706
:10B2680080B485B000AF0346B9607A60FB7300BF55
:10B278001437BD465DF8047B704780B485B000AFD5
:10B288000346B9607A60FB7300BF1437BD465DF8AA
:10B29800047B704780B485B000AF0346B9607A601C
:10B2A800FB7300BF1437BD465DF8047B704780B45C
:10B2B80085B000AF0346B9607A60FB7300BF1437EE
:10B2C800BD465DF8047B704780B485B000AF034687
:10B2D800B9607A60FB7300BF1437BD465DF8047B24
:10B2E800704780B485B000AF0346B9607A60FB73DD
:10B2F80000BF1437BD465DF8047B704780B485B045
:10B3080000AF0346B9607A60FB7300BF1437BD46CF
:10B318005DF8047B704780B485B000AF0346B96020
:10B328007A60FB7300BF1437BD465DF8047B704735
:10B3380080B485B000AF0346B9607A60FB7300BF84
:10B348001437BD465DF8047B704780B485B000AF04
:10B358000346B9607A60FB7300BF1437BD465DF8D9
:10B36800047B704780B485B000AF0346B9607A604B
:10B37800FB7300BF1437BD465DF8047B704780B48B
:10B3880085B000AF0346B9607A60FB7300BF14371D
:10B39800BD465DF8047B704780B485B000AF0346B6
:10B3A800B9607A60FB7300BF1437BD465DF8047B53
:10B3B800704780B485B000AF0346B9607A60FB730C
:10B3C80000BF1437BD465DF8047B704780B485B074
:10B3D80000AF0346B9607A60FB7300BF1437BD46FF
:10B3E8005DF8047B704780B485B000AF0346B96050
:10B3F8007A60FB7300BF1437BD465DF8047B704765
:10B4080080B485B000AF0346B9607A60FB7300BFB3
:10B418001437BD465DF8047B704780B485B000AF33
:10B428000346B9607A60FB7300BF1437BD465DF808
:10B43800047B704780B485B000AF0346B9607A607A
:10B44800FB7300BF1437BD465DF8047B704780B4BA
:10B4580085B000AF0346B9607A60FB7300BF14374C
:10B46800BD465DF8047B704780B485B000AF0346E5
:10B47800B9607A60FB7300BF1437BD465DF8047B82
:10B48800704780B485B000AF0346B9607A60FB733B
:10B4980000BF1437BD465DF8047B704780B485B0A3
:10B4A80000AF0346B9607A60FB7300BF1437BD462E
:10B4B8005DF8047B704780B485B000AF0346B9607F
:10B4C8007A60FB7300BF1437BD465DF8047B704794
:10B4D80080B485B000AF0346B9607A60FB7300BFE3
:10B4E8001437BD465DF8047B704780B485B000AF63
:10B4F8000346B9607A60FB7300BF1437BD465DF838
:10B50800047B704780B485B000AF0346B9607A60A9
:10B51800FB7300BF1437BD465DF8047B704780B4E9
:10B5280085B000AF0346B9607A60FB7300BF14377B
:10B53800BD465DF8047B704780B485B000AF034614
:10B54800B9607A60FB7300BF1437BD465DF8047BB1
:10B55800704780B485B000AF0346B9607A60FB736A
:10B5680000BF1437BD465DF8047B704780B485B0D2
:10B5780000AF0346B9607A60FB7300BF1437BD465D
:10B588005DF8047B704780B485B000AF0346B960AE
:10B598007A60FB7300BF1437BD465DF8047B7047C3
:10B5A80080B485B000AF0346B9607A60FB7300BF12
:10B5B8001437BD465DF8047B704780B485B000AF92
:10B5C8000346B9607A60FB7300BF1437BD465DF867
:10B5D800047B704780B485B000AF0346B9607A60D9
:10B5E800FB7300BF1437BD465DF8047B704780B419
:10B5F80085B000AF0346B9607A60FB7300BF1437AB
:10B60800BD465DF8047B704780B485B000AF034643
:10B61800B9607A60FB7300BF1437BD465DF8047BE0
:10B62800704780B485B000AF0346B9607A60FB7399
:10B6380000BF1437BD465DF8047B704780B485B001
:10B6480000AF0346B9607A60FB7300BF1437BD468C
:10B658005DF8047B704780B485B000AF0346B960DD
:10B668007A60FB7300BF1437BD465DF8047B7047F2
:10B6780080B485B000AF0346B9607A60FB7300BF41
:10B688001437BD465DF8047B704780B485B000AFC1
:10B698000346B9607A60FB7300BF1437BD465DF896
:10B6A800047B704780B485B000AF0346B9607A6008
:10B6B800FB7300BF1437BD465DF8047B704780B448
:10B6C80085B000AF0346B9607A60FB7300BF1437DA
:10B6D800BD465DF8047B704780B485B000AF034673
:10B6E800B9607A60FB7300BF1437BD465DF8047B10
:10B6F800704780B485B000AF0346B9607A60FB73C9
:10B7080000BF1437BD465DF8047B704780B485B030
:10B7180000AF0346B9607A60FB7300BF1437BD46BB
:10B728005DF8047B704780B485B000AF0346B9600C
:10B738007A60FB7300BF1437BD465DF8047B704721
:10B7480080B485B000AF0346B9607A60FB7300BF70
:10B758001437BD465DF8047B704780B485B000AFF0
:10B768000346B9607A60FB7300BF1437BD465DF8C5
:10B77800047B704790B589B006AF04460846114669
:10B788001A462346FB710346BB710B467B71134671
:10B798003B717979BA793B7F04933B7E039300230D
:10B7A8000293052301933B7900930B460221002065
:10B7B80000F02AFF044697F8242097F82030114615
:10B7C800184600F007FF0246FB792146184600F0AC
:10B7D80045FD00BF0C37BD4690BD80B485B000AFB5
:10B7E8000346B9607A60FB7300BF1437BD465DF845
:10B7F800047B704780B485B000AF0346B9607A60B7
:10B80800FB7300BF1437BD465DF8047B704780B4F6
:10B8180085B000AF0346B9607A60FB7300BF143788
:10B82800BD465DF8047B704780B483B000AF786094
:10B838000F4B1B780E4A9B01134404337A681A6035
:10B848000B4B1B7818460A4B1978094A8301134495
:10B8580008330A461A70064B1B780133DAB2044BD8
:10B868001A7000BF0C37BD465DF8047B704700BFF7
:10B8780070DC002080B483B000AF0346FB71044A3B
:10B88800FB79537000BF0C37BD465DF8047B7047E9
:10B898004CDC002080B485B000AF03460A46FB713B
:10B8A8001346BB710023FB6011E0FB68DAB20D4B55
:10B8B8001B78591CC8B20B4908701946FB79134408
:10B8C800DAB2084B0B449A70FB680133FB60BB7912
:10B8D800FA689A42E9DB00BF00BF1437BD465DF83D
:10B8E800047B70474CDC002080B400AFFEE700000A
:10B8F80080B483B000AF78600B467B8013467B70C2
:10B908001F4B1B78002B34D11D4B1B7819461C4A42
:10B918000B465B000B449B001344013301221A7051
:10B92800174B1B781946164A0B465B000B449B00C5
:10B9380013447A68C3F80220114B1B781946104A41
:10B948000B465B000B449B00134406337A881A802D
:10B958000B4B1B785A1CD1B2094A11701946084A78
:10B968000B465B000B449B00134408337A781A702B
:10B9780000E000BF0C37BD465DF8047B704700BF90
:10B98800B8F6002090B583B000AF0346FB71FB7991
:10B99800002B65D1FA79344913465B0013449B00A8
:10B9A8000B4401331B78002B5BD0FA792E491346E0
:10B9B8005B0013449B000B4408331B78002B21D1F8
:10B9C800FA79294913465B0013449B000B44D3F8CA
:10B9D80002305969FA79244813465B0013449B00E6
:10B9E800034406331B88DB431C46FA791E4813467A
:10B9F8005B0013449B000344D3F8023001EA0402BD
:10BA08005A611FE0FA79184913465B0013449B00FA
:10BA18000B44D3F802305969FA79134813465B008E
:10BA280013449B00034406331B881C46FA790E48CE
:10BA380013465B0013449B000344D3F8023041EAE9
:10BA480004025A61FC79F6F7ABF902460649234627
:10BA58005B0023449B000B440833C3F8012000E03B
:10BA680000BF0C37BD4690BDB8F6002090B583B036
:10BA780000AF00237B6069E03A497A6813465B00AF
:10BA880013449B000B4401331B78002B5BD03549D2
:10BA98007A6813465B0013449B000B440833D3F8C1
:10BAA8000140F6F77DF903469C424CD02D497A684F
:10BAB80013465B0013449B000B4408331B78002B90
:10BAC80020D128497A6813465B0013449B000B4435
:10BAD800D3F80230596923487A6813465B00134447
:10BAE8009B00034406331B881C461E487A6813468D
:10BAF8005B0013449B000344D3F8023041EA04027C
:10BB08005A6120E017497A6813465B0013449B008A
:10BB18000B44D3F80230596912487A6813465B001F
:10BB280013449B00034406331B88DB431C460D4823
:10BB38007A6813465B0013449B000344D3F8023031
:10BB480001EA04025A617B6801337B60054B1B786C
:10BB58001A467B6893428FDB00BF00BF0C37BD4697
:10BB680090BD00BFB8F6002080B483B000AF034694
:10BB7800FB71FB79174941F6042203FB02F20A44E0
:10BB880002321288013290B2124A41F6042101FBB6
:10BB980003F31344023302461A80FB790D4A41F637
:10BBA800042101FB03F3134402331B88B3F5007F20
:10BBB80009D3FB79074A41F6042101FB03F3134437
:10BBC800023300221A8000BF0C37BD465DF8047BA3
:10BBD800704700BFB4DC002080B483B000AF0346D8
:10BBE800FB71FB791F4A41F6042101FB03F313445F
:10BBF8001A88FB791B4941F6042000FB03F30B4428
:10BC080002331B889A4226D0FB79164941F6042252
:10BC180003FB02F20A441288013290B2114A41F63B
:10BC2800042101FB03F3134402461A80FB790D4AF1
:10BC380041F6042101FB03F313441B88B3F5007F8D
:10BC48000AD3FB79074A41F6042101FB03F31344A5
:10BC580000221A8000E000BF0C37BD465DF8047B67
:10BC6800704700BFB4DC002080B483B000AF7860B8
:10BC780000BF0C37BD465DF8047B704790B585B0B2
:10BC880000AF78600023FB6073E07B681A683F4967
:10BC9800FB689B010B4404331B681B689A4265D1FF
:10BCA800FB689B010833394A1344191D384AFB685D
:10BCB80041F6042000FB03F3134402331B8803F509
:10BCC800A073DA00FB6841F6042000FB03F3134479
:10BCD8002F4A134404330A4600217868F6F79CFB80
:10BCE8000346002B01D0FFF7FFFD284AFB689B01A4
:10BCF80013441C331C68264AFB6841F6042101FBE7
:10BD080003F3134402331B881846E4B22049FA6847
:10BD180003469B00034441F6042000FB02F213444F
:10BD28000B44043322461A70194AFB6841F6042171
:10BD380001FB03F3134402331B881C46134AFB68B8
:10BD48009B01134410331A681148F96823469B0075
:10BD5800234441F6042404FB01F10B440344C3F8D3
:10BD68000520FB68DBB21846FFF7FEFEFB680133CF
:10BD7800FB60064B1B781A46FB68934285DB7868A4
:10BD8800FFF772FF00BF1437BD4690BD70DC00207E
:10BD9800B4DC002090B585B000AF0023FB609DE0C7
:10BDA800554AFB6841F6042101FB03F313440233AF
:10BDB8001A885149FB6841F6042000FB03F30B4441
:10BDC8001B889A4200F087804B4AFB6841F60421A1
:10BDD80001FB03F313441B881A4613469B001344C4
:10BDE800FA6841F6042101FB02F21344424A134463
:10BDF80004337B607B68DB7803F00C03DBB20C2B2D
:10BE080064D00023BB605BE07B68DB78C3F303137B
:10BE1800DBB21A46394B5B789A4206D07B68DB78EE
:10BE280023F00F03DBB2F02B47D17B685B78C3F3B9
:10BE38000403DBB21946314ABB68134402331B784A
:10BE4800994206D07B685B7803F01F03DBB21F2B97
:10BE580033D1FB68DBB21846FFF794FDFB68D8B214
:10BE6800254AFB6841F6042101FB03F313441B88B0
:10BE78001A4613469B001344FA6841F6042101FB55
:10BE880002F213441C4A1344191D1B4AFB6841F66D
:10BE9800042404FB03F313441B8803F5A073DA009E
:10BEA800FB6841F6042404FB03F31344124A1344C9
:10BEB80004331A4600F032FC08E0BB680133BB606B
:10BEC8000E4B1B781A46BB6893429DDBFB68DBB2BE
:10BED8001846FFF781FEFB680133FB60084B1B78AF
:10BEE8001A46FB689342FFF65BAFFFF7BFFD00BF42
:10BEF8001437BD4690BD00BFB4DC00204CDC0020E8
:10BF080070DC002080B400AFFEE7000080B483B08E
:10BF180000AF78600B467B8013467B701F4B1B7805
:10BF2800002B34D11D4B1B7819461C4A0B465B006D
:10BF38000B449B001344013301221A70174B1B78E2
:10BF48001946164A0B465B000B449B0013447A685B
:10BF5800C3F80220114B1B781946104A0B465B00A8
:10BF68000B449B00134406337A881A800B4B1B78CA
:10BF78005A1CD1B2094A11701946084A0B465B008F
:10BF88000B449B00134408337A781A7000E000BF12
:10BF98000C37BD465DF8047B704700BFDC100120FC
:10BFA80090B583B000AF0346FB71FB79002B65D1D8
:10BFB800FA79344913465B0013449B000B44013360
:10BFC8001B78002B5BD0FA792E4913465B0013448B
:10BFD8009B000B4408331B78002B21D1FA7929499F
:10BFE80013465B0013449B000B44D3F80230596995
:10BFF800FA79244813465B0013449B000344063334
:10C008001B88DB431C46FA791E4813465B00134421
:10C018009B000344D3F8023001EA04025A611FE08E
:10C02800FA79184913465B0013449B000B44D3F874
:10C0380002305969FA79134813465B0013449B0090
:10C04800034406331B881C46FA790E4813465B00E6
:10C0580013449B000344D3F8023041EA04025A61B6
:10C06800FC79F5F79DFE0246064923465B0023440A
:10C078009B000B440833C3F8012000E000BF0C37D5
:10C08800BD4690BDDC10012090B583B000AF002301
:10C098007B6069E03A497A6813465B0013449B0069
:10C0A8000B4401331B78002B5BD035497A68134663
:10C0B8005B0013449B000B440833D3F80140F5F7A9
:10C0C8006FFE03469C424CD02D497A6813465B00AC
:10C0D80013449B000B4408331B78002B20D12849BC
:10C0E8007A6813465B0013449B000B44D3F8023074
:10C0F800596923487A6813465B0013449B0003443C
:10C1080006331B881C461E487A6813465B00134496
:10C118009B000344D3F8023041EA04025A6120E04C
:10C1280017497A6813465B0013449B000B44D3F805
:10C138000230596912487A6813465B0013449B0021
:10C14800034406331B88DB431C460D487A681346B4
:10C158005B0013449B000344D3F8023001EA040255
:10C168005A617B6801337B60054B1B781A467B68F4
:10C1780093428FDB00BF00BF0C37BD4690BD00BFA8
:10C18800DC10012080B483B000AF0346FB71FB795B
:10C19800174941F6042203FB02F20A4402321288CC
:10C1A800013290B2124A41F6042101FB03F3134411
:10C1B800023302461A80FB790D4A41F6042101FB3D
:10C1C80003F3134402331B88B3F5007F09D3FB79CB
:10C1D800074A41F6042101FB03F31344023300220A
:10C1E8001A8000BF0C37BD465DF8047B704700BF5E
:10C1F800C8F6002080B483B000AF0346FB71FB791A
:10C20800154941F6042203FB02F20A44128801325E
:10C2180090B2114A41F6042101FB03F3134402468C
:10C228001A80FB790C4A41F6042101FB03F31344FD
:10C238001B88B3F5007F08D3FB79074A41F6042130
:10C2480001FB03F3134400221A8000BF0C37BD46DC
:10C258005DF8047B704700BFC8F6002080B584B045
:10C2680000AF0346B9607A60FB73FA7BFB7B1E491B
:10C2780041F6042000FB03F30B4402331B881946E4
:10C288000B469B000B4441F6042101FB02F21344C8
:10C29800154A134404330522B968184601F062FAB6
:10C2A800FB7BFA7B104941F6042000FB02F20A44AA
:10C2B8000232128802F5A072D20041F6042101FB75
:10C2C80003F31344084A1344181DBB681B781A4625
:10C2D800796801F047FAFB7B1846FFF753FF00BF68
:10C2E8001037BD4680BD00BFC8F6002090B583B0AA
:10C2F80000AF00237B60A1E0574A7B6841F6042128
:10C3080001FB03F3134402331A8853497B6841F64F
:10C31800042000FB03F30B441B889A4200F08B8037
:10C328004E4A7B689B01134404331B681846F6F792
:10C338003EF80346032B7ED1484A7B689B01134491
:10C34800303304221A60444A7B6841F6042101FB19
:10C3580003F313441B8818463F497A6803469B0039
:10C36800034441F6042000FB02F213440B44043357
:10C378001B781946394A7B689B0113443833196086
:10C38800354A7B6841F6042101FB03F313441B88FB
:10C39800184631497A6803469B00034441F6042055
:10C3A80000FB02F213440B44D3F805202B497B68A9
:10C3B8009B010B442C331A60284A7B689B01134469
:10C3C8003C3300221A70254A7B689B0113440433CE
:10C3D80018687B689B012033204A134403F1080145
:10C3E8001D4A7B6841F6042404FB03F313441B88AD
:10C3F80003F5A073DA007B6841F6042404FB03F319
:10C408001344154A13441A1D7B689B013833134C97
:10C4180023440833F5F7F0FE0346002B01D0FFF75D
:10C4280071FD7B68DBB21846FFF7E4FE7B68DBB280
:10C438001846FFF7B5FD7B6801337B60074B1B7817
:10C448001A467B689342FFF657AFFFF71DFE00BF01
:10C458000C37BD4690BD00BFC8F6002070DC002038
:10C4680080B485B000AF7860054BFB60FB687A68E4
:10C478001A60034B18461437BD465DF8047B7047B5
:10C48800D410012080B400AF024B1846BD465DF8B9
:10C49800047B7047D410012090B484B000AF0446E8
:10C4A800084611461A462346FB710346BB800B46D5
:10C4B8007B8013463B800B4BFB60FB68FA791A7054
:10C4C800FB68BA88A3F80120FB687A88A3F80320E0
:10C4D800FB683A88A3F80520024B18461037BD467A
:10C4E80090BC7047D410012080B485B000AF0346DB
:10C4F8000A46FB711346BB71074BFB60FB68FA7970
:10C508001A70FB68BA795A70034B18461437BD463F
:10C518005DF8047B704700BFD410012080B485B05B
:10C5280000AF03460A46FB711346BB71074BFB601D
:10C53800FB68FA791A70FB68BA795A70034B184687
:10C548001437BD465DF8047B704700BFD410012046
:10C5580080B485B000AF7860054BFB60FB687A68F3
:10C568001A60034B18461437BD465DF8047B7047C4
:10C57800D410012080B485B000AF7860054BFB6013
:10C58800FB687A681A60034B18461437BD465DF895
:10C59800047B7047D410012080B485B000AF0346F7
:10C5A800FB71064BFB60FB68FA791A70034B18465F
:10C5B8001437BD465DF8047B704700BFD4100120D6
:10C5C80080B400AF024B1846BD465DF8047B704747
:10C5D800D410012080B485B000AF03460A46FB7131
:10C5E8001346BB71074BFB60FB68FA791A70FB684E
:10C5F800BA795A70034B18461437BD465DF8047B68
:10C60800704700BFD410012090B482B000AF044638
:10C61800084611461A462346FB710346BB710B4672
:10C628007B7113463B713C4ABB7913707B7903F0ED
:10C638000103D9B2384A137961F3041313713B79B2
:10C6480003F00F03D9B2344A137961F3030313716A
:10C658003B7C03F00F03D9B22F4AD37861F3071359
:10C66800D370FB7903F00303D9B22B4AD37861F373
:10C678008303D3703B7D03F00F03DAB2264B02F03D
:10C6880003018C01997801F03F01084621460143D6
:10C6980099709208D2B202F0030202F00300DA782D
:10C6A80022F00302114602460A43DA703B7E03F089
:10C6B8000F03D9B2184A937861F3850393703B7FCF
:10C6C80003F01F03DAB2144B02F007014C0159784A
:10C6D80001F01F010846214601435970D208D2B221
:10C6E80002F0030202F003009A7822F003021146D6
:10C6F80002460A439A7097F8203003F01F03D9B214
:10C70800054A537861F304035370034B18460837FE
:10C71800BD4690BC704700BFCC10012080B584B0E6
:10C7280000AF0346B9607A60FB73BB689A789209D8
:10C73800D2B2DB7803F003039B001343DBB2092B6F
:10C7480055D801A252F823F079C7000887C7000816
:10C7580095C70008A3C70008B1C70008BFC70008ED
:10C76800CDC70008DBC70008F7C70008E9C70008FD
:10C77800FB7B7A68B968184600F078F937E0FB7BEC
:10C788007A68B968184600F041FE30E0FB7B7A68A9
:10C79800B968184600F0FEFB29E0FB7B7A68B968A7
:10C7A800184600F029F822E0FB7B7A68B968184639
:10C7B80000F065FF1BE0FB7B7A68B968184600F05B
:10C7C80017FF14E0FB7B7A68B968184600F05CF83C
:10C7D8000DE0FB7B7A68B968184600F015FB06E0A7
:10C7E800FB7B7A68B968184600F08DFB00BF00BF74
:10C7F8001037BD4680BD00BF80B584B000AF03468A
:10C80800B9607A60FB73BB689B78C3F38303DBB2C0
:10C81800002B06D1FB7B7A68B968184600F005F84A
:10C8280000BF00BF1037BD4680BD80B584B000AFE3
:10C838000346B9607A60FB73BB68DB78C3F3810396
:10C84800DBB2022B14D0022B19DC002B02D0012BF7
:10C8580007D014E0FB7B7A68B9681846FEF7B4F98C
:10C868000DE0FB7B7A68B9681846FEF7BAF906E06E
:10C87800FB7B7A68B9681846FEF7C0F900BF00BFAD
:10C888001037BD4680BD000080B584B000AF0346B8
:10C89800B9607A60FB73BB689B78C3F38303DBB230
:10C8A800032B27D801A252F823F000BFC5C80008FF
:10C8B800D3C80008E1C80008EFC80008FB7B7A6805
:10C8C800B968184600F01AF814E0FB7B7A68B96872
:10C8D800184600F041F80DE0FB7B7A68B968184605
:10C8E80000F068F806E0FB7B7A68B968184600F043
:10C8F8008FF800BF00BF1037BD4680BD80B584B03B
:10C9080000AF0346B9607A60FB73BB68DB78C3F39A
:10C918008103DBB2022B14D0022B19DC002B02D0CE
:10C92800012B07D014E0FB7B7A68B9681846FEF73C
:10C9380072F90DE0FB7B7A68B9681846FEF778F95A
:10C9480006E0FB7B7A68B9681846FEF77EF900BFF7
:10C9580000BF1037BD4680BD80B584B000AF034628
:10C96800B9607A60FB73BB68DB78C3F38103DBB221
:10C97800022B14D0022B19DC002B02D0012B07D07C
:10C9880014E0FB7B7A68B9681846FEF76BF90DE08E
:10C99800FB7B7A68B9681846FEF771F906E0FB7BFD
:10C9A8007A68B9681846FEF777F900BF00BF1037F4
:10C9B800BD4680BD80B584B000AF0346B9607A60DB
:10C9C800FB73BB68DB78C3F38103DBB2022B14D0A3
:10C9D800022B19DC002B02D0012B07D014E0FB7BC3
:10C9E8007A68B9681846FEF792F90DE0FB7B7A6819
:10C9F800B9681846FEF798F906E0FB7B7A68B968CB
:10CA08001846FEF79EF900BF00BF1037BD4680BD2F
:10CA180080B584B000AF0346B9607A60FB73BB6829
:10CA2800DB78C3F38103DBB2022B14D0022B19DCB1
:10CA3800002B02D0012B07D014E0FB7B7A68B96881
:10CA48001846FAF787FE0DE0FB7B7A68B968184646
:10CA5800FEF784F906E0FB7B7A68B9681846FEF7AA
:10CA68008AF900BF00BF1037BD4680BD80B584B0CD
:10CA780000AF0346B9607A60FB73BB689B78C3F369
:10CA88008303DBB2072B4BD801A252F823F000BF77
:10CA9800B9CA0008C7CA0008D5CA0008E3CA00080E
:10CAA800F1CA0008FFCA00080DCB00081BCB00081C
:10CAB800FB7B7A68B968184600F036F830E0FB7BF3
:10CAC8007A68B968184600F05DF829E0FB7B7A6857
:10CAD800B968184600F084F822E0FB7B7A68B968E8
:10CAE800184600F0ABF81BE0FB7B7A68B96818467B
:10CAF80000F0D2F814E0FB7B7A68B968184600F0B9
:10CB0800F9F80DE0FB7B7A68B968184600F020F95F
:10CB180006E0FB7B7A68B968184600F047F900BF61
:10CB280000BF1037BD4680BD80B584B000AF034656
:10CB3800B9607A60FB73BB68DB78C3F38103DBB24F
:10CB4800022B14D0022B19DC002B02D0012B07D0AA
:10CB580014E0FB7B7A68B9681846FEF719F90DE00E
:10CB6800FB7B7A68B9681846FEF71FF906E0FB7B7D
:10CB78007A68B9681846FEF725F900BF00BF103774
:10CB8800BD4680BD80B584B000AF0346B9607A6009
:10CB9800FB73BB68DB78C3F38103DBB2022B14D0D1
:10CBA800022B19DC002B02D0012B07D014E0FB7BF1
:10CBB8007A68B9681846FAF721F80DE0FB7B7A68BD
:10CBC800B9681846FEF738F906E0FB7B7A68B96859
:10CBD8001846FEF73EF900BF00BF1037BD4680BDBE
:10CBE80080B584B000AF0346B9607A60FB73BB6858
:10CBF800DB78C3F38103DBB2022B14D0022B19DCE0
:10CC0800002B02D0012B07D014E0FB7B7A68B968AF
:10CC18001846FEF75DF90DE0FB7B7A68B96818469F
:10CC2800FEF763F906E0FB7B7A68B9681846FEF7F9
:10CC380069F900BF00BF1037BD4680BD80B584B01C
:10CC480000AF0346B9607A60FB73BB68DB78C3F357
:10CC58008103DBB2022B14D0022B19DC002B02D08B
:10CC6800012B07D014E0FB7B7A68B9681846FEF7F9
:10CC780056F90DE0FB7B7A68B9681846FEF75CF94F
:10CC880006E0FB7B7A68B9681846FAF7F7F900BF3F
:10CC980000BF1037BD4680BD80B584B000AF0346E5
:10CCA800B9607A60FB73BB68DB78C3F38103DBB2DE
:10CCB800022B14D0022B19DC002B02D0012B07D039
:10CCC80014E0FB7B7A68B9681846F9F7EFFF0DE0C6
:10CCD800FB7B7A68B9681846FEF7A1F906E0FB7B8A
:10CCE8007A68B9681846FAF7D5F800BF00BF103758
:10CCF800BD4680BD80B584B000AF0346B9607A6098
:10CD0800FB73BB68DB78C3F38103DBB2022B14D05F
:10CD1800022B19DC002B02D0012B07D014E0FB7B7F
:10CD28007A68B9681846F9F701FF0DE0FB7B7A6865
:10CD3800B9681846FEF7DCF906E0FB7B7A68B96843
:10CD48001846FEF7E2F900BF00BF1037BD4680BDA8
:10CD580080B584B000AF0346B9607A60FB73BB68E6
:10CD6800DB78C3F38103DBB2022B14D0022B19DC6E
:10CD7800002B02D0012B07D014E0FB7B7A68B9683E
:10CD88001846F9F7D1FF0DE0FB7B7A68B9681846B9
:10CD9800FEF7F8F906E0FB7B7A68B9681846F9F7F8
:10CDA800F7FF00BF00BF1037BD4680BD80B584B017
:10CDB80000AF0346B9607A60FB73BB68DB78C3F3E6
:10CDC8008103DBB2022B14D0022B19DC002B02D01A
:10CDD800012B07D014E0FB7B7A68B9681846FEF788
:10CDE8000BFA0DE0FB7B7A68B9681846FEF711FA72
:10CDF80006E0FB7B7A68B9681846FEF717FA00BFA9
:10CE080000BF1037BD4680BD80B584B000AF034673
:10CE1800B9607A60FB73BB689B78C3F38303DBB2AA
:10CE2800002B02D0012B07D00DE0FB7B7A68B96894
:10CE3800184600F00CF806E0FB7B7A68B9681846DB
:10CE480000F033F800BF00BF1037BD4680BD80B585
:10CE580084B000AF0346B9607A60FB73BB68DB78C7
:10CE6800C3F38103DBB2022B14D0022B19DC002B95
:10CE780002D0012B07D014E0FB7B7A68B96818460A
:10CE8800F9F726FC0DE0FB7B7A68B9681846FEF7CF
:10CE9800DAF906E0FB7B7A68B9681846FEF7E0F92C
:10CEA80000BF00BF1037BD4680BD80B584B000AF5D
:10CEB8000346B9607A60FB73BB68DB78C3F3810310
:10CEC800DBB2022B14D0022B19DC002B02D0012B71
:10CED80007D014E0FB7B7A68B9681846FEF7CDF9ED
:10CEE8000DE0FB7B7A68B9681846FEF7D3F906E0CF
:10CEF800FB7B7A68B9681846FEF7D9F900BF00BF0E
:10CF08001037BD4680BD80B584B000AF0346B96018
:10CF18007A60FB73BB689B78C3F38303DBB2002B97
:10CF280006D1FB7B7A68B968184600F005F800BF9F
:10CF380000BF1037BD4680BD80B584B000AF034642
:10CF4800B9607A60FB73BB68DB78C3F38103DBB23B
:10CF5800022B14D0022B19DC002B02D0012B07D096
:10CF680014E0FB7B7A68B9681846FEF7ADF90DE066
:10CF7800FB7B7A68B9681846FEF7B3F906E0FB7BD5
:10CF88007A68B9681846FEF7B9F900BF00BF1037CC
:10CF9800BD4680BD80B584B000AF0346B9607A60F5
:10CFA800FB73BB689B78C3F38303DBB2092B5DD8A3
:10CFB80001A252F823F000BFE9CF0008F7CF00081C
:10CFC80005D0000813D0000821D000082FD0000891
:10CFD8003DD000084BD0000859D0000867D00008A1
:10CFE800FB7B7A68B968184600F044F83EE0FB7BA2
:10CFF8007A68B968184600F06BF837E0FB7B7A6806
:10D00800B968184600F092F830E0FB7B7A68B96896
:10D01800184600F0B9F829E0FB7B7A68B968184629
:10D0280000F0E0F822E0FB7B7A68B968184600F067
:10D0380007F91BE0FB7B7A68B968184600F02EF9FF
:10D0480014E0FB7B7A68B968184600F055F90DE0E2
:10D05800FB7B7A68B968184600F07CF906E0FB7B30
:10D068007A68B968184600F0A3F900BF00BF103706
:10D07800BD4680BD80B584B000AF0346B9607A6014
:10D08800FB73BB68DB78C3F38103DBB2022B14D0DC
:10D09800022B19DC002B02D0012B07D014E0FB7BFC
:10D0A8007A68B9681846FEF736F90DE0FB7B7A68AE
:10D0B800B9681846FEF73CF906E0FB7B7A68B96860
:10D0C8001846FEF742F900BF00BF1037BD4680BDC5
:10D0D80080B584B000AF0346B9607A60FB73BB6863
:10D0E800DB78C3F38103DBB2022B14D0022B19DCEB
:10D0F800002B02D0012B07D014E0FB7B7A68B968BB
:10D108001846FEF72FF90DE0FB7B7A68B9681846D8
:10D11800FEF735F906E0FB7B7A68B9681846FEF732
:10D128003BF900BF00BF1037BD4680BD80B584B055
:10D1380000AF0346B9607A60FB73BB68DB78C3F362
:10D148008103DBB2022B14D0022B19DC002B02D096
:10D15800012B07D014E0FB7B7A68B9681846FEF704
:10D1680028F90DE0FB7B7A68B9681846FEF72EF9B6
:10D1780006E0FB7B7A68B9681846FEF734F900BF09
:10D1880000BF1037BD4680BD80B584B000AF0346F0
:10D19800B9607A60FB73BB68DB78C3F38103DBB2E9
:10D1A800022B14D0022B19DC002B02D0012B07D044
:10D1B80014E0FB7B7A68B9681846FEF721F90DE0A0
:10D1C800FB7B7A68B9681846FEF727F906E0FB7B0F
:10D1D8007A68B9681846FEF72DF900BF00BF103706
:10D1E800BD4680BD80B584B000AF0346B9607A60A3
:10D1F800FB73BB68DB78C3F38103DBB2022B14D06B
:10D20800022B19DC002B02D0012B07D014E0FB7B8A
:10D218007A68B9681846FEF71AF90DE0FB7B7A6858
:10D22800B9681846FEF720F906E0FB7B7A68B9680A
:10D238001846FEF726F900BF00BF1037BD4680BD6F
:10D2480080B584B000AF0346B9607A60FB73BB68F1
:10D25800DB78C3F38103DBB2022B14D0022B19DC79
:10D26800002B02D0012B07D014E0FB7B7A68B96849
:10D278001846FEF713F90DE0FB7B7A68B968184683
:10D28800FEF719F906E0FB7B7A68B9681846FEF7DD
:10D298001FF900BF00BF1037BD4680BD80B584B000
:10D2A80000AF0346B9607A60FB73BB68DB78C3F3F1
:10D2B8008103DBB2022B14D0022B19DC002B02D025
:10D2C800012B07D014E0FB7B7A68B9681846FEF793
:10D2D8000CF90DE0FB7B7A68B9681846FEF712F97D
:10D2E80006E0FB7B7A68B9681846FEF718F900BFB4
:10D2F80000BF1037BD4680BD80B584B000AF03467F
:10D30800B9607A60FB73BB68DB78C3F38103DBB277
:10D31800022B14D0022B19DC002B02D0012B07D0D2
:10D3280014E0FB7B7A68B9681846FEF705F90DE04A
:10D33800FB7B7A68B9681846FEF70BF906E0FB7BB9
:10D348007A68B9681846FEF711F900BF00BF1037B0
:10D35800BD4680BD80B584B000AF0346B9607A6031
:10D36800FB73BB68DB78C3F38103DBB2022B14D0F9
:10D37800022B19DC002B02D0012B07D014E0FB7B19
:10D388007A68B9681846FEF7FEF80DE0FB7B7A6804
:10D39800B9681846FEF704F906E0FB7B7A68B968B5
:10D3A8001846FEF70AF900BF00BF1037BD4680BD1A
:10D3B80080B584B000AF0346B9607A60FB73BB6880
:10D3C800DB78C3F38103DBB2022B14D0022B19DC08
:10D3D800002B02D0012B07D014E0FB7B7A68B968D8
:10D3E8001846FEF7F7F80DE0FB7B7A68B96818462F
:10D3F800FEF7FDF806E0FB7B7A68B9681846FEF789
:10D4080003F900BF00BF1037BD4680BD80B584B0AA
:10D4180000AF0346B9607A60FB73BB689B78C3F3BF
:10D428008303DBB2032B27D801A252F823F000BFF5
:10D4380049D4000857D4000865D4000873D40008FC
:10D44800FB7B7A68B968184600F01AF814E0FB7B91
:10D458007A68B968184600F041F80DE0FB7B7A68F5
:10D46800B968184600F068F806E0FB7B7A68B96886
:10D47800184600F08FF800BF00BF1037BD4680BDCA
:10D4880080B584B000AF0346B9607A60FB73BB68AF
:10D49800DB78C3F38103DBB2022B14D0022B19DC37
:10D4A800002B02D0012B07D014E0FB7B7A68B96807
:10D4B8001846F9F771FB0DE0FB7B7A68B9681846E6
:10D4C800FEF7AFF806E0FB7B7A68B9681846FEF706
:10D4D800B5F800BF00BF1037BD4680BD80B584B029
:10D4E80000AF0346B9607A60FB73BB68DB78C3F3AF
:10D4F8008103DBB2022B14D0022B19DC002B02D0E3
:10D50800012B07D014E0FB7B7A68B9681846FEF750
:10D51800A2F80DE0FB7B7A68B9681846FEF7A8F810
:10D5280006E0FB7B7A68B9681846FEF7AEF800BFDC
:10D5380000BF1037BD4680BD80B584B000AF03463C
:10D54800B9607A60FB73BB68DB78C3F38103DBB235
:10D55800022B14D0022B19DC002B02D0012B07D090
:10D5680014E0FB7B7A68B9681846F9F73DFC0DE0D2
:10D57800FB7B7A68B9681846FEF794F806E0FB7BEF
:10D588007A68B9681846FEF79AF800BF00BF1037E6
:10D59800BD4680BD80B584B000AF0346B9607A60EF
:10D5A800FB73BB68DB78C3F38103DBB2022B14D0B7
:10D5B800022B19DC002B02D0012B07D014E0FB7BD7
:10D5C8007A68B9681846FEF787F80DE0FB7B7A6839
:10D5D800B9681846FEF78DF806E0FB7B7A68B968EB
:10D5E8001846FEF793F800BF00BF1037BD4680BD50
:10D5F80080B584B000AF0346B9607A60FB73BB683E
:10D608009B78C3F38303DBB2002B06D1FB7B7A68DC
:10D61800B968184600F005F800BF00BF1037BD46CE
:10D6280080BD80B584B000AF0346B9607A60FB73F3
:10D63800BB68DB78C3F38103DBB2022B14D0022B67
:10D6480019DC002B02D0012B07D014E0FB7B7A6891
:10D65800B9681846FEF767F80DE0FB7B7A68B96889
:10D668001846FEF76DF806E0FB7B7A68B96818463D
:10D67800FEF773F800BF00BF1037BD4680BD80B508
:10D6880084B000AF0346B9607A60FB73BB689B78CF
:10D69800C3F38303DBB2002B06D1FB7B7A68B9683E
:10D6A800184600F005F800BF00BF1037BD4680BD22
:10D6B80080B584B000AF0346B9607A60FB73BB687D
:10D6C800DB78C3F38103DBB2022B14D0022B19DC05
:10D6D800002B02D0012B07D014E0FB7B7A68B968D5
:10D6E8001846FEF77AF80DE0FB7B7A68B9681846A9
:10D6F800FEF780F806E0FB7B7A68B9681846FEF703
:10D7080086F800BF00BF1037BD4680BD02440346FF
:10D71800934200D1704703F8011BF9E770B50D4D2E
:10D728000D4C641BA4100026A64209D10B4D0C4CCD
:10D7380000F0A6F8641BA4100026A64205D170BD0F
:10D7480055F8043B98470136EEE755F8043B9847EF
:10D758000136F2E7C8DA0008C8DA0008C8DA0008B3
:10D76800CCDA00080A44914200F1FF3300D1704737
:10D7780010B511F8014B03F8014F9142F9D110BDD2
:10D7880051EC100BC1F30A532DE9F041A3F2FF3617
:10D79800132E10EE105A10EE108A0C4631DC002EB3
:10D7A80014DA33A3D3E90023F2F730FD0022002373
:10D7B800F3F772F938B1002C53DA24F0004425430A
:10D7C80052D02D4C00252146284624E02B4F3741C6
:10D7D80001EA070303431ED025A3D3E90023F2F788
:10D7E80015FD00220023F3F757F90028EBD0002C91
:10D7F800BEBF4FF480133341E41824EA0704002520
:10D80800E1E7332E0BDDB6F5806F04D110EE102A58
:10D818000B46F2F7FBFC41EC100BBDE8F081A3F2DC
:10D8280013434FF0FF37DF403842F4D010A3D3E959
:10D838000023F2F7EBFC00220023F3F72DF9002870
:10D84800C1D0002C0ADA142E01D1013406E0C6F149
:10D8580034060123B3401D44A845F6D825EA070538
:10D86800B1E700252C46AEE74FF00044ABE700BF18
:10D878009C7500883CE4377E0000F0BFFFFF0F0076
:10D88800F8B500BFF8BC08BC9E467047F8B500BFA5
:08D89800F8BC08BC9E46704775
:10D8A0000000000000000000010203040607080950
:10D8B0000000000001020304000610160006101606
:10D8C00000002110422063308440A550C660E770FC
:10D8D000088129914AA16BB18CC1ADD1CEE1EFF1A4
:10D8E0003112100273325222B5529442F772D6624C
:10D8F000399318837BB35AA3BDD39CC3FFF3DEE3F4
:10D900006224433420040114E664C774A44485549B
:10D910006AA54BB528850995EEE5CFF5ACC58DD543
:10D920005336722611163006D776F6669556B446EB
:10D930005BB77AA719973887DFF7FEE79DD7BCC793
:10D94000C448E5588668A77840086118022823383B
:10D95000CCC9EDD98EE9AFF9488969990AA92BB9E3
:10D96000F55AD44AB77A966A711A500A333A122A8B
:10D97000FDDBDCCBBFFB9EEB799B588B3BBB1AAB33
:10D98000A66C877CE44CC55C222C033C600C411CDB
:10D99000AEED8FFDECCDCDDD2AAD0BBD688D499D83
:10D9A000977EB66ED55EF44E133E322E511E700E2B
:10D9B0009FFFBEEFDDDFFCCF1BBF3AAF599F788FD3
:10D9C0008891A981CAB1EBA10CD12DC14EF16FE1B3
:10D9D0008010A100C230E3200450254046706760EB
:10D9E000B9839893FBA3DAB33DC31CD37FE35EF303
:10D9F000B1029012F322D23235421452776256723B
:10DA0000EAB5CBA5A89589856EF54FE52CD50DC552
:10DA1000E234C324A014810466744764245405448A
:10DA2000DBA7FAB79987B8975FE77EF71DC73CD7A2
:10DA3000D326F2369106B0165766767615463456DA
:10DA40004CD96DC90EF92FE9C899E9898AB9ABA9F2
:10DA50004458654806782768C018E1088238A3282A
:10DA60007DCB5CDB3FEB1EFBF98BD89BBBAB9ABB42
:10DA7000754A545A376A167AF10AD01AB32A923A7A
:10DA80002EFD0FED6CDD4DCDAABD8BADE89DC98D92
:10DA9000267C076C645C454CA23C832CE01CC10CCA
:10DAA0001FEF3EFF5DCF7CDF9BAFBABFD98FF89FE2
:10DAB000176E367E554E745E932EB23ED10EF01E1A
:08DAC000B430FF7F01000000FB
:04DAC800ED01000864
:04DACC00C901000884
:10DAD0000024F4001000000001010000E338DE41E2
:08DAE000010101010102010234
:0400000508001C894A
:00000001FF
